ISO-10303-21;
HEADER;
FILE_DESCRIPTION (( 'STEP AP214' ),
    '1' );
FILE_NAME ('Push Button.STEP',
    '2021-12-05T12:19:16',
    ( '' ),
    ( '' ),
    'SwSTEP 2.0',
    'SolidWorks 2020',
    '' );
FILE_SCHEMA (( 'AUTOMOTIVE_DESIGN' ));
ENDSEC;

DATA;
#1 = CARTESIAN_POINT ( 'NONE',  ( -3.799999999999999378, 2.200000000000001066, -14.80000000000000071 ) ) ;
#2 = CARTESIAN_POINT ( 'NONE',  ( 0.000000000000000000, 0.000000000000000000, 7.600000000000000533 ) ) ;
#3 = DIRECTION ( 'NONE',  ( -0.000000000000000000, -0.000000000000000000, 1.000000000000000000 ) ) ;
#4 = DIRECTION ( 'NONE',  ( -1.971276677246371519E-16, -1.000000000000000000, 0.000000000000000000 ) ) ;
#5 = ADVANCED_FACE ( 'NONE', ( #902 ), #1087, .F. ) ;
#6 = EDGE_LOOP ( 'NONE', ( #1371, #905, #166, #112 ) ) ;
#7 = EDGE_LOOP ( 'NONE', ( #60, #1660, #1935, #301 ) ) ;
#8 = DIRECTION ( 'NONE',  ( 0.5000000000000001110, -0.8660254037844385966, 0.000000000000000000 ) ) ;
#9 = MECHANICAL_DESIGN_GEOMETRIC_PRESENTATION_REPRESENTATION (  '', ( #1311 ), #407 ) ;
#10 = EDGE_LOOP ( 'NONE', ( #1618, #1420, #519, #1518 ) ) ;
#11 = DIRECTION ( 'NONE',  ( 0.000000000000000000, 0.000000000000000000, 1.000000000000000000 ) ) ;
#12 = EDGE_LOOP ( 'NONE', ( #333, #2250, #759, #2067 ) ) ;
#13 = VECTOR ( 'NONE', #1895, 1000.000000000000000 ) ;
#14 = DIRECTION ( 'NONE',  ( 1.000000000000000000, 0.000000000000000000, 0.000000000000000000 ) ) ;
#15 = PRESENTATION_STYLE_ASSIGNMENT (( #732 ) ) ;
#16 =( NAMED_UNIT ( * ) PLANE_ANGLE_UNIT ( ) SI_UNIT ( $, .RADIAN. ) );
#17 = PLANE ( 'NONE',  #2210 ) ;
#18 = CIRCLE ( 'NONE', #691, 6.300000000000003375 ) ;
#19 = ORIENTED_EDGE ( 'NONE', *, *, #400, .F. ) ;
#20 = ADVANCED_FACE ( 'NONE', ( #1075, #527, #1998 ), #17, .F. ) ;
#21 = CARTESIAN_POINT ( 'NONE',  ( 0.000000000000000000, 0.000000000000000000, 5.300000000000000711 ) ) ;
#22 = ORIENTED_EDGE ( 'NONE', *, *, #617, .T. ) ;
#23 = EDGE_CURVE ( 'NONE', #856, #1835, #1612, .T. ) ;
#24 = ADVANCED_FACE ( 'NONE', ( #354 ), #202, .F. ) ;
#25 =( GEOMETRIC_REPRESENTATION_CONTEXT ( 3 ) GLOBAL_UNCERTAINTY_ASSIGNED_CONTEXT ( ( #1282 ) ) GLOBAL_UNIT_ASSIGNED_CONTEXT ( ( #1937, #1755, #2126 ) ) REPRESENTATION_CONTEXT ( 'NONE', 'WORKASPACE' ) );
#26 = DIRECTION ( 'NONE',  ( -0.9848077530122062440, -0.1736481776669404620, 0.000000000000000000 ) ) ;
#27 = CARTESIAN_POINT ( 'NONE',  ( -18.02198188012341262, 3.177761651304769508, 6.387488034358232980 ) ) ;
#28 = CARTESIAN_POINT ( 'NONE',  ( 7.050000000000034461, -4.070319397786794191, 6.387488034358232980 ) ) ;
#29 = DIRECTION ( 'NONE',  ( 0.8660254037844432595, -0.4999999999999919509, 0.000000000000000000 ) ) ;
#30 = DIRECTION ( 'NONE',  ( 0.000000000000000000, 0.000000000000000000, 1.000000000000000000 ) ) ;
#31 =( GEOMETRIC_REPRESENTATION_CONTEXT ( 3 ) GLOBAL_UNCERTAINTY_ASSIGNED_CONTEXT ( ( #2281 ) ) GLOBAL_UNIT_ASSIGNED_CONTEXT ( ( #808, #1343, #1538 ) ) REPRESENTATION_CONTEXT ( 'NONE', 'WORKASPACE' ) );
#32 = LINE ( 'NONE', #1464, #1931 ) ;
#33 = VECTOR ( 'NONE', #693, 1000.000000000000227 ) ;
#34 = ORIENTED_EDGE ( 'NONE', *, *, #789, .F. ) ;
#35 = PLANE ( 'NONE',  #2043 ) ;
#36 = ADVANCED_FACE ( 'NONE', ( #1430 ), #2157, .T. ) ;
#37 = CARTESIAN_POINT ( 'NONE',  ( -8.095713690765368398, -1.599111480253982531, 7.225329828040170099 ) ) ;
#38 = PLANE ( 'NONE',  #2031 ) ;
#39 = UNCERTAINTY_MEASURE_WITH_UNIT (LENGTH_MEASURE( 1.000000000000000082E-05 ), #434, 'distance_accuracy_value', 'NONE');
#40 = ORIENTED_EDGE ( 'NONE', *, *, #1640, .F. ) ;
#41 = CARTESIAN_POINT ( 'NONE',  ( 3.799999999999999822, -8.673617379884035472E-16, -14.80000000000000071 ) ) ;
#42 = CARTESIAN_POINT ( 'NONE',  ( 7.150000000000000355, 8.756224613903575518E-16, 11.60000000000000142 ) ) ;
#43 = DIRECTION ( 'NONE',  ( 0.000000000000000000, 0.000000000000000000, 1.000000000000000000 ) ) ;
#44 =( NAMED_UNIT ( * ) SI_UNIT ( $, .STERADIAN. ) SOLID_ANGLE_UNIT ( ) );
#45 = LINE ( 'NONE', #1655, #1358 ) ;
#46 = EDGE_CURVE ( 'NONE', #343, #1542, #1635, .T. ) ;
#47 = CARTESIAN_POINT ( 'NONE',  ( 0.000000000000000000, 0.000000000000000000, -14.80000000000000071 ) ) ;
#48 = PRESENTATION_STYLE_ASSIGNMENT (( #2012 ) ) ;
#49 = SHAPE_DEFINITION_REPRESENTATION ( #1581, #1886 ) ;
#50 = ORIENTED_EDGE ( 'NONE', *, *, #1611, .T. ) ;
#51 = CARTESIAN_POINT ( 'NONE',  ( -1.599198204416119040E-15, 8.140638795573721609, 5.300000000000000711 ) ) ;
#52 = AXIS2_PLACEMENT_3D ( 'NONE', #2155, #410, #432 ) ;
#53 = LINE ( 'NONE', #762, #1982 ) ;
#54 = VECTOR ( 'NONE', #363, 1000.000000000000000 ) ;
#55 = CARTESIAN_POINT ( 'NONE',  ( 0.000000000000000000, 0.000000000000000000, 5.300000000000000711 ) ) ;
#56 = DIRECTION ( 'NONE',  ( 0.000000000000000000, 0.000000000000000000, 1.000000000000000000 ) ) ;
#57 = CARTESIAN_POINT ( 'NONE',  ( -1.658021349694026148, 6.238828880033217672, 7.249599426207306685 ) ) ;
#58 = DIRECTION ( 'NONE',  ( 1.000000000000000000, 0.000000000000000000, 0.000000000000000000 ) ) ;
#59 = ADVANCED_FACE ( 'NONE', ( #541 ), #734, .F. ) ;
#60 = ORIENTED_EDGE ( 'NONE', *, *, #1754, .F. ) ;
#61 = VECTOR ( 'NONE', #43, 1000.000000000000000 ) ;
#62 = LINE ( 'NONE', #568, #1733 ) ;
#63 = DIRECTION ( 'NONE',  ( -0.000000000000000000, -0.000000000000000000, -1.000000000000000000 ) ) ;
#64 = DIRECTION ( 'NONE',  ( 0.000000000000000000, 0.000000000000000000, 1.000000000000000000 ) ) ;
#65 = CARTESIAN_POINT ( 'NONE',  ( 0.000000000000000000, 8.140638795573719833, 7.600000000000000533 ) ) ;
#66 = DIRECTION ( 'NONE',  ( 0.000000000000000000, 0.000000000000000000, 1.000000000000000000 ) ) ;
#67 = VERTEX_POINT ( 'NONE', #1443 ) ;
#68 = EDGE_CURVE ( 'NONE', #1335, #1052, #824, .T. ) ;
#69 = CARTESIAN_POINT ( 'NONE',  ( 0.000000000000000000, 0.000000000000000000, -0.7999999999999986011 ) ) ;
#70 = CARTESIAN_POINT ( 'NONE',  ( 2.952207032578676671, -2.477195832195679071, 7.600000000000000533 ) ) ;
#71 =( LENGTH_UNIT ( ) NAMED_UNIT ( * ) SI_UNIT ( .MILLI., .METRE. ) );
#72 = CARTESIAN_POINT ( 'NONE',  ( 0.000000000000000000, 0.000000000000000000, 1.400000000000001021 ) ) ;
#73 = CARTESIAN_POINT ( 'NONE',  ( 0.000000000000000000, 0.000000000000000000, 1.400000000000001021 ) ) ;
#74 = ORIENTED_EDGE ( 'NONE', *, *, #397, .T. ) ;
#75 = VECTOR ( 'NONE', #881, 1000.000000000000000 ) ;
#76 = ORIENTED_EDGE ( 'NONE', *, *, #1977, .F. ) ;
#77 = CARTESIAN_POINT ( 'NONE',  ( 0.000000000000000000, 0.000000000000000000, 7.600000000000000533 ) ) ;
#78 = AXIS2_PLACEMENT_3D ( 'NONE', #139, #1763, #1251 ) ;
#79 = ADVANCED_FACE ( 'NONE', ( #1418 ), #1281, .F. ) ;
#80 = EDGE_CURVE ( 'NONE', #864, #1031, #2209, .T. ) ;
#81 = CARTESIAN_POINT ( 'NONE',  ( 0.000000000000000000, 0.000000000000000000, 5.300000000000000711 ) ) ;
#82 = ORIENTED_EDGE ( 'NONE', *, *, #122, .T. ) ;
#83 = CARTESIAN_POINT ( 'NONE',  ( 0.000000000000000000, 0.000000000000000000, 5.300000000000000711 ) ) ;
#84 = ADVANCED_FACE ( 'NONE', ( #1771 ), #38, .T. ) ;
#85 = DIRECTION ( 'NONE',  ( -0.8660254037844363761, -0.5000000000000039968, 0.000000000000000000 ) ) ;
#86 = CIRCLE ( 'NONE', #1109, 5.900000000000001243 ) ;
#87 = VECTOR ( 'NONE', #2106, 1000.000000000000000 ) ;
#88 = VERTEX_POINT ( 'NONE', #423 ) ;
#89 = AXIS2_PLACEMENT_3D ( 'NONE', #47, #2023, #1621 ) ;
#90 = VERTEX_POINT ( 'NONE', #65 ) ;
#91 = ORIENTED_EDGE ( 'NONE', *, *, #904, .F. ) ;
#92 = CARTESIAN_POINT ( 'NONE',  ( -3.799999999999999822, 8.673617379884035472E-16, -14.80000000000000071 ) ) ;
#93 = CARTESIAN_POINT ( 'NONE',  ( -7.049999999999999822, 4.070319397786860804, 5.300000000000000711 ) ) ;
#94 = ORIENTED_EDGE ( 'NONE', *, *, #1656, .T. ) ;
#95 = CARTESIAN_POINT ( 'NONE',  ( 7.049999999999997158, 4.070319397786859028, 1.400000000000001021 ) ) ;
#96 = ADVANCED_FACE ( 'NONE', ( #1119 ), #1292, .F. ) ;
#97 = CARTESIAN_POINT ( 'NONE',  ( 6.300000000000003375, 0.3669851123056240838, 6.617974025001939431 ) ) ;
#98 = LINE ( 'NONE', #435, #2280 ) ;
#99 = ORIENTED_EDGE ( 'NONE', *, *, #1893, .T. ) ;
#100 = EDGE_LOOP ( 'NONE', ( #263, #344, #586, #2136 ) ) ;
#101 = EDGE_LOOP ( 'NONE', ( #466, #1876 ) ) ;
#102 = PRESENTATION_STYLE_ASSIGNMENT (( #1190 ) ) ;
#103 = DIRECTION ( 'NONE',  ( 0.000000000000000000, 0.000000000000000000, 1.000000000000000000 ) ) ;
#104 = ORIENTED_EDGE ( 'NONE', *, *, #1113, .F. ) ;
#105 = LINE ( 'NONE', #2101, #2093 ) ;
#106 = EDGE_CURVE ( 'NONE', #875, #182, #1721, .T. ) ;
#107 = FACE_OUTER_BOUND ( 'NONE', #281, .T. ) ;
#108 = AXIS2_PLACEMENT_3D ( 'NONE', #221, #584, #1138 ) ;
#109 = ORIENTED_EDGE ( 'NONE', *, *, #1640, .T. ) ;
#110 = VECTOR ( 'NONE', #775, 1000.000000000000114 ) ;
#111 = ORIENTED_EDGE ( 'NONE', *, *, #188, .F. ) ;
#112 = ORIENTED_EDGE ( 'NONE', *, *, #1331, .F. ) ;
#113 = DIRECTION ( 'NONE',  ( 0.000000000000000000, -1.000000000000000000, 0.000000000000000000 ) ) ;
#114 = DIRECTION ( 'NONE',  ( 0.000000000000000000, -0.9551991598850787524, 0.2959637899386338700 ) ) ;
#115 = EDGE_LOOP ( 'NONE', ( #575, #948, #2184, #2270 ) ) ;
#116 = DIRECTION ( 'NONE',  ( 0.000000000000000000, -1.000000000000000000, 0.000000000000000000 ) ) ;
#117 = VECTOR ( 'NONE', #958, 1000.000000000000114 ) ;
#118 = CARTESIAN_POINT ( 'NONE',  ( 4.336808689942017736E-15, -8.140638795573719833, 5.300000000000000711 ) ) ;
#119 = DIRECTION ( 'NONE',  ( 1.000000000000000000, 0.000000000000000000, 0.000000000000000000 ) ) ;
#120 = CARTESIAN_POINT ( 'NONE',  ( 6.155713349593153971, 1.340594330004666102, 7.600000000000000533 ) ) ;
#121 = LINE ( 'NONE', #848, #1470 ) ;
#122 = EDGE_CURVE ( 'NONE', #1474, #627, #636, .T. ) ;
#123 = ORIENTED_EDGE ( 'NONE', *, *, #2190, .T. ) ;
#124 = ORIENTED_EDGE ( 'NONE', *, *, #1678, .F. ) ;
#125 = DIRECTION ( 'NONE',  ( 0.6427876096865299260, 0.7660444431189857850, 0.000000000000000000 ) ) ;
#126 = PRESENTATION_STYLE_ASSIGNMENT (( #1921 ) ) ;
#127 = ORIENTED_EDGE ( 'NONE', *, *, #1810, .T. ) ;
#128 = FACE_OUTER_BOUND ( 'NONE', #1880, .T. ) ;
#129 = AXIS2_PLACEMENT_3D ( 'NONE', #816, #66, #2218 ) ;
#130 = PLANE ( 'NONE',  #796 ) ;
#131 = DIRECTION ( 'NONE',  ( 0.000000000000000000, 0.000000000000000000, 1.000000000000000000 ) ) ;
#132 = CARTESIAN_POINT ( 'NONE',  ( -4.049561941025207723, 4.826079991649558920, 1.400000000000001021 ) ) ;
#133 = LINE ( 'NONE', #1785, #542 ) ;
#134 = AXIS2_PLACEMENT_3D ( 'NONE', #1619, #1805, #14 ) ;
#135 = MANIFOLD_SOLID_BREP ( 'Extrude-Thin1', #1610 ) ;
#136 = ORIENTED_EDGE ( 'NONE', *, *, #505, .F. ) ;
#137 = EDGE_CURVE ( 'NONE', #878, #163, #1132, .T. ) ;
#138 = VERTEX_POINT ( 'NONE', #1648 ) ;
#139 = CARTESIAN_POINT ( 'NONE',  ( 0.000000000000000000, 0.000000000000000000, 7.600000000000000533 ) ) ;
#140 = VERTEX_POINT ( 'NONE', #1862 ) ;
#141 = PLANE ( 'NONE',  #494 ) ;
#142 = CARTESIAN_POINT ( 'NONE',  ( -3.799999999999999822, 8.673617379884035472E-16, -14.80000000000000071 ) ) ;
#143 = CARTESIAN_POINT ( 'NONE',  ( -6.392483749842265972, 5.040451518267239805, 7.600000000000000533 ) ) ;
#144 = DIRECTION ( 'NONE',  ( 1.000000000000000000, 0.000000000000000000, 0.000000000000000000 ) ) ;
#145 = EDGE_LOOP ( 'NONE', ( #2095, #2230, #1796, #415 ) ) ;
#146 = VERTEX_POINT ( 'NONE', #253 ) ;
#147 = DIRECTION ( 'NONE',  ( 0.000000000000000000, 0.000000000000000000, 1.000000000000000000 ) ) ;
#148 = VERTEX_POINT ( 'NONE', #1833 ) ;
#149 = CARTESIAN_POINT ( 'NONE',  ( 2.389156095229632903, -5.829402469604165304, 7.600000000000000533 ) ) ;
#150 = ORIENTED_EDGE ( 'NONE', *, *, #1344, .F. ) ;
#151 = EDGE_CURVE ( 'NONE', #1622, #1061, #1529, .T. ) ;
#152 = ADVANCED_FACE ( 'NONE', ( #757 ), #1482, .F. ) ;
#153 = LINE ( 'NONE', #169, #2015 ) ;
#154 = CARTESIAN_POINT ( 'NONE',  ( 0.000000000000000000, 0.000000000000000000, 9.099999999999999645 ) ) ;
#155 = DIRECTION ( 'NONE',  ( -1.000000000000000000, 0.000000000000000000, 0.000000000000000000 ) ) ;
#156 =( GEOMETRIC_REPRESENTATION_CONTEXT ( 3 ) GLOBAL_UNCERTAINTY_ASSIGNED_CONTEXT ( ( #1636 ) ) GLOBAL_UNIT_ASSIGNED_CONTEXT ( ( #1339, #2047, #1849 ) ) REPRESENTATION_CONTEXT ( 'NONE', 'WORKASPACE' ) );
#157 = DIRECTION ( 'NONE',  ( -0.9848077530122062440, -0.1736481776669404342, 0.000000000000000000 ) ) ;
#158 = VECTOR ( 'NONE', #29, 1000.000000000000000 ) ;
#159 = EDGE_CURVE ( 'NONE', #1436, #1519, #1477, .T. ) ;
#160 = ORIENTED_EDGE ( 'NONE', *, *, #1557, .T. ) ;
#161 = CIRCLE ( 'NONE', #1544, 6.150000000000003020 ) ;
#162 = UNCERTAINTY_MEASURE_WITH_UNIT (LENGTH_MEASURE( 1.000000000000000082E-05 ), #490, 'distance_accuracy_value', 'NONE');
#163 = VERTEX_POINT ( 'NONE', #1912 ) ;
#164 = ORIENTED_EDGE ( 'NONE', *, *, #1046, .T. ) ;
#165 = CARTESIAN_POINT ( 'NONE',  ( -2.799999999999999822, 8.673617379884035472E-16, -14.80000000000000071 ) ) ;
#166 = ORIENTED_EDGE ( 'NONE', *, *, #1294, .T. ) ;
#167 = CARTESIAN_POINT ( 'NONE',  ( 7.561400936284378815, 3.015827561509058619, 7.600000000000000533 ) ) ;
#168 = ORIENTED_EDGE ( 'NONE', *, *, #1124, .F. ) ;
#169 = CARTESIAN_POINT ( 'NONE',  ( 5.900000000000001243, 7.225416114969385180E-16, 9.099999999999999645 ) ) ;
#170 = COLOUR_RGB ( '',1.000000000000000000, 1.000000000000000000, 1.000000000000000000 ) ;
#171 = DIRECTION ( 'NONE',  ( -0.3420201433256630508, -0.9396926207859104263, 0.000000000000000000 ) ) ;
#172 = DIRECTION ( 'NONE',  ( 0.000000000000000000, 0.000000000000000000, -1.000000000000000000 ) ) ;
#173 = ADVANCED_FACE ( 'NONE', ( #2104 ), #1208, .T. ) ;
#174 =( NAMED_UNIT ( * ) SI_UNIT ( $, .STERADIAN. ) SOLID_ANGLE_UNIT ( ) );
#175 = AXIS2_PLACEMENT_3D ( 'NONE', #1928, #1963, #1951 ) ;
#176 = VERTEX_POINT ( 'NONE', #118 ) ;
#177 = AXIS2_PLACEMENT_3D ( 'NONE', #993, #2215, #287 ) ;
#178 = VECTOR ( 'NONE', #2030, 1000.000000000000227 ) ;
#179 = EDGE_LOOP ( 'NONE', ( #1241, #632, #109, #2246 ) ) ;
#180 = VERTEX_POINT ( 'NONE', #653 ) ;
#181 = DIRECTION ( 'NONE',  ( -1.971276677246371519E-16, -1.000000000000000000, 0.000000000000000000 ) ) ;
#182 = VERTEX_POINT ( 'NONE', #845 ) ;
#183 = DIRECTION ( 'NONE',  ( -0.000000000000000000, -0.000000000000000000, -1.000000000000000000 ) ) ;
#184 = ORIENTED_EDGE ( 'NONE', *, *, #740, .F. ) ;
#185 = PLANE ( 'NONE',  #709 ) ;
#186 = SURFACE_STYLE_FILL_AREA ( #1979 ) ;
#187 = LINE ( 'NONE', #2168, #1787 ) ;
#188 = EDGE_CURVE ( 'NONE', #138, #245, #1925, .T. ) ;
#189 = DIRECTION ( 'NONE',  ( 1.000000000000000000, 0.000000000000000000, -0.000000000000000000 ) ) ;
#190 = EDGE_CURVE ( 'NONE', #245, #1262, #1816, .T. ) ;
#191 = ADVANCED_FACE ( 'NONE', ( #1010 ), #130, .T. ) ;
#192 = ORIENTED_EDGE ( 'NONE', *, *, #46, .T. ) ;
#193 = DIRECTION ( 'NONE',  ( 1.000000000000000000, 0.000000000000000000, 0.000000000000000000 ) ) ;
#194 = ORIENTED_EDGE ( 'NONE', *, *, #397, .F. ) ;
#195 = LINE ( 'NONE', #42, #418 ) ;
#196 = CIRCLE ( 'NONE', #389, 6.150000000000003020 ) ;
#197 =( GEOMETRIC_REPRESENTATION_CONTEXT ( 3 ) GLOBAL_UNCERTAINTY_ASSIGNED_CONTEXT ( ( #2119 ) ) GLOBAL_UNIT_ASSIGNED_CONTEXT ( ( #1999, #926, #1667 ) ) REPRESENTATION_CONTEXT ( 'NONE', 'WORKASPACE' ) );
#198 = DIRECTION ( 'NONE',  ( 0.8660254037844384856, -0.5000000000000001110, 0.000000000000000000 ) ) ;
#199 = CARTESIAN_POINT ( 'NONE',  ( 0.000000000000000000, 0.000000000000000000, -0.7999999999999986011 ) ) ;
#200 =( BOUNDED_CURVE ( )  B_SPLINE_CURVE ( 3, ( #1279, #37, #1118, #1608 ),
 .UNSPECIFIED., .F., .T. ) 
 B_SPLINE_CURVE_WITH_KNOTS ( ( 4, 4 ),
 ( 4.219234714496181482, 4.712388980384689674 ),
 .UNSPECIFIED. ) 
 CURVE ( )  GEOMETRIC_REPRESENTATION_ITEM ( )  RATIONAL_B_SPLINE_CURVE ( ( 1.000000000000000000, 0.9798357166840574450, 0.9798357166840574450, 1.000000000000000000 ) ) 
 REPRESENTATION_ITEM ( '' )  );
#201 = DIRECTION ( 'NONE',  ( -0.000000000000000000, -0.000000000000000000, 1.000000000000000000 ) ) ;
#202 = PLANE ( 'NONE',  #2193 ) ;
#203 = VECTOR ( 'NONE', #487, 1000.000000000000000 ) ;
#204 = CIRCLE ( 'NONE', #2118, 1.000000000000000888 ) ;
#205 = DIRECTION ( 'NONE',  ( 0.000000000000000000, 0.000000000000000000, 1.000000000000000000 ) ) ;
#206 = EDGE_CURVE ( 'NONE', #1934, #1956, #1027, .T. ) ;
#207 = ORIENTED_EDGE ( 'NONE', *, *, #1719, .F. ) ;
#208 = STYLED_ITEM ( 'NONE', ( #126 ), #2181 ) ;
#209 = FACE_OUTER_BOUND ( 'NONE', #1035, .T. ) ;
#210 = MECHANICAL_DESIGN_GEOMETRIC_PRESENTATION_REPRESENTATION (  '', ( #1220 ), #2125 ) ;
#211 = DIRECTION ( 'NONE',  ( 0.000000000000000000, 0.000000000000000000, 1.000000000000000000 ) ) ;
#212 = CARTESIAN_POINT ( 'NONE',  ( 3.849999999999999201, 0.000000000000000000, 15.50000000000000000 ) ) ;
#213 = ORIENTED_EDGE ( 'NONE', *, *, #230, .F. ) ;
#214 = ORIENTED_EDGE ( 'NONE', *, *, #408, .T. ) ;
#215 = CARTESIAN_POINT ( 'NONE',  ( -8.016964200352967751, 1.413607091896067480, 7.600000000000000533 ) ) ;
#216 = AXIS2_PLACEMENT_3D ( 'NONE', #1797, #911, #1092 ) ;
#217 = ADVANCED_FACE ( 'NONE', ( #477 ), #1197, .T. ) ;
#218 = CARTESIAN_POINT ( 'NONE',  ( 0.000000000000000000, 0.000000000000000000, 10.60000000000000320 ) ) ;
#219 = PRESENTATION_STYLE_ASSIGNMENT (( #390 ) ) ;
#220 = DIRECTION ( 'NONE',  ( -0.6427876096865403621, 0.7660444431189770143, 0.000000000000000000 ) ) ;
#221 = CARTESIAN_POINT ( 'NONE',  ( 0.000000000000000000, 0.000000000000000000, 7.600000000000000533 ) ) ;
#222 = ORIENTED_EDGE ( 'NONE', *, *, #1332, .F. ) ;
#223 = CARTESIAN_POINT ( 'NONE',  ( 15.84826488925530619, -9.149999999999849365, 7.629833539901325956 ) ) ;
#224 =( NAMED_UNIT ( * ) SI_UNIT ( $, .STERADIAN. ) SOLID_ANGLE_UNIT ( ) );
#225 = DIRECTION ( 'NONE',  ( 0.000000000000000000, 0.000000000000000000, 1.000000000000000000 ) ) ;
#226 = AXIS2_PLACEMENT_3D ( 'NONE', #1674, #265, #2024 ) ;
#227 = DIRECTION ( 'NONE',  ( -0.3420201433256757628, 0.9396926207859058744, 0.000000000000000000 ) ) ;
#228 = FACE_OUTER_BOUND ( 'NONE', #1961, .T. ) ;
#229 = LINE ( 'NONE', #2208, #1483 ) ;
#230 = EDGE_CURVE ( 'NONE', #939, #1570, #1022, .T. ) ;
#231 = EDGE_CURVE ( 'NONE', #634, #2035, #2053, .T. ) ;
#232 = CARTESIAN_POINT ( 'NONE',  ( 0.000000000000000000, 0.000000000000000000, 15.50000000000000000 ) ) ;
#233 = CARTESIAN_POINT ( 'NONE',  ( 0.000000000000000000, 0.000000000000000000, 0.000000000000000000 ) ) ;
#234 = EDGE_LOOP ( 'NONE', ( #687, #1530, #2079, #915 ) ) ;
#235 = CIRCLE ( 'NONE', #1504, 8.140638795573719833 ) ;
#236 = VECTOR ( 'NONE', #402, 1000.000000000000000 ) ;
#237 = DIRECTION ( 'NONE',  ( -0.000000000000000000, -0.000000000000000000, -1.000000000000000000 ) ) ;
#238 = DIRECTION ( 'NONE',  ( -0.000000000000000000, -0.000000000000000000, 1.000000000000000000 ) ) ;
#239 = PLANE ( 'NONE',  #491 ) ;
#240 = CARTESIAN_POINT ( 'NONE',  ( 0.000000000000000000, 0.000000000000000000, -0.7999999999999986011 ) ) ;
#241 = CARTESIAN_POINT ( 'NONE',  ( 0.000000000000000000, 0.000000000000000000, 15.50000000000000000 ) ) ;
#242 = UNCERTAINTY_MEASURE_WITH_UNIT (LENGTH_MEASURE( 1.000000000000000082E-05 ), #1817, 'distance_accuracy_value', 'NONE');
#243 = ADVANCED_FACE ( 'NONE', ( #1038 ), #629, .F. ) ;
#244 = LINE ( 'NONE', #607, #557 ) ;
#245 = VERTEX_POINT ( 'NONE', #1378 ) ;
#246 = APPLICATION_CONTEXT ( 'automotive_design' ) ;
#247 = CIRCLE ( 'NONE', #1556, 6.300000000000003375 ) ;
#248 = CARTESIAN_POINT ( 'NONE',  ( 0.000000000000000000, 0.000000000000000000, 11.60000000000000142 ) ) ;
#249 = AXIS2_PLACEMENT_3D ( 'NONE', #445, #628, #1501 ) ;
#250 = PLANE ( 'NONE',  #1855 ) ;
#251 = FILL_AREA_STYLE_COLOUR ( '', #1847 ) ;
#252 = DIRECTION ( 'NONE',  ( 0.9589665610629027892, 0.000000000000000000, -0.2835191964632902684 ) ) ;
#253 = CARTESIAN_POINT ( 'NONE',  ( 3.799999999999999822, -8.673617379884035472E-16, -9.099999999999999645 ) ) ;
#254 = CARTESIAN_POINT ( 'NONE',  ( -5.900000000000001243, 0.000000000000000000, -9.099999999999999645 ) ) ;
#255 = EDGE_CURVE ( 'NONE', #535, #176, #1170, .T. ) ;
#256 = EDGE_LOOP ( 'NONE', ( #124, #439 ) ) ;
#257 = EDGE_CURVE ( 'NONE', #1382, #1474, #1693, .T. ) ;
#258 = EDGE_CURVE ( 'NONE', #90, #180, #312, .T. ) ;
#259 = EDGE_LOOP ( 'NONE', ( #2286, #867, #1923, #556 ) ) ;
#260 = CARTESIAN_POINT ( 'NONE',  ( -7.049999999999979394, -4.070319397786891003, 7.600000000000000533 ) ) ;
#261 = DIRECTION ( 'NONE',  ( 1.000000000000000000, 0.000000000000000000, 0.000000000000000000 ) ) ;
#262 = DIRECTION ( 'NONE',  ( 0.9721625544249296036, 0.000000000000000000, 0.2343074215085724776 ) ) ;
#263 = ORIENTED_EDGE ( 'NONE', *, *, #680, .T. ) ;
#264 = CARTESIAN_POINT ( 'NONE',  ( 0.000000000000000000, -8.140638795573721609, 1.400000000000001021 ) ) ;
#265 = DIRECTION ( 'NONE',  ( 0.000000000000000000, 0.000000000000000000, 1.000000000000000000 ) ) ;
#266 = FACE_OUTER_BOUND ( 'NONE', #1708, .T. ) ;
#267 = ORIENTED_EDGE ( 'NONE', *, *, #1403, .F. ) ;
#268 =( BOUNDED_CURVE ( )  B_SPLINE_CURVE ( 3, ( #968, #2019, #1115, #1845 ),
 .UNSPECIFIED., .F., .T. ) 
 B_SPLINE_CURVE_WITH_KNOTS ( ( 4, 4 ),
 ( 4.219234714496181482, 4.537856055185246262 ),
 .UNSPECIFIED. ) 
 CURVE ( )  GEOMETRIC_REPRESENTATION_ITEM ( )  RATIONAL_B_SPLINE_CURVE ( ( 1.000000000000000000, 0.9915579143855781652, 0.9915579143855781652, 1.000000000000000000 ) ) 
 REPRESENTATION_ITEM ( '' )  );
#269 = ADVANCED_FACE ( 'NONE', ( #868 ), #141, .T. ) ;
#270 = EDGE_LOOP ( 'NONE', ( #2292, #104 ) ) ;
#271 = ORIENTED_EDGE ( 'NONE', *, *, #286, .F. ) ;
#272 = DIRECTION ( 'NONE',  ( 0.000000000000000000, -1.000000000000000000, 0.000000000000000000 ) ) ;
#273 = AXIS2_PLACEMENT_3D ( 'NONE', #376, #508, #193 ) ;
#274 = DIRECTION ( 'NONE',  ( 0.000000000000000000, 0.000000000000000000, -1.000000000000000000 ) ) ;
#275 =( NAMED_UNIT ( * ) SI_UNIT ( $, .STERADIAN. ) SOLID_ANGLE_UNIT ( ) );
#276 = ORIENTED_EDGE ( 'NONE', *, *, #2177, .F. ) ;
#277 = LINE ( 'NONE', #786, #1987 ) ;
#278 = DIRECTION ( 'NONE',  ( 0.3420201433256757628, -0.9396926207859058744, 0.000000000000000000 ) ) ;
#279 =( GEOMETRIC_REPRESENTATION_CONTEXT ( 3 ) GLOBAL_UNCERTAINTY_ASSIGNED_CONTEXT ( ( #1503 ) ) GLOBAL_UNIT_ASSIGNED_CONTEXT ( ( #1986, #1125, #224 ) ) REPRESENTATION_CONTEXT ( 'NONE', 'WORKASPACE' ) );
#280 = PRESENTATION_LAYER_ASSIGNMENT (  '', '', ( #1220 ) ) ;
#281 = EDGE_LOOP ( 'NONE', ( #724, #1823, #1870, #150 ) ) ;
#282 = CIRCLE ( 'NONE', #1405, 7.150000000000000355 ) ;
#283 = ORIENTED_EDGE ( 'NONE', *, *, #914, .F. ) ;
#284 = ORIENTED_EDGE ( 'NONE', *, *, #1069, .F. ) ;
#285 = FILL_AREA_STYLE ('',( #837 ) ) ;
#286 = EDGE_CURVE ( 'NONE', #1382, #634, #1288, .T. ) ;
#287 = DIRECTION ( 'NONE',  ( 1.000000000000000000, 0.000000000000000000, -0.000000000000000000 ) ) ;
#288 = PRESENTATION_STYLE_ASSIGNMENT (( #663 ) ) ;
#289 = ORIENTED_EDGE ( 'NONE', *, *, #1193, .T. ) ;
#290 = DIRECTION ( 'NONE',  ( -0.000000000000000000, -0.000000000000000000, -1.000000000000000000 ) ) ;
#291 = CIRCLE ( 'NONE', #396, 1.000000000000000000 ) ;
#292 = CARTESIAN_POINT ( 'NONE',  ( 6.204288843976900836, 1.093983519301725105, 6.387488034358232980 ) ) ;
#293 = DIRECTION ( 'NONE',  ( -1.065471346622099196E-16, 1.000000000000000000, 0.000000000000000000 ) ) ;
#294 = DIRECTION ( 'NONE',  ( 1.000000000000000000, 0.000000000000000000, 0.000000000000000000 ) ) ;
#295 = ORIENTED_EDGE ( 'NONE', *, *, #601, .F. ) ;
#296 = ORIENTED_EDGE ( 'NONE', *, *, #1148, .F. ) ;
#297 = ORIENTED_EDGE ( 'NONE', *, *, #1594, .T. ) ;
#298 = PLANE ( 'NONE',  #2037 ) ;
#299 = FACE_OUTER_BOUND ( 'NONE', #1559, .T. ) ;
#300 =( NAMED_UNIT ( * ) PLANE_ANGLE_UNIT ( ) SI_UNIT ( $, .RADIAN. ) );
#301 = ORIENTED_EDGE ( 'NONE', *, *, #1657, .F. ) ;
#302 = CARTESIAN_POINT ( 'NONE',  ( -0.5757747203202743247, -6.429658160572600423, 7.249599426207306685 ) ) ;
#303 = CARTESIAN_POINT ( 'NONE',  ( 7.049999999999996270, -4.070319397786861693, 1.400000000000001021 ) ) ;
#304 = CARTESIAN_POINT ( 'NONE',  ( 8.140638795573719833, 9.969407244014120020E-16, 5.300000000000000711 ) ) ;
#305 = EDGE_CURVE ( 'NONE', #2283, #2306, #1102, .T. ) ;
#306 = SURFACE_STYLE_USAGE ( .BOTH. , #1201 ) ;
#307 = AXIS2_PLACEMENT_3D ( 'NONE', #232, #1502, #1462 ) ;
#308 = AXIS2_PLACEMENT_3D ( 'NONE', #2085, #472, #2259 ) ;
#309 = ORIENTED_EDGE ( 'NONE', *, *, #574, .F. ) ;
#310 = ORIENTED_EDGE ( 'NONE', *, *, #1069, .T. ) ;
#311 = CARTESIAN_POINT ( 'NONE',  ( -5.455960043841953322, -3.150000000000028777, 6.387488034358232980 ) ) ;
#312 = CIRCLE ( 'NONE', #920, 8.140638795573719833 ) ;
#313 = VERTEX_POINT ( 'NONE', #350 ) ;
#314 = CARTESIAN_POINT ( 'NONE',  ( -5.900000000000001243, 0.000000000000000000, 9.099999999999999645 ) ) ;
#315 =( GEOMETRIC_REPRESENTATION_CONTEXT ( 3 ) GLOBAL_UNCERTAINTY_ASSIGNED_CONTEXT ( ( #1224 ) ) GLOBAL_UNIT_ASSIGNED_CONTEXT ( ( #1045, #823, #1532 ) ) REPRESENTATION_CONTEXT ( 'NONE', 'WORKASPACE' ) );
#316 = CARTESIAN_POINT ( 'NONE',  ( -5.325968145396240416, -3.365124561472365272, 7.600000000000000533 ) ) ;
#317 = DIRECTION ( 'NONE',  ( 1.000000000000000000, 0.000000000000000000, -0.000000000000000000 ) ) ;
#318 = CARTESIAN_POINT ( 'NONE',  ( 7.561400936284378815, 3.015827561509058619, 7.600000000000000533 ) ) ;
#319 = CARTESIAN_POINT ( 'NONE',  ( 0.000000000000000000, 0.000000000000000000, 7.600000000000000533 ) ) ;
#320 = EDGE_CURVE ( 'NONE', #67, #1599, #1057, .T. ) ;
#321 = CIRCLE ( 'NONE', #802, 6.300000000000003375 ) ;
#322 = ORIENTED_EDGE ( 'NONE', *, *, #1254, .T. ) ;
#323 = DIRECTION ( 'NONE',  ( 0.000000000000000000, -0.000000000000000000, -1.000000000000000000 ) ) ;
#324 = DIRECTION ( 'NONE',  ( 1.000000000000000000, 0.000000000000000000, -0.000000000000000000 ) ) ;
#325 = ORIENTED_EDGE ( 'NONE', *, *, #2005, .T. ) ;
#326 = AXIS2_PLACEMENT_3D ( 'NONE', #1885, #1157, #2033 ) ;
#327 = LINE ( 'NONE', #1590, #2299 ) ;
#328 = LINE ( 'NONE', #2114, #1478 ) ;
#329 = PRESENTATION_STYLE_ASSIGNMENT (( #1400 ) ) ;
#330 = DIRECTION ( 'NONE',  ( 1.000000000000000000, 0.000000000000000000, 0.000000000000000000 ) ) ;
#331 = CIRCLE ( 'NONE', #1644, 5.900000000000001243 ) ;
#332 = EDGE_LOOP ( 'NONE', ( #514, #1598, #1909, #918, #988, #1425 ) ) ;
#333 = ORIENTED_EDGE ( 'NONE', *, *, #2102, .F. ) ;
#334 = CARTESIAN_POINT ( 'NONE',  ( -4.054669073347227481, -7.187308007506527652, 6.812841644223285975 ) ) ;
#335 = EDGE_CURVE ( 'NONE', #1187, #1599, #1397, .T. ) ;
#336 = ORIENTED_EDGE ( 'NONE', *, *, #928, .F. ) ;
#337 = EDGE_CURVE ( 'NONE', #1054, #2121, #327, .T. ) ;
#338 = CARTESIAN_POINT ( 'NONE',  ( -6.200000000000001954, 7.592810154713592793E-16, -0.7999999999999986011 ) ) ;
#339 = DIRECTION ( 'NONE',  ( 1.000000000000000000, 0.000000000000000000, 0.000000000000000000 ) ) ;
#340 = CARTESIAN_POINT ( 'NONE',  ( 0.000000000000000000, 0.000000000000000000, 7.600000000000000533 ) ) ;
#341 = CARTESIAN_POINT ( 'NONE',  ( 4.283033857516808318, -6.922833305472886778, 7.600000000000000533 ) ) ;
#342 = CARTESIAN_POINT ( 'NONE',  ( 0.000000000000000000, 0.000000000000000000, 5.300000000000000711 ) ) ;
#343 = VERTEX_POINT ( 'NONE', #1767 ) ;
#344 = ORIENTED_EDGE ( 'NONE', *, *, #1718, .F. ) ;
#345 = CARTESIAN_POINT ( 'NONE',  ( -2.784262447624576531, -7.649698204684127312, 6.387488034358232980 ) ) ;
#346 = EDGE_LOOP ( 'NONE', ( #168, #1356, #799, #739 ) ) ;
#347 = EDGE_CURVE ( 'NONE', #627, #634, #2327, .T. ) ;
#348 = LINE ( 'NONE', #1216, #2124 ) ;
#349 = ORIENTED_EDGE ( 'NONE', *, *, #1496, .F. ) ;
#350 = CARTESIAN_POINT ( 'NONE',  ( 7.730905758924475180, -2.550116888816737593, 7.600000000000000533 ) ) ;
#351 = LINE ( 'NONE', #142, #859 ) ;
#352 = DIRECTION ( 'NONE',  ( -1.000000000000000000, 0.000000000000000000, 0.000000000000000000 ) ) ;
#353 = AXIS2_PLACEMENT_3D ( 'NONE', #1632, #720, #1818 ) ;
#354 = FACE_OUTER_BOUND ( 'NONE', #677, .T. ) ;
#355 = AXIS2_PLACEMENT_3D ( 'NONE', #2010, #1441, #1073 ) ;
#356 = ORIENTED_EDGE ( 'NONE', *, *, #1656, .F. ) ;
#357 = ORIENTED_EDGE ( 'NONE', *, *, #849, .F. ) ;
#358 = CARTESIAN_POINT ( 'NONE',  ( 2.389156095229632903, -5.829402469604165304, 7.600000000000000533 ) ) ;
#359 = VERTEX_POINT ( 'NONE', #338 ) ;
#360 = DIRECTION ( 'NONE',  ( 0.000000000000000000, 0.000000000000000000, 1.000000000000000000 ) ) ;
#361 = ORIENTED_EDGE ( 'NONE', *, *, #914, .T. ) ;
#362 = ADVANCED_FACE ( 'NONE', ( #2141 ), #1050, .T. ) ;
#363 = DIRECTION ( 'NONE',  ( -1.000000000000000000, 0.000000000000000000, 0.000000000000000000 ) ) ;
#364 = SURFACE_STYLE_USAGE ( .BOTH. , #1980 ) ;
#365 = ORIENTED_EDGE ( 'NONE', *, *, #1526, .T. ) ;
#366 = AXIS2_PLACEMENT_3D ( 'NONE', #1168, #1146, #2048 ) ;
#367 = ORIENTED_EDGE ( 'NONE', *, *, #817, .T. ) ;
#368 = CARTESIAN_POINT ( 'NONE',  ( -1.168917186442104406, -8.056279079776235363, 7.600000000000000533 ) ) ;
#369 = ORIENTED_EDGE ( 'NONE', *, *, #2132, .F. ) ;
#370 = CARTESIAN_POINT ( 'NONE',  ( 0.6692110045411379105, -3.795284203542031776, 7.600000000000000533 ) ) ;
#371 = CARTESIAN_POINT ( 'NONE',  ( 6.258968622859864439, -17.19637496038207303, 6.387488034358232980 ) ) ;
#372 = CARTESIAN_POINT ( 'NONE',  ( 3.799999999999999822, -8.673617379884035472E-16, -14.80000000000000071 ) ) ;
#373 = CARTESIAN_POINT ( 'NONE',  ( -2.980623312999546304, 7.695038814400451344, 7.225329828040170987 ) ) ;
#374 = DIRECTION ( 'NONE',  ( -1.065471346622099196E-16, -1.000000000000000000, 0.000000000000000000 ) ) ;
#375 = EDGE_CURVE ( 'NONE', #2305, #1546, #153, .T. ) ;
#376 = CARTESIAN_POINT ( 'NONE',  ( 0.000000000000000000, 0.000000000000000000, 14.49999999999999822 ) ) ;
#377 = ORIENTED_EDGE ( 'NONE', *, *, #630, .T. ) ;
#378 = CARTESIAN_POINT ( 'NONE',  ( -7.049999999999998934, -4.070319397786859028, 1.400000000000001021 ) ) ;
#379 = SURFACE_SIDE_STYLE ('',( #1117 ) ) ;
#380 = PLANE ( 'NONE',  #355 ) ;
#381 = FACE_OUTER_BOUND ( 'NONE', #1969, .T. ) ;
#382 = DIRECTION ( 'NONE',  ( 0.000000000000000000, 0.000000000000000000, 1.000000000000000000 ) ) ;
#383 = CIRCLE ( 'NONE', #1695, 8.140638795573719833 ) ;
#384 = ADVANCED_FACE ( 'NONE', ( #765 ), #1128, .F. ) ;
#385 = ORIENTED_EDGE ( 'NONE', *, *, #258, .F. ) ;
#386 = CARTESIAN_POINT ( 'NONE',  ( 4.049561941025145551, 4.826079991649618428, 6.387488034358232980 ) ) ;
#387 = DIRECTION ( 'NONE',  ( -0.000000000000000000, -0.000000000000000000, -1.000000000000000000 ) ) ;
#388 = CARTESIAN_POINT ( 'NONE',  ( 0.000000000000000000, 0.000000000000000000, 15.50000000000000000 ) ) ;
#389 = AXIS2_PLACEMENT_3D ( 'NONE', #883, #1593, #1185 ) ;
#390 = SURFACE_STYLE_USAGE ( .BOTH. , #379 ) ;
#391 = FACE_OUTER_BOUND ( 'NONE', #701, .T. ) ;
#392 =( NAMED_UNIT ( * ) SI_UNIT ( $, .STERADIAN. ) SOLID_ANGLE_UNIT ( ) );
#393 = PRESENTATION_LAYER_ASSIGNMENT (  '', '', ( #1897 ) ) ;
#394 = ORIENTED_EDGE ( 'NONE', *, *, #190, .T. ) ;
#395 = DIRECTION ( 'NONE',  ( -0.000000000000000000, -0.000000000000000000, -1.000000000000000000 ) ) ;
#396 = AXIS2_PLACEMENT_3D ( 'NONE', #791, #1479, #2028 ) ;
#397 = EDGE_CURVE ( 'NONE', #180, #1874, #438, .T. ) ;
#398 = ADVANCED_FACE ( 'NONE', ( #1841 ), #935, .T. ) ;
#399 = CYLINDRICAL_SURFACE ( 'NONE', #1788, 4.849999999999999645 ) ;
#400 = EDGE_CURVE ( 'NONE', #2096, #2035, #187, .T. ) ;
#401 = CARTESIAN_POINT ( 'NONE',  ( -1.599198204416119040E-15, 8.140638795573721609, 5.300000000000000711 ) ) ;
#402 = DIRECTION ( 'NONE',  ( -0.000000000000000000, -0.000000000000000000, 1.000000000000000000 ) ) ;
#403 = CARTESIAN_POINT ( 'NONE',  ( -1.656986871127130945, 7.970219225900392779, 7.600000000000000533 ) ) ;
#404 = SURFACE_STYLE_FILL_AREA ( #947 ) ;
#405 = UNCERTAINTY_MEASURE_WITH_UNIT (LENGTH_MEASURE( 1.000000000000000082E-05 ), #1366, 'distance_accuracy_value', 'NONE');
#406 = ORIENTED_EDGE ( 'NONE', *, *, #258, .T. ) ;
#407 =( GEOMETRIC_REPRESENTATION_CONTEXT ( 3 ) GLOBAL_UNCERTAINTY_ASSIGNED_CONTEXT ( ( #39 ) ) GLOBAL_UNIT_ASSIGNED_CONTEXT ( ( #434, #606, #2050 ) ) REPRESENTATION_CONTEXT ( 'NONE', 'WORKASPACE' ) );
#408 = EDGE_CURVE ( 'NONE', #2035, #2243, #1609, .T. ) ;
#409 = CARTESIAN_POINT ( 'NONE',  ( -1.916867928843184687, -6.001301304164996964, 7.600000000000000533 ) ) ;
#410 = DIRECTION ( 'NONE',  ( 0.000000000000000000, 0.000000000000000000, 1.000000000000000000 ) ) ;
#411 =( GEOMETRIC_REPRESENTATION_CONTEXT ( 3 ) GLOBAL_UNCERTAINTY_ASSIGNED_CONTEXT ( ( #1863 ) ) GLOBAL_UNIT_ASSIGNED_CONTEXT ( ( #71, #792, #275 ) ) REPRESENTATION_CONTEXT ( 'NONE', 'WORKASPACE' ) );
#412 = DIRECTION ( 'NONE',  ( 0.000000000000000000, -0.000000000000000000, 1.000000000000000000 ) ) ;
#413 = CARTESIAN_POINT ( 'NONE',  ( 8.016964200352949987, 1.413607091896173396, 6.387488034358232980 ) ) ;
#414 = DIRECTION ( 'NONE',  ( -1.000000000000000000, 0.000000000000000000, 0.000000000000000000 ) ) ;
#415 = ORIENTED_EDGE ( 'NONE', *, *, #231, .F. ) ;
#416 = AXIS2_PLACEMENT_3D ( 'NONE', #590, #784, #1662 ) ;
#417 = CARTESIAN_POINT ( 'NONE',  ( -7.782202544708351155, 2.745006601496754239, 6.812841644223285975 ) ) ;
#418 = VECTOR ( 'NONE', #387, 1000.000000000000000 ) ;
#419 = CARTESIAN_POINT ( 'NONE',  ( 0.000000000000000000, 0.000000000000000000, 5.300000000000000711 ) ) ;
#420 = LINE ( 'NONE', #1488, #1541 ) ;
#421 = EDGE_CURVE ( 'NONE', #1229, #633, #1094, .T. ) ;
#422 = CARTESIAN_POINT ( 'NONE',  ( 0.000000000000000000, -8.140638795573721609, 5.300000000000000711 ) ) ;
#423 = CARTESIAN_POINT ( 'NONE',  ( 4.849999999999999645, 5.939536975864661982E-16, 11.60000000000000142 ) ) ;
#424 = CARTESIAN_POINT ( 'NONE',  ( 5.455960043841996843, -3.149999999999951505, 6.387488034358232980 ) ) ;
#425 = EDGE_CURVE ( 'NONE', #1509, #1954, #282, .T. ) ;
#426 = ADVANCED_FACE ( 'NONE', ( #381 ), #1647, .T. ) ;
#427 = ORIENTED_EDGE ( 'NONE', *, *, #1764, .F. ) ;
#428 = VECTOR ( 'NONE', #973, 1000.000000000000000 ) ;
#429 = FACE_OUTER_BOUND ( 'NONE', #728, .T. ) ;
#430 = VECTOR ( 'NONE', #1859, 1000.000000000000000 ) ;
#431 = FACE_OUTER_BOUND ( 'NONE', #270, .T. ) ;
#432 = DIRECTION ( 'NONE',  ( 1.000000000000000000, 0.000000000000000000, 0.000000000000000000 ) ) ;
#433 = LINE ( 'NONE', #422, #178 ) ;
#434 =( LENGTH_UNIT ( ) NAMED_UNIT ( * ) SI_UNIT ( .MILLI., .METRE. ) );
#435 = CARTESIAN_POINT ( 'NONE',  ( 5.232701752728264211, 6.236091112788082036, 7.600000000000000533 ) ) ;
#436 = EDGE_CURVE ( 'NONE', #1956, #1696, #277, .T. ) ;
#437 = ORIENTED_EDGE ( 'NONE', *, *, #2001, .F. ) ;
#439 = ORIENTED_EDGE ( 'NONE', *, *, #425, .F. ) ;
#438 =( BOUNDED_CURVE ( )  B_SPLINE_CURVE ( 3, ( #403, #373, #1807, #2198 ),
 .UNSPECIFIED., .F., .F. ) 
 B_SPLINE_CURVE_WITH_KNOTS ( ( 4, 4 ),
 ( 4.219234714496180594, 4.712388980384689674 ),
 .UNSPECIFIED. ) 
 CURVE ( )  GEOMETRIC_REPRESENTATION_ITEM ( )  RATIONAL_B_SPLINE_CURVE ( ( 1.000000000000000000, 0.9798357166840574450, 0.9798357166840574450, 1.000000000000000000 ) ) 
 REPRESENTATION_ITEM ( '' )  );
#440 = VERTEX_POINT ( 'NONE', #1136 ) ;
#441 = CARTESIAN_POINT ( 'NONE',  ( 3.849999999999999201, 0.000000000000000000, 14.49999999999999822 ) ) ;
#442 = DIRECTION ( 'NONE',  ( 1.000000000000000000, 0.000000000000000000, 0.000000000000000000 ) ) ;
#443 = LINE ( 'NONE', #960, #236 ) ;
#444 = ORIENTED_EDGE ( 'NONE', *, *, #23, .T. ) ;
#445 = CARTESIAN_POINT ( 'NONE',  ( 0.000000000000000000, 0.000000000000000000, 7.600000000000000533 ) ) ;
#446 = DIRECTION ( 'NONE',  ( 0.2820215908502523017, 0.1026474644898957705, 0.9539011061572832961 ) ) ;
#447 = CARTESIAN_POINT ( 'NONE',  ( 5.232701752728268652, 6.236091112788088253, 6.387488034358232980 ) ) ;
#448 = VERTEX_POINT ( 'NONE', #2074 ) ;
#449 = EDGE_CURVE ( 'NONE', #1096, #2083, #1327, .T. ) ;
#450 = AXIS2_PLACEMENT_3D ( 'NONE', #1646, #172, #1259 ) ;
#451 = ORIENTED_EDGE ( 'NONE', *, *, #1160, .T. ) ;
#452 = VERTEX_POINT ( 'NONE', #1851 ) ;
#453 = CARTESIAN_POINT ( 'NONE',  ( -7.049999999999998934, -4.070319397786857252, 5.300000000000000711 ) ) ;
#454 = AXIS2_PLACEMENT_3D ( 'NONE', #342, #382, #697 ) ;
#455 = VECTOR ( 'NONE', #1760, 999.9999999999998863 ) ;
#456 = DIRECTION ( 'NONE',  ( 1.000000000000000000, 0.000000000000000000, 0.000000000000000000 ) ) ;
#457 = FACE_OUTER_BOUND ( 'NONE', #1100, .T. ) ;
#458 = EDGE_LOOP ( 'NONE', ( #322, #852, #1702, #1761 ) ) ;
#459 = CARTESIAN_POINT ( 'NONE',  ( -4.849999999999999645, 0.000000000000000000, 11.60000000000000142 ) ) ;
#460 = CARTESIAN_POINT ( 'NONE',  ( -8.673617379884104497E-16, 1.502314598737155284E-15, 7.600000000000000533 ) ) ;
#461 = CARTESIAN_POINT ( 'NONE',  ( 6.204288843976903500, 1.093983519301725549, 7.600000000000000533 ) ) ;
#462 = DIRECTION ( 'NONE',  ( 1.000000000000000000, 0.000000000000000000, 0.000000000000000000 ) ) ;
#463 = PRESENTATION_LAYER_ASSIGNMENT (  '', '', ( #1473 ) ) ;
#464 = ORIENTED_EDGE ( 'NONE', *, *, #486, .F. ) ;
#465 = MECHANICAL_DESIGN_GEOMETRIC_PRESENTATION_REPRESENTATION (  '', ( #1597 ), #1116 ) ;
#466 = ORIENTED_EDGE ( 'NONE', *, *, #2005, .F. ) ;
#467 = VECTOR ( 'NONE', #171, 1000.000000000000114 ) ;
#468 = ORIENTED_EDGE ( 'NONE', *, *, #206, .F. ) ;
#469 = SURFACE_STYLE_FILL_AREA ( #285 ) ;
#470 = EDGE_CURVE ( 'NONE', #1542, #313, #966, .T. ) ;
#471 = CARTESIAN_POINT ( 'NONE',  ( 5.455960043841996843, -3.149999999999951505, 6.387488034358232980 ) ) ;
#472 = DIRECTION ( 'NONE',  ( -0.5000000000000039968, 0.8660254037844363761, 0.000000000000000000 ) ) ;
#473 = VERTEX_POINT ( 'NONE', #1316 ) ;
#474 = DIRECTION ( 'NONE',  ( -0.000000000000000000, -0.000000000000000000, 1.000000000000000000 ) ) ;
#475 = VECTOR ( 'NONE', #2224, 1000.000000000000114 ) ;
#476 = CIRCLE ( 'NONE', #1561, 6.200000000000001954 ) ;
#477 = FACE_OUTER_BOUND ( 'NONE', #1736, .T. ) ;
#478 = DIRECTION ( 'NONE',  ( 0.000000000000000000, 0.000000000000000000, 1.000000000000000000 ) ) ;
#479 = CARTESIAN_POINT ( 'NONE',  ( 0.000000000000000000, 18.29999999999999361, 7.629833539901325956 ) ) ;
#480 = ORIENTED_EDGE ( 'NONE', *, *, #597, .T. ) ;
#481 = EDGE_LOOP ( 'NONE', ( #2025, #1446, #673, #1802, #2162 ) ) ;
#482 = EDGE_LOOP ( 'NONE', ( #1528, #2293 ) ) ;
#483 = DIRECTION ( 'NONE',  ( 0.3420201433256757073, -0.9396926207859057634, 0.000000000000000000 ) ) ;
#484 = FILL_AREA_STYLE ('',( #1362 ) ) ;
#485 = VERTEX_POINT ( 'NONE', #459 ) ;
#486 = EDGE_CURVE ( 'NONE', #543, #1519, #2040, .T. ) ;
#487 = DIRECTION ( 'NONE',  ( -0.000000000000000000, -0.000000000000000000, 1.000000000000000000 ) ) ;
#488 = DIRECTION ( 'NONE',  ( -0.000000000000000000, -0.000000000000000000, 1.000000000000000000 ) ) ;
#489 = CARTESIAN_POINT ( 'NONE',  ( 6.300000000000003375, 0.000000000000000000, 6.731682567942968376 ) ) ;
#490 =( LENGTH_UNIT ( ) NAMED_UNIT ( * ) SI_UNIT ( .MILLI., .METRE. ) );
#491 = AXIS2_PLACEMENT_3D ( 'NONE', #1325, #2022, #1840 ) ;
#492 = ORIENTED_EDGE ( 'NONE', *, *, #2285, .T. ) ;
#493 = FACE_OUTER_BOUND ( 'NONE', #1303, .T. ) ;
#494 = AXIS2_PLACEMENT_3D ( 'NONE', #706, #1757, #2298 ) ;
#495 = CARTESIAN_POINT ( 'NONE',  ( 4.752038778646515915, -4.369227395846713158, 6.830430450362793060 ) ) ;
#496 = ORIENTED_EDGE ( 'NONE', *, *, #1029, .T. ) ;
#497 = AXIS2_PLACEMENT_3D ( 'NONE', #1752, #1263, #714 ) ;
#498 = CARTESIAN_POINT ( 'NONE',  ( -2.154726902951678014, -5.920063510951235841, 6.387488034358232980 ) ) ;
#499 = CARTESIAN_POINT ( 'NONE',  ( -15.84826488925518007, -9.150000000000071410, 6.387488034358232980 ) ) ;
#500 = DIRECTION ( 'NONE',  ( 1.000000000000000000, 0.000000000000000000, 0.000000000000000000 ) ) ;
#501 = FILL_AREA_STYLE_COLOUR ( '', #1972 ) ;
#502 = EDGE_CURVE ( 'NONE', #359, #737, #476, .T. ) ;
#503 = AXIS2_PLACEMENT_3D ( 'NONE', #218, #942, #1266 ) ;
#504 = CIRCLE ( 'NONE', #580, 3.849999999999999201 ) ;
#505 = EDGE_CURVE ( 'NONE', #176, #1122, #433, .T. ) ;
#506 = ORIENTED_EDGE ( 'NONE', *, *, #320, .T. ) ;
#507 = ORIENTED_EDGE ( 'NONE', *, *, #1326, .F. ) ;
#508 = DIRECTION ( 'NONE',  ( -0.000000000000000000, -0.000000000000000000, -1.000000000000000000 ) ) ;
#509 = ORIENTED_EDGE ( 'NONE', *, *, #1754, .T. ) ;
#510 = CARTESIAN_POINT ( 'NONE',  ( -2.799999999999999822, 8.673617379884035472E-16, -14.80000000000000071 ) ) ;
#511 = CARTESIAN_POINT ( 'NONE',  ( 0.000000000000000000, -8.140638795573721609, 1.400000000000001021 ) ) ;
#512 = DIRECTION ( 'NONE',  ( 0.000000000000000000, 0.000000000000000000, 1.000000000000000000 ) ) ;
#513 = VECTOR ( 'NONE', #1268, 1000.000000000000000 ) ;
#514 = ORIENTED_EDGE ( 'NONE', *, *, #2318, .F. ) ;
#515 = EDGE_CURVE ( 'NONE', #1413, #2122, #1871, .T. ) ;
#516 = ORIENTED_EDGE ( 'NONE', *, *, #255, .T. ) ;
#517 = ORIENTED_EDGE ( 'NONE', *, *, #1406, .F. ) ;
#518 = CARTESIAN_POINT ( 'NONE',  ( 0.000000000000000000, 0.000000000000000000, 1.400000000000001021 ) ) ;
#519 = ORIENTED_EDGE ( 'NONE', *, *, #679, .T. ) ;
#520 = CARTESIAN_POINT ( 'NONE',  ( 7.150000000000000355, 8.756224613903575518E-16, 10.60000000000000320 ) ) ;
#521 = ORIENTED_EDGE ( 'NONE', *, *, #964, .F. ) ;
#522 = DIRECTION ( 'NONE',  ( 1.000000000000000000, 0.000000000000000000, 0.000000000000000000 ) ) ;
#523 = FACE_BOUND ( 'NONE', #482, .T. ) ;
#524 = LINE ( 'NONE', #1997, #838 ) ;
#525 =( BOUNDED_CURVE ( )  B_SPLINE_CURVE ( 3, ( #2287, #1021, #652, #2088 ),
 .UNSPECIFIED., .F., .T. ) 
 B_SPLINE_CURVE_WITH_KNOTS ( ( 4, 4 ),
 ( 0.9125639868195464244, 1.047197551196592968 ),
 .UNSPECIFIED. ) 
 CURVE ( )  GEOMETRIC_REPRESENTATION_ITEM ( )  RATIONAL_B_SPLINE_CURVE ( ( 1.000000000000000000, 0.9984900539407119968, 0.9984900539407119968, 1.000000000000000000 ) ) 
 REPRESENTATION_ITEM ( '' )  );
#526 = CARTESIAN_POINT ( 'NONE',  ( -1.599198204416119040E-15, 8.140638795573721609, 1.400000000000001021 ) ) ;
#527 = FACE_OUTER_BOUND ( 'NONE', #101, .T. ) ;
#528 = COLOUR_RGB ( '',1.000000000000000000, 1.000000000000000000, 1.000000000000000000 ) ;
#529 = ORIENTED_EDGE ( 'NONE', *, *, #230, .T. ) ;
#530 = ADVANCED_FACE ( 'NONE', ( #2217 ), #1861, .T. ) ;
#531 = ORIENTED_EDGE ( 'NONE', *, *, #1497, .F. ) ;
#532 = CARTESIAN_POINT ( 'NONE',  ( 2.800000000000000266, 2.199999999999999289, -9.099999999999999645 ) ) ;
#533 = ORIENTED_EDGE ( 'NONE', *, *, #1175, .T. ) ;
#534 = DIRECTION ( 'NONE',  ( 0.1736481776669273336, 0.9848077530122085754, -0.000000000000000000 ) ) ;
#535 = VERTEX_POINT ( 'NONE', #264 ) ;
#536 = PLANE ( 'NONE',  #2204 ) ;
#537 = VECTOR ( 'NONE', #812, 1000.000000000000000 ) ;
#538 = DIRECTION ( 'NONE',  ( 1.000000000000000000, 0.000000000000000000, 0.000000000000000000 ) ) ;
#539 = AXIS2_PLACEMENT_3D ( 'NONE', #199, #1784, #569 ) ;
#540 =( NAMED_UNIT ( * ) PLANE_ANGLE_UNIT ( ) SI_UNIT ( $, .RADIAN. ) );
#541 = FACE_OUTER_BOUND ( 'NONE', #1813, .T. ) ;
#542 = VECTOR ( 'NONE', #1417, 1000.000000000000000 ) ;
#543 = VERTEX_POINT ( 'NONE', #2060 ) ;
#544 = LINE ( 'NONE', #1615, #610 ) ;
#545 = ORIENTED_EDGE ( 'NONE', *, *, #2041, .F. ) ;
#546 = CARTESIAN_POINT ( 'NONE',  ( 0.000000000000000000, 0.000000000000000000, 14.49999999999999822 ) ) ;
#547 = ADVANCED_FACE ( 'NONE', ( #1524 ), #616, .T. ) ;
#548 = DIRECTION ( 'NONE',  ( -1.971276677246371519E-16, -1.000000000000000000, 0.000000000000000000 ) ) ;
#549 = CARTESIAN_POINT ( 'NONE',  ( 0.000000000000000000, 0.000000000000000000, 7.600000000000000533 ) ) ;
#550 =( LENGTH_UNIT ( ) NAMED_UNIT ( * ) SI_UNIT ( .MILLI., .METRE. ) );
#551 = VECTOR ( 'NONE', #2142, 1000.000000000000000 ) ;
#552 = PRODUCT_RELATED_PRODUCT_CATEGORY ( 'part', '', ( #1922 ) ) ;
#553 = DIRECTION ( 'NONE',  ( 1.000000000000000000, 0.000000000000000000, -0.000000000000000000 ) ) ;
#554 = CIRCLE ( 'NONE', #2134, 6.200000000000001954 ) ;
#555 = AXIS2_PLACEMENT_3D ( 'NONE', #83, #996, #1352 ) ;
#556 = ORIENTED_EDGE ( 'NONE', *, *, #1160, .F. ) ;
#557 = VECTOR ( 'NONE', #631, 1000.000000000000000 ) ;
#558 = DIRECTION ( 'NONE',  ( 0.000000000000000000, 0.000000000000000000, 1.000000000000000000 ) ) ;
#559 = ORIENTED_EDGE ( 'NONE', *, *, #436, .T. ) ;
#560 = CARTESIAN_POINT ( 'NONE',  ( 15.84826488925530619, -9.149999999999849365, 6.387488034358232980 ) ) ;
#561 = CARTESIAN_POINT ( 'NONE',  ( 6.374030753449962283, -5.241132477165598047, 6.812841644223285975 ) ) ;
#562 = ADVANCED_FACE ( 'NONE', ( #1692 ), #806, .T. ) ;
#563 = CARTESIAN_POINT ( 'NONE',  ( -2.154726902951678458, -5.920063510951239394, 1.400000000000001021 ) ) ;
#564 = DIRECTION ( 'NONE',  ( -0.000000000000000000, -0.000000000000000000, -1.000000000000000000 ) ) ;
#565 = ORIENTED_EDGE ( 'NONE', *, *, #1666, .T. ) ;
#566 = DIRECTION ( 'NONE',  ( 1.000000000000000000, 0.000000000000000000, 0.000000000000000000 ) ) ;
#567 = DIRECTION ( 'NONE',  ( -0.9848077530122085754, 0.1736481776669273336, 0.000000000000000000 ) ) ;
#568 = CARTESIAN_POINT ( 'NONE',  ( -1.599198204416119040E-15, 8.140638795573721609, 1.400000000000001021 ) ) ;
#569 = DIRECTION ( 'NONE',  ( 1.000000000000000000, 0.000000000000000000, -0.000000000000000000 ) ) ;
#570 = PRESENTATION_LAYER_ASSIGNMENT (  '', '', ( #876 ) ) ;
#571 = PRESENTATION_STYLE_ASSIGNMENT (( #1293 ) ) ;
#572 = AXIS2_PLACEMENT_3D ( 'NONE', #917, #8, #1775 ) ;
#573 = EDGE_CURVE ( 'NONE', #448, #672, #843, .T. ) ;
#574 = EDGE_CURVE ( 'NONE', #2159, #1321, #1795, .T. ) ;
#575 = ORIENTED_EDGE ( 'NONE', *, *, #2081, .F. ) ;
#576 = CARTESIAN_POINT ( 'NONE',  ( 7.049999999999996270, -4.070319397786861693, 1.400000000000001021 ) ) ;
#577 = EDGE_CURVE ( 'NONE', #1571, #1014, #611, .T. ) ;
#578 = COLOUR_RGB ( '',0.2509803921568627416, 0.2509803921568627416, 0.2509803921568627416 ) ;
#579 = DIRECTION ( 'NONE',  ( 1.000000000000000000, 0.000000000000000000, 0.000000000000000000 ) ) ;
#580 = AXIS2_PLACEMENT_3D ( 'NONE', #1026, #670, #500 ) ;
#581 = DIRECTION ( 'NONE',  ( -1.000000000000000000, 1.971276677246371519E-16, 0.000000000000000000 ) ) ;
#582 = SURFACE_STYLE_FILL_AREA ( #1511 ) ;
#583 = DIRECTION ( 'NONE',  ( 0.3420201433256630508, 0.9396926207859104263, 0.000000000000000000 ) ) ;
#584 = DIRECTION ( 'NONE',  ( 0.000000000000000000, 0.000000000000000000, 1.000000000000000000 ) ) ;
#585 = AXIS2_PLACEMENT_3D ( 'NONE', #899, #1270, #754 ) ;
#586 = ORIENTED_EDGE ( 'NONE', *, *, #23, .F. ) ;
#587 = EDGE_CURVE ( 'NONE', #672, #148, #229, .T. ) ;
#588 = MECHANICAL_DESIGN_GEOMETRIC_PRESENTATION_REPRESENTATION (  '', ( #1121 ), #782 ) ;
#589 = VECTOR ( 'NONE', #842, 1000.000000000000000 ) ;
#590 = CARTESIAN_POINT ( 'NONE',  ( 7.049999999999996270, -4.070319397786861693, 1.400000000000001021 ) ) ;
#591 = AXIS2_PLACEMENT_3D ( 'NONE', #1821, #711, #553 ) ;
#592 = FACE_OUTER_BOUND ( 'NONE', #1844, .T. ) ;
#593 = CARTESIAN_POINT ( 'NONE',  ( -1.926916289973106045, 3.337516916165507386, 7.600000000000000533 ) ) ;
#594 = DIRECTION ( 'NONE',  ( 0.000000000000000000, -1.000000000000000000, 0.000000000000000000 ) ) ;
#595 = DIRECTION ( 'NONE',  ( -0.000000000000000000, -0.000000000000000000, 1.000000000000000000 ) ) ;
#596 = ORIENTED_EDGE ( 'NONE', *, *, #2000, .T. ) ;
#597 = EDGE_CURVE ( 'NONE', #140, #1142, #1735, .T. ) ;
#598 = CARTESIAN_POINT ( 'NONE',  ( -6.204288843976916823, 1.093983519301643170, 6.387488034358232980 ) ) ;
#599 = AXIS2_PLACEMENT_3D ( 'NONE', #2169, #564, #2183 ) ;
#600 = EDGE_CURVE ( 'NONE', #2267, #148, #941, .T. ) ;
#601 = EDGE_CURVE ( 'NONE', #448, #2267, #105, .T. ) ;
#602 = LINE ( 'NONE', #2038, #2049 ) ;
#603 = SURFACE_STYLE_USAGE ( .BOTH. , #970 ) ;
#604 = STYLED_ITEM ( 'NONE', ( #288 ), #990 ) ;
#605 = CARTESIAN_POINT ( 'NONE',  ( -6.258968622859632625, -17.19637496038215829, 6.387488034358232980 ) ) ;
#606 =( NAMED_UNIT ( * ) PLANE_ANGLE_UNIT ( ) SI_UNIT ( $, .RADIAN. ) );
#607 = CARTESIAN_POINT ( 'NONE',  ( -6.300000000000003375, 7.715274834628329322E-16, 1.400000000000001021 ) ) ;
#608 =( GEOMETRIC_REPRESENTATION_CONTEXT ( 3 ) GLOBAL_UNCERTAINTY_ASSIGNED_CONTEXT ( ( #2094 ) ) GLOBAL_UNIT_ASSIGNED_CONTEXT ( ( #1683, #777, #1490 ) ) REPRESENTATION_CONTEXT ( 'NONE', 'WORKASPACE' ) );
#609 = ORIENTED_EDGE ( 'NONE', *, *, #1933, .F. ) ;
#610 = VECTOR ( 'NONE', #1079, 1000.000000000000000 ) ;
#611 =( BOUNDED_CURVE ( )  B_SPLINE_CURVE ( 3, ( #955, #57, #776, #1481 ),
 .UNSPECIFIED., .F., .T. ) 
 B_SPLINE_CURVE_WITH_KNOTS ( ( 4, 4 ),
 ( 0.9125639868195457582, 1.570796326794896558 ),
 .UNSPECIFIED. ) 
 CURVE ( )  GEOMETRIC_REPRESENTATION_ITEM ( )  RATIONAL_B_SPLINE_CURVE ( ( 1.000000000000000000, 0.9642189152945455088, 0.9642189152945455088, 1.000000000000000000 ) ) 
 REPRESENTATION_ITEM ( '' )  );
#612 = LINE ( 'NONE', #2222, #2176 ) ;
#613 = AXIS2_PLACEMENT_3D ( 'NONE', #1671, #63, #1145 ) ;
#614 = PLANE ( 'NONE',  #624 ) ;
#615 = LINE ( 'NONE', #1154, #110 ) ;
#616 = PLANE ( 'NONE',  #1373 ) ;
#617 = EDGE_CURVE ( 'NONE', #2306, #140, #525, .T. ) ;
#618 = PRESENTATION_STYLE_ASSIGNMENT (( #1716 ) ) ;
#619 = EDGE_CURVE ( 'NONE', #1054, #2159, #1036, .T. ) ;
#620 = ORIENTED_EDGE ( 'NONE', *, *, #2319, .T. ) ;
#621 = AXIS2_PLACEMENT_3D ( 'NONE', #1388, #1783, #2105 ) ;
#622 = EDGE_LOOP ( 'NONE', ( #1639, #1346, #267, #1250 ) ) ;
#623 = EDGE_LOOP ( 'NONE', ( #660, #1162, #987, #99 ) ) ;
#624 = AXIS2_PLACEMENT_3D ( 'NONE', #81, #969, #2071 ) ;
#625 = CARTESIAN_POINT ( 'NONE',  ( -3.799999999999999378, 2.200000000000001066, -9.099999999999999645 ) ) ;
#626 = CARTESIAN_POINT ( 'NONE',  ( -2.799999999999999378, 2.200000000000001066, -14.80000000000000071 ) ) ;
#627 = VERTEX_POINT ( 'NONE', #2275 ) ;
#628 = DIRECTION ( 'NONE',  ( 0.000000000000000000, 0.000000000000000000, 1.000000000000000000 ) ) ;
#629 = CYLINDRICAL_SURFACE ( 'NONE', #1927, 6.300000000000003375 ) ;
#630 = EDGE_CURVE ( 'NONE', #1249, #1564, #1207, .T. ) ;
#631 = DIRECTION ( 'NONE',  ( -0.000000000000000000, -0.000000000000000000, 1.000000000000000000 ) ) ;
#632 = ORIENTED_EDGE ( 'NONE', *, *, #1734, .T. ) ;
#633 = VERTEX_POINT ( 'NONE', #1742 ) ;
#634 = VERTEX_POINT ( 'NONE', #1551 ) ;
#635 = CARTESIAN_POINT ( 'NONE',  ( 11.76301325726349845, 14.01861330907743763, 7.629833539901325956 ) ) ;
#636 = CIRCLE ( 'NONE', #723, 8.140638795573719833 ) ;
#637 = LINE ( 'NONE', #625, #430 ) ;
#638 = DIRECTION ( 'NONE',  ( -1.000000000000000000, 1.971276677246371519E-16, 0.000000000000000000 ) ) ;
#639 = ORIENTED_EDGE ( 'NONE', *, *, #515, .T. ) ;
#640 = LINE ( 'NONE', #2240, #428 ) ;
#641 = ORIENTED_EDGE ( 'NONE', *, *, #2297, .F. ) ;
#642 = EDGE_CURVE ( 'NONE', #1310, #90, #1728, .T. ) ;
#643 = ADVANCED_FACE ( 'NONE', ( #128 ), #857, .T. ) ;
#644 = VECTOR ( 'NONE', #1291, 1000.000000000000114 ) ;
#645 = VERTEX_POINT ( 'NONE', #1770 ) ;
#646 = ORIENTED_EDGE ( 'NONE', *, *, #680, .F. ) ;
#647 = PLANE ( 'NONE',  #1111 ) ;
#648 = PRESENTATION_LAYER_ASSIGNMENT (  '', '', ( #769 ) ) ;
#649 = FACE_OUTER_BOUND ( 'NONE', #1506, .T. ) ;
#650 = SURFACE_SIDE_STYLE ('',( #2273 ) ) ;
#651 = ORIENTED_EDGE ( 'NONE', *, *, #1514, .T. ) ;
#652 = CARTESIAN_POINT ( 'NONE',  ( -6.300000000000004263, 0.2829442295774902139, 7.455651419335399765 ) ) ;
#653 = CARTESIAN_POINT ( 'NONE',  ( -1.656986871127130945, 7.970219225900392779, 7.600000000000000533 ) ) ;
#654 = DIRECTION ( 'NONE',  ( 0.000000000000000000, 0.000000000000000000, -1.000000000000000000 ) ) ;
#655 = CARTESIAN_POINT ( 'NONE',  ( 8.016964200352949987, 1.413607091896173396, 7.600000000000000533 ) ) ;
#656 = EDGE_LOOP ( 'NONE', ( #685, #1351, #1959, #1890, #289, #2091, #1727, #296, #889, #1020, #1369, #1774, #194, #385, #836, #1605, #1234, #1994, #1902, #1188, #1614 ) ) ;
#657 = ADVANCED_FACE ( 'NONE', ( #2144 ), #1381, .T. ) ;
#658 = ORIENTED_EDGE ( 'NONE', *, *, #206, .T. ) ;
#659 = AXIS2_PLACEMENT_3D ( 'NONE', #1868, #751, #2036 ) ;
#660 = ORIENTED_EDGE ( 'NONE', *, *, #1164, .F. ) ;
#661 = CARTESIAN_POINT ( 'NONE',  ( 2.799999999999999822, -8.673617379884035472E-16, -14.80000000000000071 ) ) ;
#662 = SURFACE_STYLE_FILL_AREA ( #1726 ) ;
#663 = SURFACE_STYLE_USAGE ( .BOTH. , #650 ) ;
#664 = ORIENTED_EDGE ( 'NONE', *, *, #1575, .F. ) ;
#665 = CARTESIAN_POINT ( 'NONE',  ( 0.000000000000000000, 0.000000000000000000, 7.600000000000000533 ) ) ;
#666 = VECTOR ( 'NONE', #1704, 1000.000000000000114 ) ;
#667 = DIRECTION ( 'NONE',  ( 1.000000000000000000, 0.000000000000000000, 0.000000000000000000 ) ) ;
#668 = PRESENTATION_LAYER_ASSIGNMENT (  '', '', ( #1044 ) ) ;
#669 = CARTESIAN_POINT ( 'NONE',  ( -8.140638795573719833, 0.000000000000000000, 7.600000000000000533 ) ) ;
#670 = DIRECTION ( 'NONE',  ( 0.000000000000000000, 0.000000000000000000, 1.000000000000000000 ) ) ;
#671 = DIRECTION ( 'NONE',  ( 0.000000000000000000, 0.000000000000000000, 1.000000000000000000 ) ) ;
#672 = VERTEX_POINT ( 'NONE', #1246 ) ;
#673 = ORIENTED_EDGE ( 'NONE', *, *, #1148, .T. ) ;
#674 = FACE_OUTER_BOUND ( 'NONE', #788, .T. ) ;
#675 = ADVANCED_FACE ( 'NONE', ( #1915 ), #2107, .F. ) ;
#676 = DIRECTION ( 'NONE',  ( 1.000000000000000000, 0.000000000000000000, 0.000000000000000000 ) ) ;
#677 = EDGE_LOOP ( 'NONE', ( #565, #1535, #994, #1284 ) ) ;
#678 =( BOUNDED_CURVE ( )  B_SPLINE_CURVE ( 3, ( #1416, #1731, #1012, #489 ),
 .UNSPECIFIED., .F., .F. ) 
 B_SPLINE_CURVE_WITH_KNOTS ( ( 4, 4 ),
 ( 0.9125639868195463134, 1.396263401595453368 ),
 .UNSPECIFIED. ) 
 CURVE ( )  GEOMETRIC_REPRESENTATION_ITEM ( )  RATIONAL_B_SPLINE_CURVE ( ( 1.000000000000000000, 0.9805977554151015241, 0.9805977554151015241, 1.000000000000000000 ) ) 
 REPRESENTATION_ITEM ( '' )  );
#679 = EDGE_CURVE ( 'NONE', #1052, #485, #133, .T. ) ;
#680 = EDGE_CURVE ( 'NONE', #939, #1187, #1074, .T. ) ;
#681 = CARTESIAN_POINT ( 'NONE',  ( 0.000000000000000000, 0.000000000000000000, 7.600000000000000533 ) ) ;
#682 = DIRECTION ( 'NONE',  ( 1.000000000000000000, 0.000000000000000000, 0.000000000000000000 ) ) ;
#683 = SURFACE_STYLE_FILL_AREA ( #694 ) ;
#684 = FILL_AREA_STYLE ('',( #501 ) ) ;
#685 = ORIENTED_EDGE ( 'NONE', *, *, #80, .F. ) ;
#686 = ORIENTED_EDGE ( 'NONE', *, *, #1453, .F. ) ;
#687 = ORIENTED_EDGE ( 'NONE', *, *, #1575, .T. ) ;
#688 = CARTESIAN_POINT ( 'NONE',  ( -5.173787439878272387, -6.428814915369997607, 7.225329828040170099 ) ) ;
#689 = VECTOR ( 'NONE', #85, 999.9999999999998863 ) ;
#690 = EDGE_LOOP ( 'NONE', ( #184, #50, #2014, #1049 ) ) ;
#691 = AXIS2_PLACEMENT_3D ( 'NONE', #1099, #2185, #566 ) ;
#692 = CARTESIAN_POINT ( 'NONE',  ( 0.000000000000000000, 0.000000000000000000, 7.600000000000000533 ) ) ;
#693 = DIRECTION ( 'NONE',  ( -0.8660254037844384856, 0.5000000000000001110, 0.000000000000000000 ) ) ;
#694 = FILL_AREA_STYLE ('',( #2301 ) ) ;
#695 = EDGE_CURVE ( 'NONE', #1413, #1779, #161, .T. ) ;
#696 = DIRECTION ( 'NONE',  ( 1.000000000000000000, 0.000000000000000000, 0.000000000000000000 ) ) ;
#697 = DIRECTION ( 'NONE',  ( 1.000000000000000000, 0.000000000000000000, -0.000000000000000000 ) ) ;
#698 = AXIS2_PLACEMENT_3D ( 'NONE', #1533, #1740, #1361 ) ;
#699 = COLOUR_RGB ( '',1.000000000000000000, 1.000000000000000000, 1.000000000000000000 ) ;
#700 = ORIENTED_EDGE ( 'NONE', *, *, #2163, .T. ) ;
#701 = EDGE_LOOP ( 'NONE', ( #1613, #639, #609, #2055 ) ) ;
#702 = DIRECTION ( 'NONE',  ( 0.000000000000000000, 0.000000000000000000, 1.000000000000000000 ) ) ;
#703 = ORIENTED_EDGE ( 'NONE', *, *, #1326, .T. ) ;
#704 = PLANE ( 'NONE',  #992 ) ;
#705 = ORIENTED_EDGE ( 'NONE', *, *, #1764, .T. ) ;
#706 = CARTESIAN_POINT ( 'NONE',  ( 15.84826488925530619, -9.149999999999849365, 6.387488034358232980 ) ) ;
#707 = CARTESIAN_POINT ( 'NONE',  ( 0.000000000000000000, 0.000000000000000000, 5.300000000000000711 ) ) ;
#708 = CARTESIAN_POINT ( 'NONE',  ( 2.784262447624680004, -7.649698204684090008, 6.387488034358232980 ) ) ;
#709 = AXIS2_PLACEMENT_3D ( 'NONE', #719, #1440, #1978 ) ;
#710 = ADVANCED_FACE ( 'NONE', ( #862 ), #2117, .F. ) ;
#711 = DIRECTION ( 'NONE',  ( 0.000000000000000000, 0.000000000000000000, 1.000000000000000000 ) ) ;
#712 = EDGE_LOOP ( 'NONE', ( #2066, #1080 ) ) ;
#713 = ORIENTED_EDGE ( 'NONE', *, *, #486, .T. ) ;
#714 = DIRECTION ( 'NONE',  ( 1.000000000000000000, 0.000000000000000000, 0.000000000000000000 ) ) ;
#715 = ORIENTED_EDGE ( 'NONE', *, *, #1254, .F. ) ;
#716 = FACE_OUTER_BOUND ( 'NONE', #712, .T. ) ;
#717 = VERTEX_POINT ( 'NONE', #655 ) ;
#718 = DIRECTION ( 'NONE',  ( 0.000000000000000000, 0.000000000000000000, 1.000000000000000000 ) ) ;
#719 = CARTESIAN_POINT ( 'NONE',  ( -11.76301325726368852, 14.01861330907727776, 7.629833539901325956 ) ) ;
#720 = DIRECTION ( 'NONE',  ( -0.3001211083411353120, 0.000000000000000000, 0.9539011061572832961 ) ) ;
#721 = CARTESIAN_POINT ( 'NONE',  ( 3.800000000000000266, 2.199999999999999289, -14.80000000000000071 ) ) ;
#722 = DIRECTION ( 'NONE',  ( 1.000000000000000000, 0.000000000000000000, -0.000000000000000000 ) ) ;
#723 = AXIS2_PLACEMENT_3D ( 'NONE', #2227, #1872, #766 ) ;
#724 = ORIENTED_EDGE ( 'NONE', *, *, #1933, .T. ) ;
#725 = ORIENTED_EDGE ( 'NONE', *, *, #1892, .T. ) ;
#726 = PLANE ( 'NONE',  #78 ) ;
#727 = EDGE_CURVE ( 'NONE', #1587, #1088, #1041, .T. ) ;
#728 = EDGE_LOOP ( 'NONE', ( #545, #872, #451, #1976 ) ) ;
#729 = DIRECTION ( 'NONE',  ( 1.000000000000000000, 0.000000000000000000, 0.000000000000000000 ) ) ;
#730 = ORIENTED_EDGE ( 'NONE', *, *, #137, .F. ) ;
#731 = CARTESIAN_POINT ( 'NONE',  ( -3.799999999999999378, 2.200000000000001066, -14.80000000000000071 ) ) ;
#732 = SURFACE_STYLE_USAGE ( .BOTH. , #912 ) ;
#733 = FILL_AREA_STYLE ('',( #2156 ) ) ;
#734 = PLANE ( 'NONE',  #454 ) ;
#735 = APPLICATION_PROTOCOL_DEFINITION ( 'draft international standard', 'automotive_design', 1998, #1213 ) ;
#736 = TOROIDAL_SURFACE ( 'NONE', #1037, 3.849999999999999201, 1.000000000000000000 ) ;
#737 = VERTEX_POINT ( 'NONE', #1028 ) ;
#738 = DIRECTION ( 'NONE',  ( 1.000000000000000000, 0.000000000000000000, 0.000000000000000000 ) ) ;
#739 = ORIENTED_EDGE ( 'NONE', *, *, #1085, .F. ) ;
#740 = EDGE_CURVE ( 'NONE', #1031, #1262, #1212, .T. ) ;
#741 = FACE_OUTER_BOUND ( 'NONE', #1277, .T. ) ;
#742 = FACE_OUTER_BOUND ( 'NONE', #1455, .T. ) ;
#743 = FILL_AREA_STYLE ('',( #1832 ) ) ;
#744 = COLOUR_RGB ( '',0.2509803921568627416, 0.2509803921568627416, 0.2509803921568627416 ) ;
#745 = ORIENTED_EDGE ( 'NONE', *, *, #1387, .F. ) ;
#746 = UNCERTAINTY_MEASURE_WITH_UNIT (LENGTH_MEASURE( 1.000000000000000082E-05 ), #1712, 'distance_accuracy_value', 'NONE');
#747 = AXIS2_PLACEMENT_3D ( 'NONE', #1103, #211, #1521 ) ;
#748 = EDGE_LOOP ( 'NONE', ( #850, #2138, #2274, #2257 ) ) ;
#749 = CARTESIAN_POINT ( 'NONE',  ( 5.577267429832168943, -2.929861432923630105, 7.600000000000000533 ) ) ;
#750 = DIRECTION ( 'NONE',  ( 0.000000000000000000, 0.000000000000000000, 1.000000000000000000 ) ) ;
#751 = DIRECTION ( 'NONE',  ( 0.000000000000000000, 0.000000000000000000, 1.000000000000000000 ) ) ;
#752 = DIRECTION ( 'NONE',  ( -0.8660254037844432595, 0.4999999999999919509, 0.000000000000000000 ) ) ;
#753 = LINE ( 'NONE', #1428, #644 ) ;
#754 = DIRECTION ( 'NONE',  ( 0.9848077530122062440, 0.1736481776669404342, 0.000000000000000000 ) ) ;
#755 = EDGE_CURVE ( 'NONE', #672, #90, #121, .T. ) ;
#756 = EDGE_CURVE ( 'NONE', #1622, #717, #1930, .T. ) ;
#757 = FACE_OUTER_BOUND ( 'NONE', #1434, .T. ) ;
#758 = EDGE_CURVE ( 'NONE', #1131, #1032, #1776, .T. ) ;
#759 = ORIENTED_EDGE ( 'NONE', *, *, #1932, .T. ) ;
#760 = LINE ( 'NONE', #576, #117 ) ;
#761 = CARTESIAN_POINT ( 'NONE',  ( 0.000000000000000000, 0.000000000000000000, 7.600000000000000533 ) ) ;
#762 = CARTESIAN_POINT ( 'NONE',  ( 7.530789258985258319E-17, 4.270922821185617780E-16, 7.600000000000000533 ) ) ;
#763 = CARTESIAN_POINT ( 'NONE',  ( -3.799999999999999822, 8.673617379884035472E-16, -14.80000000000000071 ) ) ;
#764 = DIRECTION ( 'NONE',  ( -1.000000000000000000, 0.000000000000000000, 0.000000000000000000 ) ) ;
#765 = FACE_OUTER_BOUND ( 'NONE', #1275, .T. ) ;
#766 = DIRECTION ( 'NONE',  ( 1.000000000000000000, 0.000000000000000000, 0.000000000000000000 ) ) ;
#767 = MECHANICAL_DESIGN_GEOMETRIC_PRESENTATION_REPRESENTATION (  '', ( #1968 ), #156 ) ;
#768 = EDGE_CURVE ( 'NONE', #163, #1090, #1009, .T. ) ;
#769 = STYLED_ITEM ( 'NONE', ( #884 ), #710 ) ;
#770 = ORIENTED_EDGE ( 'NONE', *, *, #1211, .F. ) ;
#771 = CARTESIAN_POINT ( 'NONE',  ( 0.000000000000000000, 0.000000000000000000, 7.600000000000000533 ) ) ;
#772 = AXIS2_PLACEMENT_3D ( 'NONE', #934, #2325, #919 ) ;
#773 = CARTESIAN_POINT ( 'NONE',  ( -6.392483749842265972, 5.040451518267239805, 7.600000000000000533 ) ) ;
#774 = DIRECTION ( 'NONE',  ( 0.000000000000000000, 0.000000000000000000, 1.000000000000000000 ) ) ;
#775 = DIRECTION ( 'NONE',  ( -0.7071067811865474617, 0.000000000000000000, -0.7071067811865474617 ) ) ;
#776 = CARTESIAN_POINT ( 'NONE',  ( -2.971091993832635669, 5.731023726574628441, 6.830430450362792172 ) ) ;
#777 =( NAMED_UNIT ( * ) PLANE_ANGLE_UNIT ( ) SI_UNIT ( $, .RADIAN. ) );
#778 = VECTOR ( 'NONE', #3, 1000.000000000000000 ) ;
#779 = TOROIDAL_SURFACE ( 'NONE', #659, 3.849999999999999201, 1.000000000000000000 ) ;
#780 = EDGE_CURVE ( 'NONE', #939, #856, #2188, .T. ) ;
#781 = ORIENTED_EDGE ( 'NONE', *, *, #1023, .F. ) ;
#782 =( GEOMETRIC_REPRESENTATION_CONTEXT ( 3 ) GLOBAL_UNCERTAINTY_ASSIGNED_CONTEXT ( ( #242 ) ) GLOBAL_UNIT_ASSIGNED_CONTEXT ( ( #1817, #1458, #44 ) ) REPRESENTATION_CONTEXT ( 'NONE', 'WORKASPACE' ) );
#783 = AXIS2_PLACEMENT_3D ( 'NONE', #605, #815, #252 ) ;
#784 = DIRECTION ( 'NONE',  ( -0.5000000000000001110, 0.8660254037844385966, 0.000000000000000000 ) ) ;
#785 = FACE_OUTER_BOUND ( 'NONE', #1677, .T. ) ;
#786 = CARTESIAN_POINT ( 'NONE',  ( 2.154726902951757950, -5.920063510951210972, 1.400000000000001021 ) ) ;
#787 = CARTESIAN_POINT ( 'NONE',  ( 5.900000000000001243, 7.225416114969385180E-16, -9.099999999999999645 ) ) ;
#788 = EDGE_LOOP ( 'NONE', ( #2146, #822, #1983, #1698 ) ) ;
#789 = EDGE_CURVE ( 'NONE', #1229, #910, #45, .T. ) ;
#790 = DIRECTION ( 'NONE',  ( 0.000000000000000000, 0.000000000000000000, 1.000000000000000000 ) ) ;
#791 = CARTESIAN_POINT ( 'NONE',  ( -3.849999999999999201, 4.714890176717308529E-16, 14.49999999999999822 ) ) ;
#792 =( NAMED_UNIT ( * ) PLANE_ANGLE_UNIT ( ) SI_UNIT ( $, .RADIAN. ) );
#793 = MECHANICAL_DESIGN_GEOMETRIC_PRESENTATION_REPRESENTATION (  '', ( #876 ), #411 ) ;
#794 = DIRECTION ( 'NONE',  ( 0.000000000000000000, 1.000000000000000000, 0.000000000000000000 ) ) ;
#795 = FILL_AREA_STYLE_COLOUR ( '', #744 ) ;
#796 = AXIS2_PLACEMENT_3D ( 'NONE', #1552, #2061, #278 ) ;
#797 = ORIENTED_EDGE ( 'NONE', *, *, #46, .F. ) ;
#798 = CIRCLE ( 'NONE', #1437, 8.140638795573719833 ) ;
#799 = ORIENTED_EDGE ( 'NONE', *, *, #855, .F. ) ;
#800 =( NAMED_UNIT ( * ) SI_UNIT ( $, .STERADIAN. ) SOLID_ANGLE_UNIT ( ) );
#801 = EDGE_CURVE ( 'NONE', #473, #440, #200, .T. ) ;
#802 = AXIS2_PLACEMENT_3D ( 'NONE', #761, #1778, #1995 ) ;
#803 = DIRECTION ( 'NONE',  ( 0.000000000000000000, 0.000000000000000000, 1.000000000000000000 ) ) ;
#804 = LINE ( 'NONE', #953, #2075 ) ;
#805 = VERTEX_POINT ( 'NONE', #1964 ) ;
#806 = CYLINDRICAL_SURFACE ( 'NONE', #366, 8.140638795573719833 ) ;
#807 = DIRECTION ( 'NONE',  ( -1.971276677246371519E-16, -1.000000000000000000, 0.000000000000000000 ) ) ;
#808 =( LENGTH_UNIT ( ) NAMED_UNIT ( * ) SI_UNIT ( .MILLI., .METRE. ) );
#809 = ORIENTED_EDGE ( 'NONE', *, *, #573, .T. ) ;
#810 = EDGE_LOOP ( 'NONE', ( #1492, #2151, #1402, #1690 ) ) ;
#811 = ORIENTED_EDGE ( 'NONE', *, *, #991, .T. ) ;
#812 = DIRECTION ( 'NONE',  ( -0.000000000000000000, -0.000000000000000000, 1.000000000000000000 ) ) ;
#813 = DIRECTION ( 'NONE',  ( 0.000000000000000000, 0.000000000000000000, 1.000000000000000000 ) ) ;
#814 = VERTEX_POINT ( 'NONE', #2179 ) ;
#815 = DIRECTION ( 'NONE',  ( 0.2820215908502535784, -0.1026474644898919403, 0.9539011061572832961 ) ) ;
#816 = CARTESIAN_POINT ( 'NONE',  ( 0.000000000000000000, 0.000000000000000000, 7.600000000000000533 ) ) ;
#817 = EDGE_CURVE ( 'NONE', #1570, #1182, #524, .T. ) ;
#818 = ADVANCED_FACE ( 'NONE', ( #742 ), #380, .F. ) ;
#819 = VERTEX_POINT ( 'NONE', #372 ) ;
#820 = EDGE_CURVE ( 'NONE', #1751, #473, #2161, .T. ) ;
#821 = ORIENTED_EDGE ( 'NONE', *, *, #335, .F. ) ;
#822 = ORIENTED_EDGE ( 'NONE', *, *, #1582, .T. ) ;
#823 =( NAMED_UNIT ( * ) PLANE_ANGLE_UNIT ( ) SI_UNIT ( $, .RADIAN. ) );
#824 = CIRCLE ( 'NONE', #599, 4.849999999999999645 ) ;
#825 = CARTESIAN_POINT ( 'NONE',  ( 0.000000000000000000, 0.000000000000000000, 7.600000000000000533 ) ) ;
#826 = FACE_OUTER_BOUND ( 'NONE', #913, .T. ) ;
#827 = ORIENTED_EDGE ( 'NONE', *, *, #2182, .F. ) ;
#828 = CARTESIAN_POINT ( 'NONE',  ( -7.049999999999999822, 4.070319397786860804, 1.400000000000001021 ) ) ;
#829 = DIRECTION ( 'NONE',  ( -0.000000000000000000, -0.000000000000000000, 1.000000000000000000 ) ) ;
#830 = DIRECTION ( 'NONE',  ( -1.000000000000000000, 0.000000000000000000, 0.000000000000000000 ) ) ;
#831 = PRODUCT_DEFINITION_FORMATION_WITH_SPECIFIED_SOURCE ( 'ANY', '', #1922, .NOT_KNOWN. ) ;
#832 = ADVANCED_FACE ( 'NONE', ( #1806, #1093 ), #1084, .F. ) ;
#833 = ORIENTED_EDGE ( 'NONE', *, *, #2177, .T. ) ;
#834 = VECTOR ( 'NONE', #907, 1000.000000000000000 ) ;
#835 = ORIENTED_EDGE ( 'NONE', *, *, #1753, .F. ) ;
#836 = ORIENTED_EDGE ( 'NONE', *, *, #755, .F. ) ;
#837 = FILL_AREA_STYLE_COLOUR ( '', #699 ) ;
#838 = VECTOR ( 'NONE', #764, 1000.000000000000000 ) ;
#839 = CARTESIAN_POINT ( 'NONE',  ( 0.000000000000000000, 0.000000000000000000, 11.60000000000000142 ) ) ;
#840 = DIRECTION ( 'NONE',  ( -1.971276677246371519E-16, -1.000000000000000000, 0.000000000000000000 ) ) ;
#841 = ORIENTED_EDGE ( 'NONE', *, *, #820, .F. ) ;
#842 = DIRECTION ( 'NONE',  ( 0.000000000000000000, 1.000000000000000000, 0.000000000000000000 ) ) ;
#843 =( BOUNDED_CURVE ( )  B_SPLINE_CURVE ( 3, ( #961, #1513, #1881, #1673 ),
 .UNSPECIFIED., .F., .T. ) 
 B_SPLINE_CURVE_WITH_KNOTS ( ( 4, 4 ),
 ( 4.219234714496181482, 4.712388980384689674 ),
 .UNSPECIFIED. ) 
 CURVE ( )  GEOMETRIC_REPRESENTATION_ITEM ( )  RATIONAL_B_SPLINE_CURVE ( ( 1.000000000000000000, 0.9798357166840574450, 0.9798357166840574450, 1.000000000000000000 ) ) 
 REPRESENTATION_ITEM ( '' )  );
#844 = VECTOR ( 'NONE', #1642, 1000.000000000000000 ) ;
#845 = CARTESIAN_POINT ( 'NONE',  ( -3.849999999999999201, 5.327213576290986242E-16, 15.50000000000000000 ) ) ;
#846 = CARTESIAN_POINT ( 'NONE',  ( 2.800000000000000266, 2.199999999999999289, -9.099999999999999645 ) ) ;
#847 = CARTESIAN_POINT ( 'NONE',  ( 5.232701752728268652, 6.236091112788088253, 6.387488034358232980 ) ) ;
#848 = CARTESIAN_POINT ( 'NONE',  ( 0.000000000000000000, 8.140638795573719833, 7.600000000000000533 ) ) ;
#849 = EDGE_CURVE ( 'NONE', #1090, #1542, #1269, .T. ) ;
#850 = ORIENTED_EDGE ( 'NONE', *, *, #1838, .F. ) ;
#851 = CIRCLE ( 'NONE', #1368, 8.140638795573719833 ) ;
#852 = ORIENTED_EDGE ( 'NONE', *, *, #2102, .T. ) ;
#853 = LINE ( 'NONE', #1163, #1290 ) ;
#854 = ADVANCED_FACE ( 'NONE', ( #391 ), #1468, .T. ) ;
#855 = EDGE_CURVE ( 'NONE', #2100, #1131, #2167, .T. ) ;
#856 = VERTEX_POINT ( 'NONE', #1452 ) ;
#857 = CYLINDRICAL_SURFACE ( 'NONE', #1192, 4.849999999999999645 ) ;
#858 = DIRECTION ( 'NONE',  ( -1.000000000000000000, 1.971276677246371519E-16, 0.000000000000000000 ) ) ;
#859 = VECTOR ( 'NONE', #119, 1000.000000000000000 ) ;
#860 = DIRECTION ( 'NONE',  ( 1.000000000000000000, 0.000000000000000000, 0.000000000000000000 ) ) ;
#861 = DIRECTION ( 'NONE',  ( -0.000000000000000000, -0.000000000000000000, 1.000000000000000000 ) ) ;
#862 = FACE_OUTER_BOUND ( 'NONE', #100, .T. ) ;
#863 = ORIENTED_EDGE ( 'NONE', *, *, #1419, .T. ) ;
#864 = VERTEX_POINT ( 'NONE', #946 ) ;
#865 = FACE_OUTER_BOUND ( 'NONE', #1624, .T. ) ;
#866 = ADVANCED_FACE ( 'NONE', ( #923 ), #898, .T. ) ;
#867 = ORIENTED_EDGE ( 'NONE', *, *, #2041, .T. ) ;
#868 = FACE_OUTER_BOUND ( 'NONE', #1013, .T. ) ;
#869 = DIRECTION ( 'NONE',  ( -0.000000000000000000, -0.000000000000000000, 1.000000000000000000 ) ) ;
#870 = LINE ( 'NONE', #962, #1265 ) ;
#871 = DIRECTION ( 'NONE',  ( 0.9848077530122062440, 0.1736481776669404342, -0.000000000000000000 ) ) ;
#872 = ORIENTED_EDGE ( 'NONE', *, *, #68, .F. ) ;
#873 = ORIENTED_EDGE ( 'NONE', *, *, #2318, .T. ) ;
#874 = LINE ( 'NONE', #1586, #834 ) ;
#875 = VERTEX_POINT ( 'NONE', #212 ) ;
#876 = STYLED_ITEM ( 'NONE', ( #1879 ), #932 ) ;
#877 = DIRECTION ( 'NONE',  ( -1.000000000000000000, 1.971276677246371519E-16, 0.000000000000000000 ) ) ;
#878 = VERTEX_POINT ( 'NONE', #1620 ) ;
#879 = AXIS2_PLACEMENT_3D ( 'NONE', #1276, #147, #2137 ) ;
#880 = EDGE_CURVE ( 'NONE', #163, #1195, #753, .T. ) ;
#881 = DIRECTION ( 'NONE',  ( -0.000000000000000000, -0.000000000000000000, 1.000000000000000000 ) ) ;
#882 = CARTESIAN_POINT ( 'NONE',  ( 5.455960043841995066, -3.149999999999951061, 1.400000000000001021 ) ) ;
#883 = CARTESIAN_POINT ( 'NONE',  ( 0.000000000000000000, 0.000000000000000000, 11.60000000000000142 ) ) ;
#884 = PRESENTATION_STYLE_ASSIGNMENT (( #306 ) ) ;
#885 = CARTESIAN_POINT ( 'NONE',  ( 8.140638795573719833, 9.969407244014120020E-16, 6.832244125362088916 ) ) ;
#886 = AXIS2_PLACEMENT_3D ( 'NONE', #1412, #2139, #1375 ) ;
#887 = VECTOR ( 'NONE', #2109, 1000.000000000000114 ) ;
#888 = MANIFOLD_SOLID_BREP ( 'Fillet1', #1304 ) ;
#889 = ORIENTED_EDGE ( 'NONE', *, *, #1557, .F. ) ;
#890 = VERTEX_POINT ( 'NONE', #2039 ) ;
#891 = CARTESIAN_POINT ( 'NONE',  ( 11.76301325726349845, 14.01861330907743763, 6.387488034358232980 ) ) ;
#892 = VECTOR ( 'NONE', #1782, 1000.000000000000114 ) ;
#893 = EDGE_LOOP ( 'NONE', ( #222, #2147, #1709, #1905 ) ) ;
#894 = DIRECTION ( 'NONE',  ( -0.3420201433256630508, -0.9396926207859104263, 0.000000000000000000 ) ) ;
#895 = ORIENTED_EDGE ( 'NONE', *, *, #137, .T. ) ;
#896 = CARTESIAN_POINT ( 'NONE',  ( -3.621418037119752853, 1.318088371346302301, 7.600000000000000533 ) ) ;
#897 = FACE_OUTER_BOUND ( 'NONE', #1206, .T. ) ;
#898 = PLANE ( 'NONE',  #353 ) ;
#899 = CARTESIAN_POINT ( 'NONE',  ( 18.02198188012336999, 3.177761651305009316, 7.629833539901325956 ) ) ;
#900 = CIRCLE ( 'NONE', #216, 6.300000000000003375 ) ;
#901 =( GEOMETRIC_REPRESENTATION_CONTEXT ( 3 ) GLOBAL_UNCERTAINTY_ASSIGNED_CONTEXT ( ( #1318 ) ) GLOBAL_UNIT_ASSIGNED_CONTEXT ( ( #1461, #16, #392 ) ) REPRESENTATION_CONTEXT ( 'NONE', 'WORKASPACE' ) );
#902 = FACE_OUTER_BOUND ( 'NONE', #1261, .T. ) ;
#903 = EDGE_CURVE ( 'NONE', #1546, #1564, #2263, .T. ) ;
#904 = EDGE_CURVE ( 'NONE', #148, #1310, #443, .T. ) ;
#905 = ORIENTED_EDGE ( 'NONE', *, *, #1068, .T. ) ;
#906 = ORIENTED_EDGE ( 'NONE', *, *, #1271, .T. ) ;
#907 = DIRECTION ( 'NONE',  ( -0.000000000000000000, -0.000000000000000000, 1.000000000000000000 ) ) ;
#908 = VERTEX_POINT ( 'NONE', #1315 ) ;
#909 = DIRECTION ( 'NONE',  ( -0.8660254037844384856, 0.5000000000000002220, 0.000000000000000000 ) ) ;
#910 = VERTEX_POINT ( 'NONE', #1672 ) ;
#911 = DIRECTION ( 'NONE',  ( 0.000000000000000000, 0.000000000000000000, -1.000000000000000000 ) ) ;
#912 = SURFACE_SIDE_STYLE ('',( #186 ) ) ;
#913 = EDGE_LOOP ( 'NONE', ( #2135, #1203, #1295, #811 ) ) ;
#914 = EDGE_CURVE ( 'NONE', #1229, #819, #804, .T. ) ;
#915 = ORIENTED_EDGE ( 'NONE', *, *, #1313, .T. ) ;
#916 = VECTOR ( 'NONE', #2029, 1000.000000000000114 ) ;
#917 = CARTESIAN_POINT ( 'NONE',  ( -7.049999999999999822, 4.070319397786860804, 1.400000000000001021 ) ) ;
#918 = ORIENTED_EDGE ( 'NONE', *, *, #740, .T. ) ;
#919 = DIRECTION ( 'NONE',  ( 1.000000000000000000, 0.000000000000000000, -0.000000000000000000 ) ) ;
#920 = AXIS2_PLACEMENT_3D ( 'NONE', #1183, #1883, #1606 ) ;
#921 = FACE_OUTER_BOUND ( 'NONE', #1574, .T. ) ;
#922 = AXIS2_PLACEMENT_3D ( 'NONE', #771, #205, #1638 ) ;
#923 = FACE_OUTER_BOUND ( 'NONE', #1777, .T. ) ;
#924 = SURFACE_STYLE_FILL_AREA ( #733 ) ;
#925 = DIRECTION ( 'NONE',  ( -1.000000000000000000, 1.065471346622099196E-16, 0.000000000000000000 ) ) ;
#926 =( NAMED_UNIT ( * ) PLANE_ANGLE_UNIT ( ) SI_UNIT ( $, .RADIAN. ) );
#927 = VECTOR ( 'NONE', #1960, 1000.000000000000000 ) ;
#928 = EDGE_CURVE ( 'NONE', #805, #819, #420, .T. ) ;
#929 = CIRCLE ( 'NONE', #2200, 6.300000000000003375 ) ;
#930 = FACE_OUTER_BOUND ( 'NONE', #1176, .T. ) ;
#931 = ORIENTED_EDGE ( 'NONE', *, *, #597, .F. ) ;
#932 = ADVANCED_FACE ( 'NONE', ( #1166 ), #239, .T. ) ;
#933 = ADVANCED_FACE ( 'NONE', ( #228 ), #2235, .T. ) ;
#934 = CARTESIAN_POINT ( 'NONE',  ( 0.000000000000000000, 0.000000000000000000, 11.60000000000000142 ) ) ;
#935 = PLANE ( 'NONE',  #585 ) ;
#936 = VECTOR ( 'NONE', #1491, 1000.000000000000000 ) ;
#937 = CARTESIAN_POINT ( 'NONE',  ( 7.049999999999997158, 4.070319397786859028, 1.400000000000001021 ) ) ;
#938 = AXIS2_PLACEMENT_3D ( 'NONE', #1314, #274, #1498 ) ;
#939 = VERTEX_POINT ( 'NONE', #626 ) ;
#940 = CARTESIAN_POINT ( 'NONE',  ( 6.200000000000001954, 0.000000000000000000, 9.099999999999999645 ) ) ;
#941 =( BOUNDED_CURVE ( )  B_SPLINE_CURVE ( 3, ( #1910, #1924, #1364, #1714 ),
 .UNSPECIFIED., .F., .F. ) 
 B_SPLINE_CURVE_WITH_KNOTS ( ( 4, 4 ),
 ( 0.9125639868195460913, 1.570796326794896558 ),
 .UNSPECIFIED. ) 
 CURVE ( )  GEOMETRIC_REPRESENTATION_ITEM ( )  RATIONAL_B_SPLINE_CURVE ( ( 1.000000000000000000, 0.9642189152945457309, 0.9642189152945457309, 1.000000000000000000 ) ) 
 REPRESENTATION_ITEM ( '' )  );
#942 = DIRECTION ( 'NONE',  ( 0.000000000000000000, 0.000000000000000000, -1.000000000000000000 ) ) ;
#943 = CARTESIAN_POINT ( 'NONE',  ( -8.016964200352967751, 1.413607091896067480, 6.387488034358232980 ) ) ;
#944 = EDGE_CURVE ( 'NONE', #717, #2236, #1133, .T. ) ;
#945 = CARTESIAN_POINT ( 'NONE',  ( -5.232701752728349476, 6.236091112788010982, 7.600000000000000533 ) ) ;
#946 = CARTESIAN_POINT ( 'NONE',  ( 8.140638795573719833, 9.969407244014120020E-16, 6.832244125362088916 ) ) ;
#947 = FILL_AREA_STYLE ('',( #972 ) ) ;
#948 = ORIENTED_EDGE ( 'NONE', *, *, #991, .F. ) ;
#949 = COLOUR_RGB ( '',0.2509803921568627416, 0.2509803921568627416, 0.2509803921568627416 ) ;
#950 = PLANE ( 'NONE',  #1139 ) ;
#951 = LINE ( 'NONE', #1688, #1670 ) ;
#952 = CYLINDRICAL_SURFACE ( 'NONE', #134, 6.200000000000001954 ) ;
#953 = CARTESIAN_POINT ( 'NONE',  ( 3.800000000000000266, 2.199999999999999289, -14.80000000000000071 ) ) ;
#954 = EDGE_CURVE ( 'NONE', #1779, #908, #615, .T. ) ;
#955 = CARTESIAN_POINT ( 'NONE',  ( -0.2512992844358862832, 6.294985994396020246, 7.600000000000000533 ) ) ;
#956 = STYLED_ITEM ( 'NONE', ( #102 ), #1137 ) ;
#957 = VERTEX_POINT ( 'NONE', #1480 ) ;
#958 = DIRECTION ( 'NONE',  ( -0.8660254037844385966, -0.5000000000000001110, 0.000000000000000000 ) ) ;
#959 = CYLINDRICAL_SURFACE ( 'NONE', #613, 7.150000000000000355 ) ;
#960 = CARTESIAN_POINT ( 'NONE',  ( 0.000000000000000000, 6.300000000000003375, 1.400000000000001021 ) ) ;
#961 = CARTESIAN_POINT ( 'NONE',  ( 3.853832579946179671, 7.170632778614823621, 7.600000000000000533 ) ) ;
#962 = CARTESIAN_POINT ( 'NONE',  ( -2.784262447624576531, -7.649698204684127312, 7.600000000000000533 ) ) ;
#963 = VECTOR ( 'NONE', #1140, 1000.000000000000000 ) ;
#964 = EDGE_CURVE ( 'NONE', #473, #2306, #2207, .T. ) ;
#965 = ORIENTED_EDGE ( 'NONE', *, *, #880, .T. ) ;
#966 = CIRCLE ( 'NONE', #249, 8.140638795573719833 ) ;
#967 = AXIS2_PLACEMENT_3D ( 'NONE', #1730, #1039, #2315 ) ;
#968 = CARTESIAN_POINT ( 'NONE',  ( 7.730905758924475180, -2.550116888816737593, 7.600000000000000533 ) ) ;
#969 = DIRECTION ( 'NONE',  ( 0.000000000000000000, 0.000000000000000000, 1.000000000000000000 ) ) ;
#970 = SURFACE_SIDE_STYLE ('',( #582 ) ) ;
#971 = CARTESIAN_POINT ( 'NONE',  ( 11.76301325726349845, 14.01861330907743763, 6.387488034358232980 ) ) ;
#972 = FILL_AREA_STYLE_COLOUR ( '', #528 ) ;
#973 = DIRECTION ( 'NONE',  ( 0.000000000000000000, 0.000000000000000000, 1.000000000000000000 ) ) ;
#974 = EDGE_LOOP ( 'NONE', ( #369, #1558 ) ) ;
#975 = ADVANCED_FACE ( 'NONE', ( #1005 ), #1549, .T. ) ;
#976 = ORIENTED_EDGE ( 'NONE', *, *, #679, .F. ) ;
#977 = PLANE ( 'NONE',  #1274 ) ;
#978 = CARTESIAN_POINT ( 'NONE',  ( 0.000000000000000000, 0.000000000000000000, 7.600000000000000533 ) ) ;
#979 = DIRECTION ( 'NONE',  ( -1.971276677246371519E-16, -1.000000000000000000, 0.000000000000000000 ) ) ;
#980 = ORIENTED_EDGE ( 'NONE', *, *, #1748, .F. ) ;
#981 = CARTESIAN_POINT ( 'NONE',  ( 6.150000000000003020, 7.531577814756225022E-16, 11.60000000000000142 ) ) ;
#982 = DIRECTION ( 'NONE',  ( -0.000000000000000000, -0.000000000000000000, 1.000000000000000000 ) ) ;
#983 = PLANE ( 'NONE',  #129 ) ;
#984 = AXIS2_PLACEMENT_3D ( 'NONE', #1899, #858, #807 ) ;
#985 = EDGE_LOOP ( 'NONE', ( #1706, #1444 ) ) ;
#986 = VECTOR ( 'NONE', #1227, 1000.000000000000000 ) ;
#987 = ORIENTED_EDGE ( 'NONE', *, *, #789, .T. ) ;
#988 = ORIENTED_EDGE ( 'NONE', *, *, #190, .F. ) ;
#989 = SURFACE_SIDE_STYLE ('',( #469 ) ) ;
#990 = ADVANCED_FACE ( 'NONE', ( #826 ), #1522, .T. ) ;
#991 = EDGE_CURVE ( 'NONE', #805, #957, #1350, .T. ) ;
#992 = AXIS2_PLACEMENT_3D ( 'NONE', #825, #103, #324 ) ;
#993 = CARTESIAN_POINT ( 'NONE',  ( 0.000000000000000000, 0.000000000000000000, 7.600000000000000533 ) ) ;
#994 = ORIENTED_EDGE ( 'NONE', *, *, #2254, .F. ) ;
#995 = AXIS2_PLACEMENT_3D ( 'NONE', #1040, #2115, #462 ) ;
#996 = DIRECTION ( 'NONE',  ( 0.000000000000000000, 0.000000000000000000, 1.000000000000000000 ) ) ;
#997 = ADVANCED_FACE ( 'NONE', ( #457 ), #1534, .T. ) ;
#998 = CARTESIAN_POINT ( 'NONE',  ( 2.154726902951756617, -5.920063510951208308, 6.387488034358232980 ) ) ;
#999 = VECTOR ( 'NONE', #201, 1000.000000000000000 ) ;
#1000 = ORIENTED_EDGE ( 'NONE', *, *, #337, .T. ) ;
#1001 = ORIENTED_EDGE ( 'NONE', *, *, #151, .T. ) ;
#1002 = ORIENTED_EDGE ( 'NONE', *, *, #1449, .F. ) ;
#1003 = VECTOR ( 'NONE', #1004, 1000.000000000000114 ) ;
#1004 = DIRECTION ( 'NONE',  ( 0.8660254037844385966, 0.5000000000000001110, 0.000000000000000000 ) ) ;
#1005 = FACE_OUTER_BOUND ( 'NONE', #7, .T. ) ;
#1006 = ORIENTED_EDGE ( 'NONE', *, *, #1943, .T. ) ;
#1007 = CARTESIAN_POINT ( 'NONE',  ( 0.000000000000000000, 0.000000000000000000, 15.50000000000000000 ) ) ;
#1008 = EDGE_CURVE ( 'NONE', #1779, #1413, #196, .T. ) ;
#1009 =( BOUNDED_CURVE ( )  B_SPLINE_CURVE ( 3, ( #341, #1105, #561, #28 ),
 .UNSPECIFIED., .F., .F. ) 
 B_SPLINE_CURVE_WITH_KNOTS ( ( 4, 4 ),
 ( 4.219234714496181482, 4.712388980384689674 ),
 .UNSPECIFIED. ) 
 CURVE ( )  GEOMETRIC_REPRESENTATION_ITEM ( )  RATIONAL_B_SPLINE_CURVE ( ( 1.000000000000000000, 0.9798357166840574450, 0.9798357166840574450, 1.000000000000000000 ) ) 
 REPRESENTATION_ITEM ( '' )  );
#1010 = FACE_OUTER_BOUND ( 'NONE', #748, .T. ) ;
#1011 = SURFACE_SIDE_STYLE ('',( #2228 ) ) ;
#1012 = CARTESIAN_POINT ( 'NONE',  ( 6.300000000000002487, -1.025798208865538852, 7.049521128065480369 ) ) ;
#1013 = EDGE_LOOP ( 'NONE', ( #1985, #1110, #725, #276 ) ) ;
#1014 = VERTEX_POINT ( 'NONE', #1389 ) ;
#1015 = VERTEX_POINT ( 'NONE', #304 ) ;
#1016 = CARTESIAN_POINT ( 'NONE',  ( 0.000000000000000000, 0.000000000000000000, 7.600000000000000533 ) ) ;
#1017 = AXIS2_PLACEMENT_3D ( 'NONE', #72, #595, #2032 ) ;
#1018 = FILL_AREA_STYLE_COLOUR ( '', #1888 ) ;
#1019 =( NAMED_UNIT ( * ) SI_UNIT ( $, .STERADIAN. ) SOLID_ANGLE_UNIT ( ) );
#1020 = ORIENTED_EDGE ( 'NONE', *, *, #1493, .F. ) ;
#1021 = CARTESIAN_POINT ( 'NONE',  ( -6.280967486990574500, 0.5652476133683066450, 7.529577478833695103 ) ) ;
#1022 = LINE ( 'NONE', #1353, #203 ) ;
#1023 = EDGE_CURVE ( 'NONE', #1264, #645, #1974, .T. ) ;
#1024 = COLOUR_RGB ( '',1.000000000000000000, 1.000000000000000000, 1.000000000000000000 ) ;
#1025 = DIRECTION ( 'NONE',  ( 0.8660254037844384856, -0.5000000000000001110, 0.000000000000000000 ) ) ;
#1026 = CARTESIAN_POINT ( 'NONE',  ( 0.000000000000000000, 0.000000000000000000, 15.50000000000000000 ) ) ;
#1027 =( BOUNDED_CURVE ( )  B_SPLINE_CURVE ( 3, ( #1342, #302, #2239, #998 ),
 .UNSPECIFIED., .F., .F. ) 
 B_SPLINE_CURVE_WITH_KNOTS ( ( 4, 4 ),
 ( 0.9125639868195463134, 1.570796326794896558 ),
 .UNSPECIFIED. ) 
 CURVE ( )  GEOMETRIC_REPRESENTATION_ITEM ( )  RATIONAL_B_SPLINE_CURVE ( ( 1.000000000000000000, 0.9642189152945457309, 0.9642189152945457309, 1.000000000000000000 ) ) 
 REPRESENTATION_ITEM ( '' )  );
#1028 = CARTESIAN_POINT ( 'NONE',  ( 6.200000000000001954, 0.000000000000000000, -0.7999999999999986011 ) ) ;
#1029 = EDGE_CURVE ( 'NONE', #182, #875, #504, .T. ) ;
#1030 = PRESENTATION_LAYER_ASSIGNMENT (  '', '', ( #956 ) ) ;
#1031 = VERTEX_POINT ( 'NONE', #1579 ) ;
#1032 = VERTEX_POINT ( 'NONE', #143 ) ;
#1033 = LINE ( 'NONE', #1178, #887 ) ;
#1034 = CARTESIAN_POINT ( 'NONE',  ( 7.049999999999997158, 4.070319397786859028, 5.300000000000000711 ) ) ;
#1035 = EDGE_LOOP ( 'NONE', ( #1887, #1550, #427, #516 ) ) ;
#1036 = LINE ( 'NONE', #828, #2205 ) ;
#1037 = AXIS2_PLACEMENT_3D ( 'NONE', #546, #750, #2186 ) ;
#1038 = FACE_OUTER_BOUND ( 'NONE', #1064, .T. ) ;
#1039 = DIRECTION ( 'NONE',  ( 0.000000000000000000, 0.000000000000000000, 1.000000000000000000 ) ) ;
#1040 = CARTESIAN_POINT ( 'NONE',  ( 0.000000000000000000, 0.000000000000000000, 5.300000000000000711 ) ) ;
#1041 = LINE ( 'NONE', #2291, #455 ) ;
#1042 = EDGE_CURVE ( 'NONE', #176, #814, #1296, .T. ) ;
#1043 = ORIENTED_EDGE ( 'NONE', *, *, #305, .T. ) ;
#1044 = STYLED_ITEM ( 'NONE', ( #618 ), #1643 ) ;
#1045 =( LENGTH_UNIT ( ) NAMED_UNIT ( * ) SI_UNIT ( .MILLI., .METRE. ) );
#1046 = EDGE_CURVE ( 'NONE', #1395, #245, #678, .T. ) ;
#1047 = AXIS2_PLACEMENT_3D ( 'NONE', #55, #813, #442 ) ;
#1048 = CARTESIAN_POINT ( 'NONE',  ( -1.599198204416119040E-15, 8.140638795573721609, 1.400000000000001021 ) ) ;
#1049 = ORIENTED_EDGE ( 'NONE', *, *, #1810, .F. ) ;
#1050 = PLANE ( 'NONE',  #2087 ) ;
#1051 = LINE ( 'NONE', #2089, #551 ) ;
#1052 = VERTEX_POINT ( 'NONE', #1901 ) ;
#1053 = EDGE_CURVE ( 'NONE', #452, #1587, #1745, .T. ) ;
#1054 = VERTEX_POINT ( 'NONE', #1769 ) ;
#1055 = FACE_OUTER_BOUND ( 'NONE', #1762, .T. ) ;
#1056 = ORIENTED_EDGE ( 'NONE', *, *, #1403, .T. ) ;
#1057 = LINE ( 'NONE', #1414, #1811 ) ;
#1058 = CARTESIAN_POINT ( 'NONE',  ( 0.000000000000000000, 0.000000000000000000, 9.099999999999999645 ) ) ;
#1059 = LINE ( 'NONE', #132, #1398 ) ;
#1060 = DIRECTION ( 'NONE',  ( -1.971276677246371519E-16, -1.000000000000000000, 0.000000000000000000 ) ) ;
#1061 = VERTEX_POINT ( 'NONE', #120 ) ;
#1062 = ORIENTED_EDGE ( 'NONE', *, *, #1753, .T. ) ;
#1063 = DIRECTION ( 'NONE',  ( 0.000000000000000000, -0.9648260166811047922, -0.2628892495620022141 ) ) ;
#1064 = EDGE_LOOP ( 'NONE', ( #2140, #94, #1161, #394, #127, #1001, #2324, #2111, #703, #1083, #1945, #1792, #1687, #1189, #2063, #2296, #1789, #1043, #22 ) ) ;
#1065 = PRESENTATION_LAYER_ASSIGNMENT (  '', '', ( #1968 ) ) ;
#1066 = DIRECTION ( 'NONE',  ( -1.971276677246371519E-16, -1.000000000000000000, 0.000000000000000000 ) ) ;
#1067 = ORIENTED_EDGE ( 'NONE', *, *, #347, .T. ) ;
#1068 = EDGE_CURVE ( 'NONE', #2236, #1545, #1989, .T. ) ;
#1069 = EDGE_CURVE ( 'NONE', #343, #1395, #929, .T. ) ;
#1070 = VECTOR ( 'NONE', #1060, 1000.000000000000000 ) ;
#1071 = DIRECTION ( 'NONE',  ( 1.000000000000000000, 0.000000000000000000, 0.000000000000000000 ) ) ;
#1072 = LINE ( 'NONE', #2278, #467 ) ;
#1073 = DIRECTION ( 'NONE',  ( 1.000000000000000000, 0.000000000000000000, -0.000000000000000000 ) ) ;
#1074 = LINE ( 'NONE', #1595, #1070 ) ;
#1075 = FACE_BOUND ( 'NONE', #893, .T. ) ;
#1076 = CIRCLE ( 'NONE', #1820, 4.849999999999999645 ) ;
#1077 = ORIENTED_EDGE ( 'NONE', *, *, #1748, .T. ) ;
#1078 = ORIENTED_EDGE ( 'NONE', *, *, #1875, .F. ) ;
#1079 = DIRECTION ( 'NONE',  ( -0.000000000000000000, -0.000000000000000000, 1.000000000000000000 ) ) ;
#1080 = ORIENTED_EDGE ( 'NONE', *, *, #695, .T. ) ;
#1081 = MECHANICAL_DESIGN_GEOMETRIC_PRESENTATION_REPRESENTATION (  '', ( #1044 ), #31 ) ;
#1082 = DIRECTION ( 'NONE',  ( 1.000000000000000000, 0.000000000000000000, 0.000000000000000000 ) ) ;
#1083 = ORIENTED_EDGE ( 'NONE', *, *, #600, .T. ) ;
#1084 = PLANE ( 'NONE',  #539 ) ;
#1085 = EDGE_CURVE ( 'NONE', #1014, #2100, #1059, .T. ) ;
#1086 = VECTOR ( 'NONE', #1664, 1000.000000000000000 ) ;
#1087 = PLANE ( 'NONE',  #591 ) ;
#1088 = VERTEX_POINT ( 'NONE', #1210 ) ;
#1089 = CARTESIAN_POINT ( 'NONE',  ( -6.073918887797290722, -5.420102337083616995, 7.600000000000000533 ) ) ;
#1090 = VERTEX_POINT ( 'NONE', #1568 ) ;
#1091 = CARTESIAN_POINT ( 'NONE',  ( 5.900000000000001243, 7.225416114969385180E-16, -0.7999999999999986011 ) ) ;
#1092 = DIRECTION ( 'NONE',  ( -1.000000000000000000, 0.000000000000000000, 0.000000000000000000 ) ) ;
#1093 = FACE_BOUND ( 'NONE', #985, .T. ) ;
#1094 = LINE ( 'NONE', #721, #999 ) ;
#1095 = ADVANCED_FACE ( 'NONE', ( #107 ), #1380, .T. ) ;
#1096 = VERTEX_POINT ( 'NONE', #2290 ) ;
#1097 = ADVANCED_FACE ( 'NONE', ( #1539 ), #1560, .T. ) ;
#1098 = ADVANCED_FACE ( 'NONE', ( #674 ), #647, .T. ) ;
#1099 = CARTESIAN_POINT ( 'NONE',  ( 0.000000000000000000, 0.000000000000000000, 7.600000000000000533 ) ) ;
#1100 = EDGE_LOOP ( 'NONE', ( #2171, #1938, #2174, #1601 ) ) ;
#1101 = PLANE ( 'NONE',  #772 ) ;
#1102 = CIRCLE ( 'NONE', #1625, 6.300000000000003375 ) ;
#1103 = CARTESIAN_POINT ( 'NONE',  ( 0.000000000000000000, 0.000000000000000000, 5.300000000000000711 ) ) ;
#1104 = CIRCLE ( 'NONE', #273, 4.849999999999999645 ) ;
#1105 = CARTESIAN_POINT ( 'NONE',  ( 5.432728010765999649, -6.211537977841269154, 7.225329828040170099 ) ) ;
#1106 = PRESENTATION_STYLE_ASSIGNMENT (( #364 ) ) ;
#1107 = CARTESIAN_POINT ( 'NONE',  ( -7.049999999999998934, -4.070319397786859028, 1.400000000000001021 ) ) ;
#1108 = APPLICATION_PROTOCOL_DEFINITION ( 'draft international standard', 'automotive_design', 1998, #246 ) ;
#1109 = AXIS2_PLACEMENT_3D ( 'NONE', #2018, #360, #1082 ) ;
#1110 = ORIENTED_EDGE ( 'NONE', *, *, #768, .T. ) ;
#1111 = AXIS2_PLACEMENT_3D ( 'NONE', #635, #1384, #125 ) ;
#1112 = CARTESIAN_POINT ( 'NONE',  ( -8.140638795573719833, 0.000000000000000000, 5.300000000000000711 ) ) ;
#1113 = EDGE_CURVE ( 'NONE', #2083, #1386, #1591, .T. ) ;
#1114 = DIRECTION ( 'NONE',  ( 0.5000000000000003331, 0.8660254037844385966, 0.000000000000000000 ) ) ;
#1115 = CARTESIAN_POINT ( 'NONE',  ( 8.140638795573718056, -0.8682711912912395302, 7.101273709203018925 ) ) ;
#1116 =( GEOMETRIC_REPRESENTATION_CONTEXT ( 3 ) GLOBAL_UNCERTAINTY_ASSIGNED_CONTEXT ( ( #1694 ) ) GLOBAL_UNIT_ASSIGNED_CONTEXT ( ( #550, #540, #1819 ) ) REPRESENTATION_CONTEXT ( 'NONE', 'WORKASPACE' ) );
#1117 = SURFACE_STYLE_FILL_AREA ( #1645 ) ;
#1118 = CARTESIAN_POINT ( 'NONE',  ( -7.725969246550070224, -2.899506318408099581, 6.812841644223285087 ) ) ;
#1119 = FACE_OUTER_BOUND ( 'NONE', #2256, .T. ) ;
#1120 = SURFACE_SIDE_STYLE ('',( #1834 ) ) ;
#1121 = STYLED_ITEM ( 'NONE', ( #219 ), #1826 ) ;
#1122 = VERTEX_POINT ( 'NONE', #453 ) ;
#1123 = DIRECTION ( 'NONE',  ( -0.4999999999999919509, -0.8660254037844432595, 0.000000000000000000 ) ) ;
#1124 = EDGE_CURVE ( 'NONE', #1874, #1014, #1033, .T. ) ;
#1125 =( NAMED_UNIT ( * ) PLANE_ANGLE_UNIT ( ) SI_UNIT ( $, .RADIAN. ) );
#1126 = CARTESIAN_POINT ( 'NONE',  ( -4.238845420749955295, 4.660706974160378380, 7.600000000000000533 ) ) ;
#1127 = FACE_OUTER_BOUND ( 'NONE', #346, .T. ) ;
#1128 = PLANE ( 'NONE',  #89 ) ;
#1129 = SURFACE_SIDE_STYLE ('',( #404 ) ) ;
#1130 = FILL_AREA_STYLE_COLOUR ( '', #578 ) ;
#1131 = VERTEX_POINT ( 'NONE', #2233 ) ;
#1132 = CIRCLE ( 'NONE', #226, 8.140638795573719833 ) ;
#1133 = CIRCLE ( 'NONE', #1809, 8.140638795573719833 ) ;
#1134 = DIRECTION ( 'NONE',  ( 0.000000000000000000, 0.000000000000000000, 1.000000000000000000 ) ) ;
#1135 = LINE ( 'NONE', #1848, #1602 ) ;
#1136 = CARTESIAN_POINT ( 'NONE',  ( -7.049999999999979394, -4.070319397786891003, 6.387488034358232980 ) ) ;
#1137 = ADVANCED_FACE ( 'NONE', ( #493 ), #298, .T. ) ;
#1138 = DIRECTION ( 'NONE',  ( 1.000000000000000000, 0.000000000000000000, 0.000000000000000000 ) ) ;
#1139 = AXIS2_PLACEMENT_3D ( 'NONE', #223, #1123, #1650 ) ;
#1140 = DIRECTION ( 'NONE',  ( 0.000000000000000000, 0.000000000000000000, 1.000000000000000000 ) ) ;
#1141 = MECHANICAL_DESIGN_GEOMETRIC_PRESENTATION_REPRESENTATION (  '', ( #769 ), #2266 ) ;
#1142 = VERTEX_POINT ( 'NONE', #311 ) ;
#1143 = VECTOR ( 'NONE', #26, 1000.000000000000000 ) ;
#1144 = CARTESIAN_POINT ( 'NONE',  ( 0.000000000000000000, 0.000000000000000000, 5.300000000000000711 ) ) ;
#1145 = DIRECTION ( 'NONE',  ( -1.000000000000000000, 0.000000000000000000, 0.000000000000000000 ) ) ;
#1146 = DIRECTION ( 'NONE',  ( -0.000000000000000000, -0.000000000000000000, -1.000000000000000000 ) ) ;
#1147 = FILL_AREA_STYLE ('',( #1301 ) ) ;
#1148 = EDGE_CURVE ( 'NONE', #1363, #1751, #235, .T. ) ;
#1149 = CARTESIAN_POINT ( 'NONE',  ( 0.000000000000000000, 0.000000000000000000, 7.600000000000000533 ) ) ;
#1150 = CIRCLE ( 'NONE', #2276, 5.900000000000001243 ) ;
#1151 = ORIENTED_EDGE ( 'NONE', *, *, #587, .T. ) ;
#1152 = AXIS2_PLACEMENT_3D ( 'NONE', #2289, #2130, #682 ) ;
#1153 = DIRECTION ( 'NONE',  ( 0.000000000000000000, 0.000000000000000000, 1.000000000000000000 ) ) ;
#1154 = CARTESIAN_POINT ( 'NONE',  ( -6.150000000000003020, 0.000000000000000000, 11.60000000000000142 ) ) ;
#1155 = CARTESIAN_POINT ( 'NONE',  ( -18.02198188012341262, 3.177761651304769508, 6.387488034358232980 ) ) ;
#1156 = SURFACE_SIDE_STYLE ('',( #1328 ) ) ;
#1157 = DIRECTION ( 'NONE',  ( -0.000000000000000000, -0.000000000000000000, -1.000000000000000000 ) ) ;
#1158 = ORIENTED_EDGE ( 'NONE', *, *, #587, .F. ) ;
#1159 = ADVANCED_FACE ( 'NONE', ( #1738 ), #1724, .T. ) ;
#1160 = EDGE_CURVE ( 'NONE', #1335, #875, #204, .T. ) ;
#1161 = ORIENTED_EDGE ( 'NONE', *, *, #188, .T. ) ;
#1162 = ORIENTED_EDGE ( 'NONE', *, *, #421, .F. ) ;
#1163 = CARTESIAN_POINT ( 'NONE',  ( 3.800000000000000266, 2.199999999999999289, -9.099999999999999645 ) ) ;
#1164 = EDGE_CURVE ( 'NONE', #633, #1720, #853, .T. ) ;
#1165 = CARTESIAN_POINT ( 'NONE',  ( 2.154726902951756617, -5.920063510951208308, 6.387488034358232980 ) ) ;
#1166 = FACE_OUTER_BOUND ( 'NONE', #623, .T. ) ;
#1167 = ORIENTED_EDGE ( 'NONE', *, *, #1193, .F. ) ;
#1168 = CARTESIAN_POINT ( 'NONE',  ( 0.000000000000000000, 0.000000000000000000, 7.600000000000000533 ) ) ;
#1169 =( BOUNDED_CURVE ( )  B_SPLINE_CURVE ( 3, ( #1089, #688, #334, #345 ),
 .UNSPECIFIED., .F., .T. ) 
 B_SPLINE_CURVE_WITH_KNOTS ( ( 4, 4 ),
 ( 4.219234714496181482, 4.712388980384689674 ),
 .UNSPECIFIED. ) 
 CURVE ( )  GEOMETRIC_REPRESENTATION_ITEM ( )  RATIONAL_B_SPLINE_CURVE ( ( 1.000000000000000000, 0.9798357166840574450, 0.9798357166840574450, 1.000000000000000000 ) ) 
 REPRESENTATION_ITEM ( '' )  );
#1170 = LINE ( 'NONE', #1743, #1500 ) ;
#1171 = DIRECTION ( 'NONE',  ( 1.000000000000000000, 0.000000000000000000, 0.000000000000000000 ) ) ;
#1172 = AXIS2_PLACEMENT_3D ( 'NONE', #1454, #2304, #189 ) ;
#1173 = ORIENTED_EDGE ( 'NONE', *, *, #768, .F. ) ;
#1174 = AXIS2_PLACEMENT_3D ( 'NONE', #1732, #2265, #144 ) ;
#1175 = EDGE_CURVE ( 'NONE', #1835, #67, #1699, .T. ) ;
#1176 = EDGE_LOOP ( 'NONE', ( #1370, #1891, #797, #980 ) ) ;
#1177 = ORIENTED_EDGE ( 'NONE', *, *, #1514, .F. ) ;
#1178 = CARTESIAN_POINT ( 'NONE',  ( -11.76301325726368852, 14.01861330907727776, 6.387488034358232980 ) ) ;
#1179 = VECTOR ( 'NONE', #676, 1000.000000000000000 ) ;
#1180 = CARTESIAN_POINT ( 'NONE',  ( -2.154726902951678014, -5.920063510951235841, 6.387488034358232980 ) ) ;
#1181 = CARTESIAN_POINT ( 'NONE',  ( 0.000000000000000000, 0.000000000000000000, 9.099999999999999645 ) ) ;
#1182 = VERTEX_POINT ( 'NONE', #1520 ) ;
#1183 = CARTESIAN_POINT ( 'NONE',  ( 0.000000000000000000, 0.000000000000000000, 7.600000000000000533 ) ) ;
#1184 = FILL_AREA_STYLE ('',( #795 ) ) ;
#1185 = DIRECTION ( 'NONE',  ( 1.000000000000000000, 0.000000000000000000, 0.000000000000000000 ) ) ;
#1186 = VECTOR ( 'NONE', #1669, 1000.000000000000114 ) ;
#1187 = VERTEX_POINT ( 'NONE', #165 ) ;
#1188 = ORIENTED_EDGE ( 'NONE', *, *, #944, .F. ) ;
#1189 = ORIENTED_EDGE ( 'NONE', *, *, #1085, .T. ) ;
#1190 = SURFACE_STYLE_USAGE ( .BOTH. , #989 ) ;
#1191 = VECTOR ( 'NONE', #1689, 1000.000000000000000 ) ;
#1192 = AXIS2_PLACEMENT_3D ( 'NONE', #1007, #1536, #2261 ) ;
#1193 = EDGE_CURVE ( 'NONE', #1386, #2159, #798, .T. ) ;
#1194 = CARTESIAN_POINT ( 'NONE',  ( -7.049999999999996270, 4.070319397786862581, 5.300000000000000711 ) ) ;
#1195 = VERTEX_POINT ( 'NONE', #358 ) ;
#1196 = CARTESIAN_POINT ( 'NONE',  ( -5.455960043841953322, -3.150000000000028777, 6.387488034358232980 ) ) ;
#1197 = PLANE ( 'NONE',  #2221 ) ;
#1198 = CLOSED_SHELL ( 'NONE', ( #562, #96, #243, #1543, #1306, #362, #36, #2116, #2103, #1955, #217, #2069, #1159, #1267, #79, #1283, #675, #24, #1404, #2223, #1659, #1926, #1471, #818, #2017, #59, #866, #657, #547, #1098, #398, #2148, #1357, #269, #191, #173, #2241, #530, #975, #1237, #2244, #1850, #933, #1825 ) ) ;
#1199 = CARTESIAN_POINT ( 'NONE',  ( 2.154726902951757506, -5.920063510951210084, 7.600000000000000533 ) ) ;
#1200 =( NAMED_UNIT ( * ) PLANE_ANGLE_UNIT ( ) SI_UNIT ( $, .RADIAN. ) );
#1201 = SURFACE_SIDE_STYLE ('',( #1965 ) ) ;
#1202 = ORIENTED_EDGE ( 'NONE', *, *, #601, .T. ) ;
#1203 = ORIENTED_EDGE ( 'NONE', *, *, #1893, .F. ) ;
#1204 = EDGE_LOOP ( 'NONE', ( #1432, #1002, #1973, #357, #1173, #730, #349, #781, #40, #1981, #1360, #1877, #1390, #1336, #841, #492, #1239, #1484, #1966, #1766 ) ) ;
#1205 = DIRECTION ( 'NONE',  ( 1.000000000000000000, 0.000000000000000000, 0.000000000000000000 ) ) ;
#1206 = EDGE_LOOP ( 'NONE', ( #664, #517, #309 ) ) ;
#1207 = LINE ( 'NONE', #314, #1604 ) ;
#1208 = PLANE ( 'NONE',  #1214 ) ;
#1209 = LINE ( 'NONE', #511, #33 ) ;
#1210 = CARTESIAN_POINT ( 'NONE',  ( 5.232701752728264211, 6.236091112788082036, 7.600000000000000533 ) ) ;
#1211 = EDGE_CURVE ( 'NONE', #1519, #2283, #544, .T. ) ;
#1212 = LINE ( 'NONE', #1746, #1852 ) ;
#1213 = APPLICATION_CONTEXT ( 'automotive_design' ) ;
#1214 = AXIS2_PLACEMENT_3D ( 'NONE', #2288, #446, #2252 ) ;
#1215 = EDGE_LOOP ( 'NONE', ( #1773, #496 ) ) ;
#1216 = CARTESIAN_POINT ( 'NONE',  ( -8.150534247397410569E-16, -2.966551859420009954E-16, 7.600000000000000533 ) ) ;
#1217 = ORIENTED_EDGE ( 'NONE', *, *, #577, .F. ) ;
#1218 = AXIS2_PLACEMENT_3D ( 'NONE', #1617, #11, #729 ) ;
#1219 = CARTESIAN_POINT ( 'NONE',  ( -5.959819554132527841, 2.480437758251007985, 6.830430450362793060 ) ) ;
#1220 = STYLED_ITEM ( 'NONE', ( #329 ), #1097 ) ;
#1221 = LINE ( 'NONE', #882, #1629 ) ;
#1222 = CARTESIAN_POINT ( 'NONE',  ( 0.000000000000000000, 0.000000000000000000, 11.60000000000000142 ) ) ;
#1223 = EDGE_CURVE ( 'NONE', #1088, #448, #2006, .T. ) ;
#1224 = UNCERTAINTY_MEASURE_WITH_UNIT (LENGTH_MEASURE( 1.000000000000000082E-05 ), #1045, 'distance_accuracy_value', 'NONE');
#1225 = ORIENTED_EDGE ( 'NONE', *, *, #375, .F. ) ;
#1226 = ORIENTED_EDGE ( 'NONE', *, *, #2026, .F. ) ;
#1227 = DIRECTION ( 'NONE',  ( -0.000000000000000000, -0.000000000000000000, -1.000000000000000000 ) ) ;
#1228 = CARTESIAN_POINT ( 'NONE',  ( 18.02198188012336999, 3.177761651305009316, 6.387488034358232980 ) ) ;
#1229 = VERTEX_POINT ( 'NONE', #1957 ) ;
#1230 = DIRECTION ( 'NONE',  ( 0.000000000000000000, 0.000000000000000000, 1.000000000000000000 ) ) ;
#1231 = CARTESIAN_POINT ( 'NONE',  ( 4.849999999999999645, 5.939536975864661982E-16, 15.50000000000000000 ) ) ;
#1232 = CARTESIAN_POINT ( 'NONE',  ( 0.1690114543703477024, -8.250404403265182651, 7.225329828040170099 ) ) ;
#1233 = CARTESIAN_POINT ( 'NONE',  ( 0.000000000000000000, 0.000000000000000000, 7.600000000000000533 ) ) ;
#1234 = ORIENTED_EDGE ( 'NONE', *, *, #1223, .F. ) ;
#1235 = ORIENTED_EDGE ( 'NONE', *, *, #755, .T. ) ;
#1236 = LINE ( 'NONE', #1445, #986 ) ;
#1237 = ADVANCED_FACE ( 'NONE', ( #1572 ), #1993, .T. ) ;
#1238 = EDGE_CURVE ( 'NONE', #864, #1015, #1236, .T. ) ;
#1239 = ORIENTED_EDGE ( 'NONE', *, *, #1406, .T. ) ;
#1240 = DIRECTION ( 'NONE',  ( -0.05211548354282055651, 0.2955615943369663268, 0.9539011061572832961 ) ) ;
#1241 = ORIENTED_EDGE ( 'NONE', *, *, #2163, .F. ) ;
#1242 = EDGE_CURVE ( 'NONE', #485, #88, #1814, .T. ) ;
#1243 = DIRECTION ( 'NONE',  ( -0.000000000000000000, -0.000000000000000000, -1.000000000000000000 ) ) ;
#1244 = PLANE ( 'NONE',  #175 ) ;
#1245 = DIRECTION ( 'NONE',  ( 0.000000000000000000, 0.000000000000000000, 1.000000000000000000 ) ) ;
#1246 = CARTESIAN_POINT ( 'NONE',  ( 0.000000000000000000, 8.140638795573719833, 6.387488034358232980 ) ) ;
#1247 = DIRECTION ( 'NONE',  ( -1.065471346622099196E-16, 1.000000000000000000, 0.000000000000000000 ) ) ;
#1248 =( BOUNDED_CURVE ( )  B_SPLINE_CURVE ( 3, ( #149, #2110, #495, #471 ),
 .UNSPECIFIED., .F., .F. ) 
 B_SPLINE_CURVE_WITH_KNOTS ( ( 4, 4 ),
 ( 0.9125639868195462023, 1.570796326794896558 ),
 .UNSPECIFIED. ) 
 CURVE ( )  GEOMETRIC_REPRESENTATION_ITEM ( )  RATIONAL_B_SPLINE_CURVE ( ( 1.000000000000000000, 0.9642189152945457309, 0.9642189152945457309, 1.000000000000000000 ) ) 
 REPRESENTATION_ITEM ( '' )  );
#1249 = VERTEX_POINT ( 'NONE', #1984 ) ;
#1250 = ORIENTED_EDGE ( 'NONE', *, *, #2051, .T. ) ;
#1251 = DIRECTION ( 'NONE',  ( 1.000000000000000000, 0.000000000000000000, -0.000000000000000000 ) ) ;
#1252 = VERTEX_POINT ( 'NONE', #2172 ) ;
#1253 = VECTOR ( 'NONE', #1791, 1000.000000000000227 ) ;
#1254 = EDGE_CURVE ( 'NONE', #737, #359, #2303, .T. ) ;
#1255 = CARTESIAN_POINT ( 'NONE',  ( 7.049999999999997158, 4.070319397786859028, 1.400000000000001021 ) ) ;
#1256 = EDGE_LOOP ( 'NONE', ( #406, #1392, #827, #1750 ) ) ;
#1257 = VECTOR ( 'NONE', #871, 1000.000000000000114 ) ;
#1258 = LINE ( 'NONE', #371, #1517 ) ;
#1259 = DIRECTION ( 'NONE',  ( -1.000000000000000000, 0.000000000000000000, 0.000000000000000000 ) ) ;
#1260 = SURFACE_STYLE_FILL_AREA ( #743 ) ;
#1261 = EDGE_LOOP ( 'NONE', ( #2127, #1856 ) ) ;
#1262 = VERTEX_POINT ( 'NONE', #1626 ) ;
#1263 = DIRECTION ( 'NONE',  ( 0.000000000000000000, 0.000000000000000000, 1.000000000000000000 ) ) ;
#1264 = VERTEX_POINT ( 'NONE', #368 ) ;
#1265 = VECTOR ( 'NONE', #2052, 1000.000000000000000 ) ;
#1266 = DIRECTION ( 'NONE',  ( 1.000000000000000000, 0.000000000000000000, 0.000000000000000000 ) ) ;
#1267 = ADVANCED_FACE ( 'NONE', ( #1435, #1600 ), #1947, .T. ) ;
#1268 = DIRECTION ( 'NONE',  ( -0.000000000000000000, -0.000000000000000000, 1.000000000000000000 ) ) ;
#1269 = LINE ( 'NONE', #1831, #1882 ) ;
#1270 = DIRECTION ( 'NONE',  ( 0.1736481776669404342, -0.9848077530122062440, 0.000000000000000000 ) ) ;
#1271 = EDGE_CURVE ( 'NONE', #1052, #1335, #1104, .T. ) ;
#1272 = EDGE_CURVE ( 'NONE', #627, #2096, #1169, .T. ) ;
#1273 = AXIS2_PLACEMENT_3D ( 'NONE', #2237, #794, #412 ) ;
#1274 = AXIS2_PLACEMENT_3D ( 'NONE', #2213, #225, #1312 ) ;
#1275 = EDGE_LOOP ( 'NONE', ( #361, #336, #1949, #34 ) ) ;
#1276 = CARTESIAN_POINT ( 'NONE',  ( 0.000000000000000000, 0.000000000000000000, 7.600000000000000533 ) ) ;
#1277 = EDGE_LOOP ( 'NONE', ( #464, #160, #531, #770 ) ) ;
#1278 = DIRECTION ( 'NONE',  ( -0.000000000000000000, -0.000000000000000000, 1.000000000000000000 ) ) ;
#1279 = CARTESIAN_POINT ( 'NONE',  ( -8.136866437462922264, -0.2477994731419334573, 7.600000000000000533 ) ) ;
#1280 = DIRECTION ( 'NONE',  ( 1.000000000000000000, 0.000000000000000000, 0.000000000000000000 ) ) ;
#1281 = PLANE ( 'NONE',  #2150 ) ;
#1282 = UNCERTAINTY_MEASURE_WITH_UNIT (LENGTH_MEASURE( 1.000000000000000082E-05 ), #1937, 'distance_accuracy_value', 'NONE');
#1283 = ADVANCED_FACE ( 'NONE', ( #865 ), #2307, .F. ) ;
#1284 = ORIENTED_EDGE ( 'NONE', *, *, #449, .T. ) ;
#1285 = CARTESIAN_POINT ( 'NONE',  ( 6.155713349593153971, 1.340594330004666102, 7.600000000000000533 ) ) ;
#1286 = CARTESIAN_POINT ( 'NONE',  ( -6.204288843976918599, 1.093983519301643392, 7.600000000000000533 ) ) ;
#1287 = DIRECTION ( 'NONE',  ( 0.000000000000000000, 0.000000000000000000, 1.000000000000000000 ) ) ;
#1288 = CIRCLE ( 'NONE', #1691, 6.300000000000003375 ) ;
#1289 = LINE ( 'NONE', #1631, #2020 ) ;
#1290 = VECTOR ( 'NONE', #1348, 1000.000000000000000 ) ;
#1291 = DIRECTION ( 'NONE',  ( -0.8660254037844432595, 0.4999999999999918954, 0.000000000000000000 ) ) ;
#1292 = CYLINDRICAL_SURFACE ( 'NONE', #1017, 6.300000000000003375 ) ;
#1293 = SURFACE_STYLE_USAGE ( .BOTH. , #1120 ) ;
#1294 = EDGE_CURVE ( 'NONE', #1545, #452, #1393, .T. ) ;
#1295 = ORIENTED_EDGE ( 'NONE', *, *, #1576, .T. ) ;
#1296 = CIRCLE ( 'NONE', #995, 8.140638795573719833 ) ;
#1297 = CARTESIAN_POINT ( 'NONE',  ( 4.849999999999999645, 5.939536975864661982E-16, 14.49999999999999822 ) ) ;
#1298 = DIRECTION ( 'NONE',  ( -1.065471346622099196E-16, -1.000000000000000000, 0.000000000000000000 ) ) ;
#1299 = DIRECTION ( 'NONE',  ( -1.000000000000000000, 0.000000000000000000, 0.000000000000000000 ) ) ;
#1300 = FACE_OUTER_BOUND ( 'NONE', #2202, .T. ) ;
#1301 = FILL_AREA_STYLE_COLOUR ( '', #949 ) ;
#1302 = PRESENTATION_LAYER_ASSIGNMENT (  '', '', ( #1121 ) ) ;
#1303 = EDGE_LOOP ( 'NONE', ( #1616, #1916, #2191, #1953 ) ) ;
#1304 = CLOSED_SHELL ( 'NONE', ( #2242, #643, #1460, #84, #5, #1472 ) ) ;
#1305 = EDGE_CURVE ( 'NONE', #1720, #957, #2123, .T. ) ;
#1306 = ADVANCED_FACE ( 'NONE', ( #1055 ), #726, .T. ) ;
#1307 = FACE_OUTER_BOUND ( 'NONE', #810, .T. ) ;
#1308 = LINE ( 'NONE', #2206, #475 ) ;
#1309 = DIRECTION ( 'NONE',  ( 0.000000000000000000, 0.000000000000000000, 1.000000000000000000 ) ) ;
#1310 = VERTEX_POINT ( 'NONE', #1971 ) ;
#1311 = STYLED_ITEM ( 'NONE', ( #48 ), #135 ) ;
#1312 = DIRECTION ( 'NONE',  ( 1.000000000000000000, 0.000000000000000000, -0.000000000000000000 ) ) ;
#1313 = EDGE_CURVE ( 'NONE', #2211, #1122, #874, .T. ) ;
#1314 = CARTESIAN_POINT ( 'NONE',  ( 0.000000000000000000, 0.000000000000000000, 10.60000000000000320 ) ) ;
#1315 = CARTESIAN_POINT ( 'NONE',  ( -7.150000000000000355, 0.000000000000000000, 10.60000000000000320 ) ) ;
#1316 = CARTESIAN_POINT ( 'NONE',  ( -8.136866437462922264, -0.2477994731419334573, 7.600000000000000533 ) ) ;
#1317 = DIRECTION ( 'NONE',  ( 1.000000000000000000, 0.000000000000000000, -0.000000000000000000 ) ) ;
#1318 = UNCERTAINTY_MEASURE_WITH_UNIT (LENGTH_MEASURE( 1.000000000000000082E-05 ), #1461, 'distance_accuracy_value', 'NONE');
#1319 = VECTOR ( 'NONE', #1475, 1000.000000000000000 ) ;
#1320 = CARTESIAN_POINT ( 'NONE',  ( -2.799999999999999822, 8.673617379884035472E-16, -9.099999999999999645 ) ) ;
#1321 = VERTEX_POINT ( 'NONE', #1112 ) ;
#1322 = VECTOR ( 'NONE', #1298, 1000.000000000000000 ) ;
#1323 = FACE_OUTER_BOUND ( 'NONE', #10, .T. ) ;
#1324 = LINE ( 'NONE', #70, #1191 ) ;
#1325 = CARTESIAN_POINT ( 'NONE',  ( 3.800000000000000266, 2.199999999999999289, -14.80000000000000071 ) ) ;
#1326 = EDGE_CURVE ( 'NONE', #1587, #2267, #18, .T. ) ;
#1327 = LINE ( 'NONE', #95, #1086 ) ;
#1328 = SURFACE_STYLE_FILL_AREA ( #1147 ) ;
#1329 = CARTESIAN_POINT ( 'NONE',  ( -2.799999999999999378, 2.200000000000001066, -9.099999999999999645 ) ) ;
#1330 = VECTOR ( 'NONE', #1940, 1000.000000000000000 ) ;
#1331 = EDGE_CURVE ( 'NONE', #1061, #452, #1465, .T. ) ;
#1332 = EDGE_CURVE ( 'NONE', #633, #146, #32, .T. ) ;
#1333 = ORIENTED_EDGE ( 'NONE', *, *, #780, .T. ) ;
#1334 = CIRCLE ( 'NONE', #938, 7.150000000000000355 ) ;
#1335 = VERTEX_POINT ( 'NONE', #1297 ) ;
#1336 = ORIENTED_EDGE ( 'NONE', *, *, #801, .F. ) ;
#1337 = DIRECTION ( 'NONE',  ( 0.000000000000000000, 0.000000000000000000, 1.000000000000000000 ) ) ;
#1338 = CARTESIAN_POINT ( 'NONE',  ( 0.000000000000000000, 0.000000000000000000, -9.099999999999999645 ) ) ;
#1339 =( LENGTH_UNIT ( ) NAMED_UNIT ( * ) SI_UNIT ( .MILLI., .METRE. ) );
#1340 = ORIENTED_EDGE ( 'NONE', *, *, #855, .T. ) ;
#1341 = DIRECTION ( 'NONE',  ( 0.9721625544249290485, 0.000000000000000000, 0.2343074215085750034 ) ) ;
#1342 = CARTESIAN_POINT ( 'NONE',  ( -1.916867928843184687, -6.001301304164996964, 7.600000000000000533 ) ) ;
#1343 =( NAMED_UNIT ( * ) PLANE_ANGLE_UNIT ( ) SI_UNIT ( $, .RADIAN. ) );
#1344 = EDGE_CURVE ( 'NONE', #908, #1954, #1812, .T. ) ;
#1345 = ORIENTED_EDGE ( 'NONE', *, *, #1493, .T. ) ;
#1346 = ORIENTED_EDGE ( 'NONE', *, *, #255, .F. ) ;
#1347 = ORIENTED_EDGE ( 'NONE', *, *, #1875, .T. ) ;
#1348 = DIRECTION ( 'NONE',  ( -1.000000000000000000, 0.000000000000000000, 0.000000000000000000 ) ) ;
#1349 = LINE ( 'NONE', #93, #1003 ) ;
#1350 = LINE ( 'NONE', #2072, #13 ) ;
#1351 = ORIENTED_EDGE ( 'NONE', *, *, #1238, .T. ) ;
#1352 = DIRECTION ( 'NONE',  ( 1.000000000000000000, 0.000000000000000000, 0.000000000000000000 ) ) ;
#1353 = CARTESIAN_POINT ( 'NONE',  ( -2.799999999999999378, 2.200000000000001066, -14.80000000000000071 ) ) ;
#1354 = CARTESIAN_POINT ( 'NONE',  ( -7.049999999999998934, -4.070319397786859028, 5.300000000000000711 ) ) ;
#1355 = COLOUR_RGB ( '',0.000000000000000000, 1.000000000000000000, 0.000000000000000000 ) ;
#1356 = ORIENTED_EDGE ( 'NONE', *, *, #1829, .T. ) ;
#1357 = ADVANCED_FACE ( 'NONE', ( #930 ), #950, .T. ) ;
#1358 = VECTOR ( 'NONE', #352, 1000.000000000000000 ) ;
#1359 = ORIENTED_EDGE ( 'NONE', *, *, #617, .F. ) ;
#1360 = ORIENTED_EDGE ( 'NONE', *, *, #1272, .F. ) ;
#1361 = DIRECTION ( 'NONE',  ( 1.000000000000000000, 0.000000000000000000, 0.000000000000000000 ) ) ;
#1362 = FILL_AREA_STYLE_COLOUR ( '', #1024 ) ;
#1363 = VERTEX_POINT ( 'NONE', #215 ) ;
#1364 = CARTESIAN_POINT ( 'NONE',  ( 1.407842530390982061, 6.300000000000003375, 6.830430450362793060 ) ) ;
#1365 = LINE ( 'NONE', #1913, #1330 ) ;
#1366 =( LENGTH_UNIT ( ) NAMED_UNIT ( * ) SI_UNIT ( .MILLI., .METRE. ) );
#1367 = DIRECTION ( 'NONE',  ( -0.5000000000000003331, -0.8660254037844385966, 0.000000000000000000 ) ) ;
#1368 = AXIS2_PLACEMENT_3D ( 'NONE', #1149, #1873, #1171 ) ;
#1369 = ORIENTED_EDGE ( 'NONE', *, *, #758, .F. ) ;
#1370 = ORIENTED_EDGE ( 'NONE', *, *, #1892, .F. ) ;
#1371 = ORIENTED_EDGE ( 'NONE', *, *, #2064, .F. ) ;
#1372 = DIRECTION ( 'NONE',  ( 0.000000000000000000, 0.000000000000000000, -1.000000000000000000 ) ) ;
#1373 = AXIS2_PLACEMENT_3D ( 'NONE', #971, #1682, #1341 ) ;
#1374 = EDGE_CURVE ( 'NONE', #819, #146, #1836, .T. ) ;
#1375 = DIRECTION ( 'NONE',  ( 1.000000000000000000, 0.000000000000000000, -0.000000000000000000 ) ) ;
#1376 = ORIENTED_EDGE ( 'NONE', *, *, #1991, .F. ) ;
#1377 = CARTESIAN_POINT ( 'NONE',  ( -6.300000000000003375, 7.715274834628329322E-16, 7.378556694591766885 ) ) ;
#1378 = CARTESIAN_POINT ( 'NONE',  ( 6.300000000000003375, 0.000000000000000000, 6.731682567942968376 ) ) ;
#1379 = DIRECTION ( 'NONE',  ( 0.8660254037844363761, 0.5000000000000039968, 0.000000000000000000 ) ) ;
#1380 = CYLINDRICAL_SURFACE ( 'NONE', #1507, 7.150000000000000355 ) ;
#1381 = PLANE ( 'NONE',  #1904 ) ;
#1382 = VERTEX_POINT ( 'NONE', #2192 ) ;
#1383 = VERTEX_POINT ( 'NONE', #940 ) ;
#1384 = DIRECTION ( 'NONE',  ( 0.7660444431189858960, -0.6427876096865300370, 0.000000000000000000 ) ) ;
#1385 = LINE ( 'NONE', #1394, #927 ) ;
#1386 = VERTEX_POINT ( 'NONE', #51 ) ;
#1387 = EDGE_CURVE ( 'NONE', #1696, #1195, #1391, .T. ) ;
#1388 = CARTESIAN_POINT ( 'NONE',  ( 0.000000000000000000, 0.000000000000000000, 9.099999999999999645 ) ) ;
#1389 = CARTESIAN_POINT ( 'NONE',  ( -4.049561941025207723, 4.826079991649558032, 6.387488034358232980 ) ) ;
#1390 = ORIENTED_EDGE ( 'NONE', *, *, #1438, .F. ) ;
#1391 = CIRCLE ( 'NONE', #922, 6.300000000000003375 ) ;
#1392 = ORIENTED_EDGE ( 'NONE', *, *, #1485, .T. ) ;
#1393 = LINE ( 'NONE', #891, #1253 ) ;
#1394 = CARTESIAN_POINT ( 'NONE',  ( -6.200000000000001954, 7.592810154713592793E-16, -0.7999999999999986011 ) ) ;
#1395 = VERTEX_POINT ( 'NONE', #749 ) ;
#1396 = CIRCLE ( 'NONE', #1218, 6.300000000000003375 ) ;
#1397 = LINE ( 'NONE', #510, #75 ) ;
#1398 = VECTOR ( 'NONE', #861, 1000.000000000000000 ) ;
#1399 = FACE_OUTER_BOUND ( 'NONE', #12, .T. ) ;
#1400 = SURFACE_STYLE_USAGE ( .BOTH. , #1759 ) ;
#1401 = CARTESIAN_POINT ( 'NONE',  ( 0.000000000000000000, 0.000000000000000000, 11.60000000000000142 ) ) ;
#1402 = ORIENTED_EDGE ( 'NONE', *, *, #954, .T. ) ;
#1403 = EDGE_CURVE ( 'NONE', #1697, #535, #760, .T. ) ;
#1404 = ADVANCED_FACE ( 'NONE', ( #2027 ), #2008, .F. ) ;
#1405 = AXIS2_PLACEMENT_3D ( 'NONE', #1633, #1429, #1280 ) ;
#1406 = EDGE_CURVE ( 'NONE', #1321, #1122, #383, .T. ) ;
#1407 = EDGE_LOOP ( 'NONE', ( #76, #367, #1006, #506 ) ) ;
#1408 = ORIENTED_EDGE ( 'NONE', *, *, #231, .T. ) ;
#1409 = DIRECTION ( 'NONE',  ( 0.1500605541705688772, -0.2599125040353642002, 0.9539011061572832961 ) ) ;
#1410 = EDGE_LOOP ( 'NONE', ( #1804, #620, #2269, #1896 ) ) ;
#1411 = VECTOR ( 'NONE', #1654, 1000.000000000000000 ) ;
#1412 = CARTESIAN_POINT ( 'NONE',  ( 0.000000000000000000, 0.000000000000000000, 7.600000000000000533 ) ) ;
#1413 = VERTEX_POINT ( 'NONE', #1680 ) ;
#1414 = CARTESIAN_POINT ( 'NONE',  ( -3.799999999999999822, 8.673617379884035472E-16, -9.099999999999999645 ) ) ;
#1415 = FACE_OUTER_BOUND ( 'NONE', #256, .T. ) ;
#1416 = CARTESIAN_POINT ( 'NONE',  ( 5.577267429832168943, -2.929861432923630105, 7.600000000000000533 ) ) ;
#1417 = DIRECTION ( 'NONE',  ( -0.000000000000000000, -0.000000000000000000, -1.000000000000000000 ) ) ;
#1418 = FACE_OUTER_BOUND ( 'NONE', #234, .T. ) ;
#1419 = EDGE_CURVE ( 'NONE', #2121, #1386, #62, .T. ) ;
#1420 = ORIENTED_EDGE ( 'NONE', *, *, #68, .T. ) ;
#1421 = ORIENTED_EDGE ( 'NONE', *, *, #1943, .F. ) ;
#1422 = CARTESIAN_POINT ( 'NONE',  ( 0.000000000000000000, 0.000000000000000000, -0.7999999999999986011 ) ) ;
#1423 = EDGE_LOOP ( 'NONE', ( #1177, #1345, #713, #1512 ) ) ;
#1424 = FACE_OUTER_BOUND ( 'NONE', #259, .T. ) ;
#1425 = ORIENTED_EDGE ( 'NONE', *, *, #1046, .F. ) ;
#1426 = PRESENTATION_LAYER_ASSIGNMENT (  '', '', ( #1842 ) ) ;
#1427 = DIRECTION ( 'NONE',  ( -0.05211548354281662215, -0.2955615943369671039, 0.9539011061572832961 ) ) ;
#1428 = CARTESIAN_POINT ( 'NONE',  ( -1.926916289973058971, -3.337516916165533587, 7.600000000000000533 ) ) ;
#1429 = DIRECTION ( 'NONE',  ( 0.000000000000000000, 0.000000000000000000, 1.000000000000000000 ) ) ;
#1430 = FACE_OUTER_BOUND ( 'NONE', #481, .T. ) ;
#1431 = MECHANICAL_DESIGN_GEOMETRIC_PRESENTATION_REPRESENTATION (  '', ( #604 ), #2034 ) ;
#1432 = ORIENTED_EDGE ( 'NONE', *, *, #1238, .F. ) ;
#1433 = ADVANCED_FACE ( 'NONE', ( #1307 ), #2170, .T. ) ;
#1434 = EDGE_LOOP ( 'NONE', ( #2232, #1531, #283, #1668 ) ) ;
#1435 = FACE_OUTER_BOUND ( 'NONE', #2326, .T. ) ;
#1436 = VERTEX_POINT ( 'NONE', #1126 ) ;
#1437 = AXIS2_PLACEMENT_3D ( 'NONE', #21, #702, #738 ) ;
#1438 = EDGE_CURVE ( 'NONE', #440, #1474, #612, .T. ) ;
#1439 = LINE ( 'NONE', #378, #844 ) ;
#1440 = DIRECTION ( 'NONE',  ( 0.7660444431189771253, 0.6427876096865404731, -0.000000000000000000 ) ) ;
#1441 = DIRECTION ( 'NONE',  ( 0.000000000000000000, 0.000000000000000000, 1.000000000000000000 ) ) ;
#1442 = AXIS2_PLACEMENT_3D ( 'NONE', #1765, #877, #1066 ) ;
#1443 = CARTESIAN_POINT ( 'NONE',  ( -3.799999999999999822, 8.673617379884035472E-16, -9.099999999999999645 ) ) ;
#1444 = ORIENTED_EDGE ( 'NONE', *, *, #2268, .T. ) ;
#1445 = CARTESIAN_POINT ( 'NONE',  ( 8.140638795573719833, 9.969407244014120020E-16, 7.600000000000000533 ) ) ;
#1446 = ORIENTED_EDGE ( 'NONE', *, *, #1497, .T. ) ;
#1447 = AXIS2_PLACEMENT_3D ( 'NONE', #707, #2300, #317 ) ;
#1448 = LINE ( 'NONE', #1255, #1322 ) ;
#1449 = EDGE_CURVE ( 'NONE', #313, #864, #268, .T. ) ;
#1450 = VECTOR ( 'NONE', #2058, 1000.000000000000000 ) ;
#1451 = CARTESIAN_POINT ( 'NONE',  ( 6.204288843976903500, 1.093983519301725549, 1.400000000000001021 ) ) ;
#1452 = CARTESIAN_POINT ( 'NONE',  ( -3.799999999999999378, 2.200000000000001066, -14.80000000000000071 ) ) ;
#1453 = EDGE_CURVE ( 'NONE', #1249, #2305, #1150, .T. ) ;
#1454 = CARTESIAN_POINT ( 'NONE',  ( 0.000000000000000000, 0.000000000000000000, 7.600000000000000533 ) ) ;
#1455 = EDGE_LOOP ( 'NONE', ( #2059, #1226, #1946 ) ) ;
#1456 = CARTESIAN_POINT ( 'NONE',  ( 0.000000000000000000, -8.140638795573721609, 1.400000000000001021 ) ) ;
#1457 = DIRECTION ( 'NONE',  ( 0.6427876096865404731, -0.7660444431189771253, 0.000000000000000000 ) ) ;
#1458 =( NAMED_UNIT ( * ) PLANE_ANGLE_UNIT ( ) SI_UNIT ( $, .RADIAN. ) );
#1459 = DIRECTION ( 'NONE',  ( 0.000000000000000000, 0.000000000000000000, 1.000000000000000000 ) ) ;
#1460 = ADVANCED_FACE ( 'NONE', ( #1323 ), #399, .T. ) ;
#1461 =( LENGTH_UNIT ( ) NAMED_UNIT ( * ) SI_UNIT ( .MILLI., .METRE. ) );
#1462 = DIRECTION ( 'NONE',  ( 1.000000000000000000, 0.000000000000000000, 0.000000000000000000 ) ) ;
#1463 = ORIENTED_EDGE ( 'NONE', *, *, #257, .T. ) ;
#1464 = CARTESIAN_POINT ( 'NONE',  ( 3.800000000000000266, 2.199999999999999289, -9.099999999999999645 ) ) ;
#1465 =( BOUNDED_CURVE ( )  B_SPLINE_CURVE ( 3, ( #1285, #1661, #2004, #386 ),
 .UNSPECIFIED., .F., .T. ) 
 B_SPLINE_CURVE_WITH_KNOTS ( ( 4, 4 ),
 ( 0.9125639868195462023, 1.570796326794896558 ),
 .UNSPECIFIED. ) 
 CURVE ( )  GEOMETRIC_REPRESENTATION_ITEM ( )  RATIONAL_B_SPLINE_CURVE ( ( 1.000000000000000000, 0.9642189152945457309, 0.9642189152945457309, 1.000000000000000000 ) ) 
 REPRESENTATION_ITEM ( '' )  );
#1466 = FACE_OUTER_BOUND ( 'NONE', #1523, .T. ) ;
#1467 = DIRECTION ( 'NONE',  ( -0.9848077530122085754, 0.1736481776669273336, 0.000000000000000000 ) ) ;
#1468 = CONICAL_SURFACE ( 'NONE', #450, 6.150000000000003020, 0.7853981633974482790 ) ;
#1469 = FACE_OUTER_BOUND ( 'NONE', #458, .T. ) ;
#1470 = VECTOR ( 'NONE', #671, 1000.000000000000000 ) ;
#1471 = ADVANCED_FACE ( 'NONE', ( #1837 ), #977, .F. ) ;
#1472 = ADVANCED_FACE ( 'NONE', ( #429 ), #779, .T. ) ;
#1473 = STYLED_ITEM ( 'NONE', ( #571 ), #1886 ) ;
#1474 = VERTEX_POINT ( 'NONE', #260 ) ;
#1475 = DIRECTION ( 'NONE',  ( -0.000000000000000000, -0.000000000000000000, 1.000000000000000000 ) ) ;
#1476 = LINE ( 'NONE', #2203, #1186 ) ;
#1477 =( BOUNDED_CURVE ( )  B_SPLINE_CURVE ( 3, ( #1705, #1566, #1219, #1537 ),
 .UNSPECIFIED., .F., .T. ) 
 B_SPLINE_CURVE_WITH_KNOTS ( ( 4, 4 ),
 ( 0.9125639868195460913, 1.570796326794896558 ),
 .UNSPECIFIED. ) 
 CURVE ( )  GEOMETRIC_REPRESENTATION_ITEM ( )  RATIONAL_B_SPLINE_CURVE ( ( 1.000000000000000000, 0.9642189152945457309, 0.9642189152945457309, 1.000000000000000000 ) ) 
 REPRESENTATION_ITEM ( '' )  );
#1478 = VECTOR ( 'NONE', #1025, 1000.000000000000227 ) ;
#1479 = DIRECTION ( 'NONE',  ( 1.224646799147353207E-16, 1.000000000000000000, -0.000000000000000000 ) ) ;
#1480 = CARTESIAN_POINT ( 'NONE',  ( 2.799999999999999822, -8.673617379884035472E-16, -9.099999999999999645 ) ) ;
#1481 = CARTESIAN_POINT ( 'NONE',  ( -4.049561941025207723, 4.826079991649558032, 6.387488034358232980 ) ) ;
#1482 = PLANE ( 'NONE',  #984 ) ;
#1483 = VECTOR ( 'NONE', #594, 1000.000000000000000 ) ;
#1484 = ORIENTED_EDGE ( 'NONE', *, *, #2001, .T. ) ;
#1485 = EDGE_CURVE ( 'NONE', #180, #1571, #951, .T. ) ;
#1486 = LINE ( 'NONE', #1652, #61 ) ;
#1487 = CARTESIAN_POINT ( 'NONE',  ( -7.150000000000000355, 0.000000000000000000, 9.099999999999999645 ) ) ;
#1488 = CARTESIAN_POINT ( 'NONE',  ( 2.799999999999999822, -8.673617379884035472E-16, -14.80000000000000071 ) ) ;
#1489 = DIRECTION ( 'NONE',  ( 0.7071067811865474617, 8.659560562354932858E-17, -0.7071067811865474617 ) ) ;
#1490 =( NAMED_UNIT ( * ) SI_UNIT ( $, .STERADIAN. ) SOLID_ANGLE_UNIT ( ) );
#1491 = DIRECTION ( 'NONE',  ( -1.971276677246371519E-16, -1.000000000000000000, 0.000000000000000000 ) ) ;
#1492 = ORIENTED_EDGE ( 'NONE', *, *, #515, .F. ) ;
#1493 = EDGE_CURVE ( 'NONE', #1032, #543, #1653, .T. ) ;
#1494 = AXIS2_PLACEMENT_3D ( 'NONE', #1181, #1914, #155 ) ;
#1495 = DIRECTION ( 'NONE',  ( 0.000000000000000000, 0.000000000000000000, -1.000000000000000000 ) ) ;
#1496 = EDGE_CURVE ( 'NONE', #645, #878, #1486, .T. ) ;
#1497 = EDGE_CURVE ( 'NONE', #2283, #1363, #53, .T. ) ;
#1498 = DIRECTION ( 'NONE',  ( 1.000000000000000000, 0.000000000000000000, 0.000000000000000000 ) ) ;
#1499 = CARTESIAN_POINT ( 'NONE',  ( -11.76301325726368852, 14.01861330907727776, 6.387488034358232980 ) ) ;
#1500 = VECTOR ( 'NONE', #982, 1000.000000000000000 ) ;
#1501 = DIRECTION ( 'NONE',  ( 1.000000000000000000, 0.000000000000000000, 0.000000000000000000 ) ) ;
#1502 = DIRECTION ( 'NONE',  ( 0.000000000000000000, 0.000000000000000000, 1.000000000000000000 ) ) ;
#1503 = UNCERTAINTY_MEASURE_WITH_UNIT (LENGTH_MEASURE( 1.000000000000000082E-05 ), #1986, 'distance_accuracy_value', 'NONE');
#1504 = AXIS2_PLACEMENT_3D ( 'NONE', #1016, #1337, #2271 ) ;
#1505 = CARTESIAN_POINT ( 'NONE',  ( -8.016964200352967751, 1.413607091896067480, 7.600000000000000533 ) ) ;
#1506 = EDGE_LOOP ( 'NONE', ( #271, #1463, #82, #1067 ) ) ;
#1507 = AXIS2_PLACEMENT_3D ( 'NONE', #1222, #1941, #830 ) ;
#1508 = ORIENTED_EDGE ( 'NONE', *, *, #1387, .T. ) ;
#1509 = VERTEX_POINT ( 'NONE', #2196 ) ;
#1510 = CARTESIAN_POINT ( 'NONE',  ( 2.799999999999999822, -8.673617379884035472E-16, -9.099999999999999645 ) ) ;
#1511 = FILL_AREA_STYLE ('',( #251 ) ) ;
#1512 = ORIENTED_EDGE ( 'NONE', *, *, #159, .F. ) ;
#1513 = CARTESIAN_POINT ( 'NONE',  ( 2.662985679999434918, 7.810649458095265452, 7.225329828040170099 ) ) ;
#1514 = EDGE_CURVE ( 'NONE', #1032, #1436, #1476, .T. ) ;
#1515 = CARTESIAN_POINT ( 'NONE',  ( 6.268015139959671522, 0.7325737354630909026, 6.502950714859307979 ) ) ;
#1516 = EDGE_LOOP ( 'NONE', ( #521, #1649, #509, #931, #1359 ) ) ;
#1517 = VECTOR ( 'NONE', #227, 999.9999999999998863 ) ;
#1518 = ORIENTED_EDGE ( 'NONE', *, *, #1242, .T. ) ;
#1519 = VERTEX_POINT ( 'NONE', #598 ) ;
#1520 = CARTESIAN_POINT ( 'NONE',  ( -3.799999999999999378, 2.200000000000001066, -9.099999999999999645 ) ) ;
#1521 = DIRECTION ( 'NONE',  ( 1.000000000000000000, 0.000000000000000000, -0.000000000000000000 ) ) ;
#1522 = PLANE ( 'NONE',  #2219 ) ;
#1523 = EDGE_LOOP ( 'NONE', ( #19, #365, #2082, #1790 ) ) ;
#1524 = FACE_OUTER_BOUND ( 'NONE', #6, .T. ) ;
#1525 = CARTESIAN_POINT ( 'NONE',  ( 6.300000000000003375, 0.000000000000000000, 1.400000000000001021 ) ) ;
#1526 = EDGE_CURVE ( 'NONE', #2096, #2054, #870, .T. ) ;
#1527 = LINE ( 'NONE', #1505, #963 ) ;
#1528 = ORIENTED_EDGE ( 'NONE', *, *, #1700, .T. ) ;
#1529 = CIRCLE ( 'NONE', #108, 6.300000000000003375 ) ;
#1530 = ORIENTED_EDGE ( 'NONE', *, *, #619, .F. ) ;
#1531 = ORIENTED_EDGE ( 'NONE', *, *, #1374, .F. ) ;
#1532 =( NAMED_UNIT ( * ) SI_UNIT ( $, .STERADIAN. ) SOLID_ANGLE_UNIT ( ) );
#1533 = CARTESIAN_POINT ( 'NONE',  ( 0.000000000000000000, 0.000000000000000000, 7.600000000000000533 ) ) ;
#1534 = CYLINDRICAL_SURFACE ( 'NONE', #1494, 5.900000000000001243 ) ;
#1535 = ORIENTED_EDGE ( 'NONE', *, *, #2051, .F. ) ;
#1536 = DIRECTION ( 'NONE',  ( -0.000000000000000000, -0.000000000000000000, -1.000000000000000000 ) ) ;
#1537 = CARTESIAN_POINT ( 'NONE',  ( -6.204288843976916823, 1.093983519301643170, 6.387488034358232980 ) ) ;
#1538 =( NAMED_UNIT ( * ) SI_UNIT ( $, .STERADIAN. ) SOLID_ANGLE_UNIT ( ) );
#1539 = FACE_OUTER_BOUND ( 'NONE', #115, .T. ) ;
#1540 =( NAMED_UNIT ( * ) PLANE_ANGLE_UNIT ( ) SI_UNIT ( $, .RADIAN. ) );
#1541 = VECTOR ( 'NONE', #2197, 1000.000000000000000 ) ;
#1542 = VERTEX_POINT ( 'NONE', #1864 ) ;
#1543 = ADVANCED_FACE ( 'NONE', ( #1675 ), #983, .T. ) ;
#1544 = AXIS2_PLACEMENT_3D ( 'NONE', #1401, #1569, #2302 ) ;
#1545 = VERTEX_POINT ( 'NONE', #447 ) ;
#1546 = VERTEX_POINT ( 'NONE', #787 ) ;
#1547 = DIRECTION ( 'NONE',  ( -1.000000000000000000, 0.000000000000000000, 0.000000000000000000 ) ) ;
#1548 = CARTESIAN_POINT ( 'NONE',  ( -2.784262447624576531, -7.649698204684127312, 6.387488034358232980 ) ) ;
#1549 = PLANE ( 'NONE',  #308 ) ;
#1550 = ORIENTED_EDGE ( 'NONE', *, *, #1313, .F. ) ;
#1551 = CARTESIAN_POINT ( 'NONE',  ( -5.325968145396240416, -3.365124561472365272, 7.600000000000000533 ) ) ;
#1552 = CARTESIAN_POINT ( 'NONE',  ( 6.258968622859864439, -17.19637496038207303, 7.629833539901325956 ) ) ;
#1553 = DIRECTION ( 'NONE',  ( -0.000000000000000000, -0.000000000000000000, -1.000000000000000000 ) ) ;
#1554 = DIRECTION ( 'NONE',  ( 0.000000000000000000, 0.000000000000000000, 1.000000000000000000 ) ) ;
#1555 = DIRECTION ( 'NONE',  ( 0.8660254037844384856, -0.5000000000000002220, 0.000000000000000000 ) ) ;
#1556 = AXIS2_PLACEMENT_3D ( 'NONE', #73, #654, #414 ) ;
#1557 = EDGE_CURVE ( 'NONE', #543, #1363, #1527, .T. ) ;
#1558 = ORIENTED_EDGE ( 'NONE', *, *, #1042, .F. ) ;
#1559 = EDGE_LOOP ( 'NONE', ( #1737, #821, #646, #529 ) ) ;
#1560 = PLANE ( 'NONE',  #2309 ) ;
#1561 = AXIS2_PLACEMENT_3D ( 'NONE', #240, #64, #2226 ) ;
#1562 = VECTOR ( 'NONE', #1553, 1000.000000000000000 ) ;
#1563 = FACE_OUTER_BOUND ( 'NONE', #332, .T. ) ;
#1564 = VERTEX_POINT ( 'NONE', #254 ) ;
#1565 = CARTESIAN_POINT ( 'NONE',  ( -6.012113689171199482, -2.186713629475140142, 6.737447683983911695 ) ) ;
#1566 = CARTESIAN_POINT ( 'NONE',  ( -5.280359944545643280, 3.713464614940561681, 7.249599426207308461 ) ) ;
#1567 = CYLINDRICAL_SURFACE ( 'NONE', #1152, 6.200000000000001954 ) ;
#1568 = CARTESIAN_POINT ( 'NONE',  ( 7.050000000000034461, -4.070319397786794191, 6.387488034358232980 ) ) ;
#1569 = DIRECTION ( 'NONE',  ( 0.000000000000000000, 0.000000000000000000, 1.000000000000000000 ) ) ;
#1570 = VERTEX_POINT ( 'NONE', #1329 ) ;
#1571 = VERTEX_POINT ( 'NONE', #2062 ) ;
#1572 = FACE_OUTER_BOUND ( 'NONE', #1516, .T. ) ;
#1573 = CARTESIAN_POINT ( 'NONE',  ( 7.049999999999996270, -4.070319397786861693, 5.300000000000000711 ) ) ;
#1574 = EDGE_LOOP ( 'NONE', ( #136, #437 ) ) ;
#1575 = EDGE_CURVE ( 'NONE', #1122, #2159, #1900, .T. ) ;
#1576 = EDGE_CURVE ( 'NONE', #910, #805, #1684, .T. ) ;
#1577 = DIRECTION ( 'NONE',  ( 0.8660254037844385966, 0.5000000000000001110, 0.000000000000000000 ) ) ;
#1578 = LINE ( 'NONE', #499, #1707 ) ;
#1579 = CARTESIAN_POINT ( 'NONE',  ( 8.016964200352949987, 1.413607091896173396, 6.387488034358232980 ) ) ;
#1580 = CARTESIAN_POINT ( 'NONE',  ( 0.000000000000000000, 0.000000000000000000, 7.600000000000000533 ) ) ;
#1581 = PRODUCT_DEFINITION_SHAPE ( 'NONE', 'NONE',  #2214 ) ;
#1582 = EDGE_CURVE ( 'NONE', #1545, #1088, #98, .T. ) ;
#1583 = EDGE_LOOP ( 'NONE', ( #1376, #2312, #2044, #468 ) ) ;
#1584 = AXIS2_PLACEMENT_3D ( 'NONE', #2323, #1409, #1063 ) ;
#1585 = ORIENTED_EDGE ( 'NONE', *, *, #619, .T. ) ;
#1586 = CARTESIAN_POINT ( 'NONE',  ( -7.049999999999998934, -4.070319397786859028, 1.400000000000001021 ) ) ;
#1587 = VERTEX_POINT ( 'NONE', #2077 ) ;
#1588 = PLANE ( 'NONE',  #886 ) ;
#1589 = ORIENTED_EDGE ( 'NONE', *, *, #1719, .T. ) ;
#1590 = CARTESIAN_POINT ( 'NONE',  ( -7.049999999999999822, 4.070319397786860804, 1.400000000000001021 ) ) ;
#1591 = CIRCLE ( 'NONE', #1889, 8.140638795573719833 ) ;
#1592 = LINE ( 'NONE', #1231, #1562 ) ;
#1593 = DIRECTION ( 'NONE',  ( 0.000000000000000000, 0.000000000000000000, 1.000000000000000000 ) ) ;
#1594 = EDGE_CURVE ( 'NONE', #890, #140, #244, .T. ) ;
#1595 = CARTESIAN_POINT ( 'NONE',  ( -2.799999999999999378, 2.200000000000001066, -14.80000000000000071 ) ) ;
#1596 = CARTESIAN_POINT ( 'NONE',  ( 8.140638795573718056, 0.4742052766084330351, 6.685313938686867630 ) ) ;
#1597 = STYLED_ITEM ( 'NONE', ( #2180 ), #384 ) ;
#1598 = ORIENTED_EDGE ( 'NONE', *, *, #1449, .T. ) ;
#1599 = VERTEX_POINT ( 'NONE', #1320 ) ;
#1600 = FACE_BOUND ( 'NONE', #1919, .T. ) ;
#1601 = ORIENTED_EDGE ( 'NONE', *, *, #630, .F. ) ;
#1602 = VECTOR ( 'NONE', #238, 1000.000000000000000 ) ;
#1603 = PLANE ( 'NONE',  #1739 ) ;
#1604 = VECTOR ( 'NONE', #290, 1000.000000000000000 ) ;
#1605 = ORIENTED_EDGE ( 'NONE', *, *, #573, .F. ) ;
#1606 = DIRECTION ( 'NONE',  ( 1.000000000000000000, 0.000000000000000000, 0.000000000000000000 ) ) ;
#1607 = LINE ( 'NONE', #1, #1903 ) ;
#1608 = CARTESIAN_POINT ( 'NONE',  ( -7.049999999999979394, -4.070319397786891003, 6.387488034358232980 ) ) ;
#1609 = LINE ( 'NONE', #563, #778 ) ;
#1610 = CLOSED_SHELL ( 'NONE', ( #854, #1095, #1911, #997, #20, #1627, #832, #1801, #2065, #2201, #1676, #1433, #152, #1097, #990, #932, #384, #2181, #1137, #1826, #426, #710 ) ) ;
#1611 = EDGE_CURVE ( 'NONE', #1031, #717, #640, .T. ) ;
#1612 = LINE ( 'NONE', #1808, #1907 ) ;
#1613 = ORIENTED_EDGE ( 'NONE', *, *, #695, .F. ) ;
#1614 = ORIENTED_EDGE ( 'NONE', *, *, #1611, .F. ) ;
#1615 = CARTESIAN_POINT ( 'NONE',  ( -6.204288843976918599, 1.093983519301643392, 1.400000000000001021 ) ) ;
#1616 = ORIENTED_EDGE ( 'NONE', *, *, #320, .F. ) ;
#1617 = CARTESIAN_POINT ( 'NONE',  ( 0.000000000000000000, 0.000000000000000000, 7.600000000000000533 ) ) ;
#1618 = ORIENTED_EDGE ( 'NONE', *, *, #1679, .F. ) ;
#1619 = CARTESIAN_POINT ( 'NONE',  ( 0.000000000000000000, 0.000000000000000000, -0.7999999999999986011 ) ) ;
#1620 = CARTESIAN_POINT ( 'NONE',  ( 2.784262447624680004, -7.649698204684090008, 7.600000000000000533 ) ) ;
#1621 = DIRECTION ( 'NONE',  ( 1.000000000000000000, 0.000000000000000000, 0.000000000000000000 ) ) ;
#1622 = VERTEX_POINT ( 'NONE', #461 ) ;
#1623 = PRESENTATION_LAYER_ASSIGNMENT (  '', '', ( #604 ) ) ;
#1624 = EDGE_LOOP ( 'NONE', ( #596, #1741, #1917, #1585 ) ) ;
#1625 = AXIS2_PLACEMENT_3D ( 'NONE', #692, #2313, #1962 ) ;
#1626 = CARTESIAN_POINT ( 'NONE',  ( 6.204288843976900836, 1.093983519301725105, 6.387488034358232980 ) ) ;
#1627 = ADVANCED_FACE ( 'NONE', ( #266 ), #2042, .T. ) ;
#1628 = VERTEX_POINT ( 'NONE', #424 ) ;
#1629 = VECTOR ( 'NONE', #869, 1000.000000000000000 ) ;
#1630 = DIRECTION ( 'NONE',  ( -0.9396926207859105373, 0.3420201433256631063, 0.000000000000000000 ) ) ;
#1631 = CARTESIAN_POINT ( 'NONE',  ( 2.800000000000000266, 2.199999999999999289, -14.80000000000000071 ) ) ;
#1632 = CARTESIAN_POINT ( 'NONE',  ( 0.000000000000000000, 18.29999999999999361, 6.387488034358232980 ) ) ;
#1633 = CARTESIAN_POINT ( 'NONE',  ( 0.000000000000000000, 0.000000000000000000, 9.099999999999999645 ) ) ;
#1634 = CIRCLE ( 'NONE', #698, 6.300000000000003375 ) ;
#1635 = LINE ( 'NONE', #1233, #158 ) ;
#1636 = UNCERTAINTY_MEASURE_WITH_UNIT (LENGTH_MEASURE( 1.000000000000000082E-05 ), #1339, 'distance_accuracy_value', 'NONE');
#1637 = PRODUCT_CONTEXT ( 'NONE', #246, 'mechanical' ) ;
#1638 = DIRECTION ( 'NONE',  ( 1.000000000000000000, 0.000000000000000000, 0.000000000000000000 ) ) ;
#1639 = ORIENTED_EDGE ( 'NONE', *, *, #2132, .T. ) ;
#1640 = EDGE_CURVE ( 'NONE', #2054, #1264, #851, .T. ) ;
#1641 = AXIS2_PLACEMENT_3D ( 'NONE', #154, #478, #339 ) ;
#1642 = DIRECTION ( 'NONE',  ( -1.065471346622099196E-16, 1.000000000000000000, 0.000000000000000000 ) ) ;
#1643 = MANIFOLD_SOLID_BREP ( 'CirPattern1', #1198 ) ;
#1644 = AXIS2_PLACEMENT_3D ( 'NONE', #1338, #803, #261 ) ;
#1645 = FILL_AREA_STYLE ('',( #1830 ) ) ;
#1646 = CARTESIAN_POINT ( 'NONE',  ( 0.000000000000000000, 0.000000000000000000, 11.60000000000000142 ) ) ;
#1647 = PLANE ( 'NONE',  #1273 ) ;
#1648 = CARTESIAN_POINT ( 'NONE',  ( 6.300000000000003375, 0.000000000000000000, 1.400000000000001021 ) ) ;
#1649 = ORIENTED_EDGE ( 'NONE', *, *, #801, .T. ) ;
#1650 = DIRECTION ( 'NONE',  ( 0.8660254037844432595, -0.4999999999999919509, 0.000000000000000000 ) ) ;
#1651 = CARTESIAN_POINT ( 'NONE',  ( -2.154726902951678458, -5.920063510951239394, 7.600000000000000533 ) ) ;
#1652 = CARTESIAN_POINT ( 'NONE',  ( 2.784262447624680004, -7.649698204684090008, 7.600000000000000533 ) ) ;
#1653 =( BOUNDED_CURVE ( )  B_SPLINE_CURVE ( 3, ( #773, #2187, #417, #943 ),
 .UNSPECIFIED., .F., .T. ) 
 B_SPLINE_CURVE_WITH_KNOTS ( ( 4, 4 ),
 ( 4.219234714496181482, 4.712388980384689674 ),
 .UNSPECIFIED. ) 
 CURVE ( )  GEOMETRIC_REPRESENTATION_ITEM ( )  RATIONAL_B_SPLINE_CURVE ( ( 1.000000000000000000, 0.9798357166840574450, 0.9798357166840574450, 1.000000000000000000 ) ) 
 REPRESENTATION_ITEM ( '' )  );
#1654 = DIRECTION ( 'NONE',  ( 0.000000000000000000, 0.000000000000000000, 1.000000000000000000 ) ) ;
#1655 = CARTESIAN_POINT ( 'NONE',  ( 3.800000000000000266, 2.199999999999999289, -14.80000000000000071 ) ) ;
#1656 = EDGE_CURVE ( 'NONE', #890, #138, #247, .T. ) ;
#1657 = EDGE_CURVE ( 'NONE', #1142, #1382, #1051, .T. ) ;
#1658 = FILL_AREA_STYLE ('',( #1130 ) ) ;
#1659 = ADVANCED_FACE ( 'NONE', ( #897 ), #1758, .F. ) ;
#1660 = ORIENTED_EDGE ( 'NONE', *, *, #1438, .T. ) ;
#1661 = CARTESIAN_POINT ( 'NONE',  ( 5.856134664865923156, 2.716193545632089812, 7.249599426207306685 ) ) ;
#1662 = DIRECTION ( 'NONE',  ( -0.8660254037844385966, -0.5000000000000001110, 0.000000000000000000 ) ) ;
#1663 = VECTOR ( 'NONE', #220, 1000.000000000000114 ) ;
#1664 = DIRECTION ( 'NONE',  ( -0.000000000000000000, -0.000000000000000000, 1.000000000000000000 ) ) ;
#1665 = AXIS2_PLACEMENT_3D ( 'NONE', #526, #1367, #1555 ) ;
#1666 = EDGE_CURVE ( 'NONE', #2083, #814, #1365, .T. ) ;
#1667 =( NAMED_UNIT ( * ) SI_UNIT ( $, .STERADIAN. ) SOLID_ANGLE_UNIT ( ) );
#1668 = ORIENTED_EDGE ( 'NONE', *, *, #421, .T. ) ;
#1669 = DIRECTION ( 'NONE',  ( 0.9848077530122085754, -0.1736481776669273336, 0.000000000000000000 ) ) ;
#1670 = VECTOR ( 'NONE', #1457, 1000.000000000000227 ) ;
#1671 = CARTESIAN_POINT ( 'NONE',  ( 0.000000000000000000, 0.000000000000000000, 11.60000000000000142 ) ) ;
#1672 = CARTESIAN_POINT ( 'NONE',  ( 2.800000000000000266, 2.199999999999999289, -14.80000000000000071 ) ) ;
#1673 = CARTESIAN_POINT ( 'NONE',  ( 0.000000000000000000, 8.140638795573719833, 6.387488034358232980 ) ) ;
#1674 = CARTESIAN_POINT ( 'NONE',  ( 0.000000000000000000, 0.000000000000000000, 7.600000000000000533 ) ) ;
#1675 = FACE_OUTER_BOUND ( 'NONE', #1256, .T. ) ;
#1676 = ADVANCED_FACE ( 'NONE', ( #523, #1415 ), #1244, .F. ) ;
#1677 = EDGE_LOOP ( 'NONE', ( #2086, #2322, #2002, #2056 ) ) ;
#1678 = EDGE_CURVE ( 'NONE', #1954, #1509, #1858, .T. ) ;
#1679 = EDGE_CURVE ( 'NONE', #1335, #88, #1592, .T. ) ;
#1680 = CARTESIAN_POINT ( 'NONE',  ( 6.150000000000003020, 8.143901214329900763E-16, 11.60000000000000142 ) ) ;
#1681 = CARTESIAN_POINT ( 'NONE',  ( -2.784262447624576531, -7.649698204684127312, 7.600000000000000533 ) ) ;
#1682 = DIRECTION ( 'NONE',  ( -0.2299061073074377404, 0.1929141298470704313, 0.9539011061572832961 ) ) ;
#1683 =( LENGTH_UNIT ( ) NAMED_UNIT ( * ) SI_UNIT ( .MILLI., .METRE. ) );
#1684 = LINE ( 'NONE', #2253, #936 ) ;
#1685 = ORIENTED_EDGE ( 'NONE', *, *, #2149, .T. ) ;
#1686 = EDGE_CURVE ( 'NONE', #814, #1015, #1942, .T. ) ;
#1687 = ORIENTED_EDGE ( 'NONE', *, *, #577, .T. ) ;
#1688 = CARTESIAN_POINT ( 'NONE',  ( 2.952207032578644252, 2.477195832195719927, 7.600000000000000533 ) ) ;
#1689 = DIRECTION ( 'NONE',  ( -0.6427876096865300370, -0.7660444431189858960, 0.000000000000000000 ) ) ;
#1690 = ORIENTED_EDGE ( 'NONE', *, *, #2319, .F. ) ;
#1691 = AXIS2_PLACEMENT_3D ( 'NONE', #1786, #1230, #522 ) ;
#1692 = FACE_OUTER_BOUND ( 'NONE', #656, .T. ) ;
#1693 = LINE ( 'NONE', #460, #689 ) ;
#1694 = UNCERTAINTY_MEASURE_WITH_UNIT (LENGTH_MEASURE( 1.000000000000000082E-05 ), #550, 'distance_accuracy_value', 'NONE');
#1695 = AXIS2_PLACEMENT_3D ( 'NONE', #1144, #790, #579 ) ;
#1696 = VERTEX_POINT ( 'NONE', #1199 ) ;
#1697 = VERTEX_POINT ( 'NONE', #303 ) ;
#1698 = ORIENTED_EDGE ( 'NONE', *, *, #1053, .F. ) ;
#1699 = LINE ( 'NONE', #92, #537 ) ;
#1700 = EDGE_CURVE ( 'NONE', #1383, #1252, #1865, .T. ) ;
#1701 = LINE ( 'NONE', #2248, #1450 ) ;
#1702 = ORIENTED_EDGE ( 'NONE', *, *, #1700, .F. ) ;
#1703 = COLOUR_RGB ( '',1.000000000000000000, 1.000000000000000000, 1.000000000000000000 ) ;
#1704 = DIRECTION ( 'NONE',  ( 0.9848077530122085754, -0.1736481776669273336, 0.000000000000000000 ) ) ;
#1705 = CARTESIAN_POINT ( 'NONE',  ( -4.238845420749955295, 4.660706974160378380, 7.600000000000000533 ) ) ;
#1706 = ORIENTED_EDGE ( 'NONE', *, *, #1453, .T. ) ;
#1707 = VECTOR ( 'NONE', #1379, 1000.000000000000114 ) ;
#1708 = EDGE_LOOP ( 'NONE', ( #1225, #686, #377, #325 ) ) ;
#1709 = ORIENTED_EDGE ( 'NONE', *, *, #1305, .T. ) ;
#1710 = DIRECTION ( 'NONE',  ( 0.000000000000000000, -0.000000000000000000, -1.000000000000000000 ) ) ;
#1711 = FACE_OUTER_BOUND ( 'NONE', #179, .T. ) ;
#1712 =( LENGTH_UNIT ( ) NAMED_UNIT ( * ) SI_UNIT ( .MILLI., .METRE. ) );
#1713 = ORIENTED_EDGE ( 'NONE', *, *, #502, .F. ) ;
#1714 = CARTESIAN_POINT ( 'NONE',  ( 0.000000000000000000, 6.300000000000003375, 6.387488034358232980 ) ) ;
#1715 = DIRECTION ( 'NONE',  ( 0.000000000000000000, 0.000000000000000000, 1.000000000000000000 ) ) ;
#1716 = SURFACE_STYLE_USAGE ( .BOTH. , #1011 ) ;
#1717 = CARTESIAN_POINT ( 'NONE',  ( 7.060554077537449125, 4.271570414647900549, 7.225329828040170099 ) ) ;
#1718 = EDGE_CURVE ( 'NONE', #1835, #1187, #351, .T. ) ;
#1719 = EDGE_CURVE ( 'NONE', #2121, #1096, #328, .T. ) ;
#1720 = VERTEX_POINT ( 'NONE', #846 ) ;
#1721 = CIRCLE ( 'NONE', #307, 3.849999999999999201 ) ;
#1722 = ORIENTED_EDGE ( 'NONE', *, *, #758, .T. ) ;
#1723 = ORIENTED_EDGE ( 'NONE', *, *, #2254, .T. ) ;
#1724 = CYLINDRICAL_SURFACE ( 'NONE', #1967, 8.140638795573719833 ) ;
#1725 = AXIS2_PLACEMENT_3D ( 'NONE', #1499, #2216, #262 ) ;
#1726 = FILL_AREA_STYLE ('',( #1018 ) ) ;
#1727 = ORIENTED_EDGE ( 'NONE', *, *, #2285, .F. ) ;
#1728 = LINE ( 'NONE', #665, #589 ) ;
#1729 = CARTESIAN_POINT ( 'NONE',  ( -4.573973625125749898, -4.555303048868621474, 7.249599426207306685 ) ) ;
#1730 = CARTESIAN_POINT ( 'NONE',  ( 0.000000000000000000, 0.000000000000000000, 5.300000000000000711 ) ) ;
#1731 = CARTESIAN_POINT ( 'NONE',  ( 6.054322447311101918, -2.021742236116337743, 7.344687155542758639 ) ) ;
#1732 = CARTESIAN_POINT ( 'NONE',  ( 0.000000000000000000, 0.000000000000000000, -14.80000000000000071 ) ) ;
#1733 = VECTOR ( 'NONE', #1857, 1000.000000000000000 ) ;
#1734 = EDGE_CURVE ( 'NONE', #2243, #2054, #1072, .T. ) ;
#1735 =( BOUNDED_CURVE ( )  B_SPLINE_CURVE ( 3, ( #1377, #1898, #1565, #1196 ),
 .UNSPECIFIED., .F., .T. ) 
 B_SPLINE_CURVE_WITH_KNOTS ( ( 4, 4 ),
 ( 1.047197551196592968, 1.570796326794896780 ),
 .UNSPECIFIED. ) 
 CURVE ( )  GEOMETRIC_REPRESENTATION_ITEM ( )  RATIONAL_B_SPLINE_CURVE ( ( 1.000000000000000000, 0.9772838841927118381, 0.9772838841927118381, 1.000000000000000000 ) ) 
 REPRESENTATION_ITEM ( '' )  );
#1736 = EDGE_LOOP ( 'NONE', ( #284, #192, #1918, #873 ) ) ;
#1737 = ORIENTED_EDGE ( 'NONE', *, *, #1977, .T. ) ;
#1738 = FACE_OUTER_BOUND ( 'NONE', #1204, .T. ) ;
#1739 = AXIS2_PLACEMENT_3D ( 'NONE', #2195, #1630, #894 ) ;
#1740 = DIRECTION ( 'NONE',  ( 0.000000000000000000, 0.000000000000000000, 1.000000000000000000 ) ) ;
#1741 = ORIENTED_EDGE ( 'NONE', *, *, #1419, .F. ) ;
#1742 = CARTESIAN_POINT ( 'NONE',  ( 3.800000000000000266, 2.199999999999999289, -9.099999999999999645 ) ) ;
#1743 = CARTESIAN_POINT ( 'NONE',  ( 0.000000000000000000, -8.140638795573721609, 1.400000000000001021 ) ) ;
#1744 = CARTESIAN_POINT ( 'NONE',  ( -6.150000000000003020, 0.000000000000000000, 11.60000000000000142 ) ) ;
#1745 = LINE ( 'NONE', #1952, #87 ) ;
#1746 = CARTESIAN_POINT ( 'NONE',  ( 18.02198188012336999, 3.177761651305009316, 6.387488034358232980 ) ) ;
#1747 = VECTOR ( 'NONE', #293, 1000.000000000000000 ) ;
#1748 = EDGE_CURVE ( 'NONE', #1628, #343, #1221, .T. ) ;
#1749 = VECTOR ( 'NONE', #198, 1000.000000000000227 ) ;
#1750 = ORIENTED_EDGE ( 'NONE', *, *, #642, .T. ) ;
#1751 = VERTEX_POINT ( 'NONE', #669 ) ;
#1752 = CARTESIAN_POINT ( 'NONE',  ( 0.000000000000000000, 0.000000000000000000, 11.60000000000000142 ) ) ;
#1753 = EDGE_CURVE ( 'NONE', #856, #1182, #1607, .T. ) ;
#1754 = EDGE_CURVE ( 'NONE', #440, #1142, #1578, .T. ) ;
#1755 =( NAMED_UNIT ( * ) PLANE_ANGLE_UNIT ( ) SI_UNIT ( $, .RADIAN. ) );
#1756 = ORIENTED_EDGE ( 'NONE', *, *, #600, .F. ) ;
#1757 = DIRECTION ( 'NONE',  ( 0.1500605541705652690, 0.2599125040353664207, 0.9539011061572832961 ) ) ;
#1758 = PLANE ( 'NONE',  #1447 ) ;
#1759 = SURFACE_SIDE_STYLE ('',( #683 ) ) ;
#1760 = DIRECTION ( 'NONE',  ( 0.6427876096865300370, 0.7660444431189858960, -0.000000000000000000 ) ) ;
#1761 = ORIENTED_EDGE ( 'NONE', *, *, #1932, .F. ) ;
#1762 = EDGE_LOOP ( 'NONE', ( #641, #1340, #1722, #651 ) ) ;
#1763 = DIRECTION ( 'NONE',  ( 0.000000000000000000, 0.000000000000000000, 1.000000000000000000 ) ) ;
#1764 = EDGE_CURVE ( 'NONE', #535, #2211, #1209, .T. ) ;
#1765 = CARTESIAN_POINT ( 'NONE',  ( -2.799999999999999378, 2.200000000000001066, -14.80000000000000071 ) ) ;
#1766 = ORIENTED_EDGE ( 'NONE', *, *, #1686, .T. ) ;
#1767 = CARTESIAN_POINT ( 'NONE',  ( 5.455960043841995066, -3.149999999999951061, 7.600000000000000533 ) ) ;
#1768 = LINE ( 'NONE', #1451, #513 ) ;
#1769 = CARTESIAN_POINT ( 'NONE',  ( -7.049999999999999822, 4.070319397786860804, 1.400000000000001021 ) ) ;
#1770 = CARTESIAN_POINT ( 'NONE',  ( 2.784262447624680004, -7.649698204684090008, 6.387488034358232980 ) ) ;
#1771 = FACE_OUTER_BOUND ( 'NONE', #1215, .T. ) ;
#1772 = AXIS2_PLACEMENT_3D ( 'NONE', #2, #1245, #538 ) ;
#1773 = ORIENTED_EDGE ( 'NONE', *, *, #106, .T. ) ;
#1774 = ORIENTED_EDGE ( 'NONE', *, *, #1829, .F. ) ;
#1775 = DIRECTION ( 'NONE',  ( 0.8660254037844385966, 0.5000000000000001110, 0.000000000000000000 ) ) ;
#1776 = CIRCLE ( 'NONE', #2078, 8.140638795573719833 ) ;
#1777 = EDGE_LOOP ( 'NONE', ( #295, #809, #1151, #1756 ) ) ;
#1778 = DIRECTION ( 'NONE',  ( 0.000000000000000000, 0.000000000000000000, 1.000000000000000000 ) ) ;
#1779 = VERTEX_POINT ( 'NONE', #1744 ) ;
#1780 = EDGE_CURVE ( 'NONE', #1252, #1383, #554, .T. ) ;
#1781 = MECHANICAL_DESIGN_GEOMETRIC_PRESENTATION_REPRESENTATION (  '', ( #1473 ), #197 ) ;
#1782 = DIRECTION ( 'NONE',  ( 0.3420201433256630508, 0.9396926207859104263, -0.000000000000000000 ) ) ;
#1783 = DIRECTION ( 'NONE',  ( 0.000000000000000000, 0.000000000000000000, 1.000000000000000000 ) ) ;
#1784 = DIRECTION ( 'NONE',  ( 0.000000000000000000, 0.000000000000000000, 1.000000000000000000 ) ) ;
#1785 = CARTESIAN_POINT ( 'NONE',  ( -4.849999999999999645, 0.000000000000000000, 15.50000000000000000 ) ) ;
#1786 = CARTESIAN_POINT ( 'NONE',  ( 0.000000000000000000, 0.000000000000000000, 7.600000000000000533 ) ) ;
#1787 = VECTOR ( 'NONE', #583, 1000.000000000000114 ) ;
#1788 = AXIS2_PLACEMENT_3D ( 'NONE', #388, #237, #1828 ) ;
#1789 = ORIENTED_EDGE ( 'NONE', *, *, #1211, .T. ) ;
#1790 = ORIENTED_EDGE ( 'NONE', *, *, #408, .F. ) ;
#1791 = DIRECTION ( 'NONE',  ( -0.6427876096865299260, -0.7660444431189857850, 0.000000000000000000 ) ) ;
#1792 = ORIENTED_EDGE ( 'NONE', *, *, #2182, .T. ) ;
#1793 = COLOUR_RGB ( '',1.000000000000000000, 1.000000000000000000, 1.000000000000000000 ) ;
#1794 = LINE ( 'NONE', #2007, #2308 ) ;
#1795 = CIRCLE ( 'NONE', #555, 8.140638795573719833 ) ;
#1796 = ORIENTED_EDGE ( 'NONE', *, *, #400, .T. ) ;
#1797 = CARTESIAN_POINT ( 'NONE',  ( 0.000000000000000000, 0.000000000000000000, 1.400000000000001021 ) ) ;
#1798 = FILL_AREA_STYLE_COLOUR ( '', #1355 ) ;
#1799 = SURFACE_STYLE_USAGE ( .BOTH. , #2189 ) ;
#1800 = DIRECTION ( 'NONE',  ( 0.000000000000000000, 0.000000000000000000, 1.000000000000000000 ) ) ;
#1801 = ADVANCED_FACE ( 'NONE', ( #1399 ), #1567, .T. ) ;
#1802 = ORIENTED_EDGE ( 'NONE', *, *, #820, .T. ) ;
#1803 = DIRECTION ( 'NONE',  ( -1.000000000000000000, 0.000000000000000000, -0.000000000000000000 ) ) ;
#1804 = ORIENTED_EDGE ( 'NONE', *, *, #2212, .F. ) ;
#1805 = DIRECTION ( 'NONE',  ( 0.000000000000000000, 0.000000000000000000, 1.000000000000000000 ) ) ;
#1806 = FACE_OUTER_BOUND ( 'NONE', #1970, .T. ) ;
#1807 = CARTESIAN_POINT ( 'NONE',  ( -4.197056782650320450, 7.105100425211091419, 6.812841644223285087 ) ) ;
#1808 = CARTESIAN_POINT ( 'NONE',  ( -3.799999999999999378, 2.200000000000001066, -14.80000000000000071 ) ) ;
#1809 = AXIS2_PLACEMENT_3D ( 'NONE', #1860, #56, #2225 ) ;
#1810 = EDGE_CURVE ( 'NONE', #1262, #1622, #1768, .T. ) ;
#1811 = VECTOR ( 'NONE', #1071, 1000.000000000000000 ) ;
#1812 = LINE ( 'NONE', #2016, #2158 ) ;
#1813 = EDGE_LOOP ( 'NONE', ( #2220, #1167 ) ) ;
#1814 = CIRCLE ( 'NONE', #497, 4.849999999999999645 ) ;
#1815 = CARTESIAN_POINT ( 'NONE',  ( -7.049999999999998934, -4.070319397786859028, 1.400000000000001021 ) ) ;
#1816 =( BOUNDED_CURVE ( )  B_SPLINE_CURVE ( 3, ( #2264, #97, #1515, #292 ),
 .UNSPECIFIED., .F., .T. ) 
 B_SPLINE_CURVE_WITH_KNOTS ( ( 4, 4 ),
 ( 1.396263401595453368, 1.570796326794896558 ),
 .UNSPECIFIED. ) 
 CURVE ( )  GEOMETRIC_REPRESENTATION_ITEM ( )  RATIONAL_B_SPLINE_CURVE ( ( 1.000000000000000000, 0.9974631320611633267, 0.9974631320611633267, 1.000000000000000000 ) ) 
 REPRESENTATION_ITEM ( '' )  );
#1817 =( LENGTH_UNIT ( ) NAMED_UNIT ( * ) SI_UNIT ( .MILLI., .METRE. ) );
#1818 = DIRECTION ( 'NONE',  ( 0.9539011061572831851, 0.000000000000000000, 0.3001211083411352565 ) ) ;
#1819 =( NAMED_UNIT ( * ) SI_UNIT ( $, .STERADIAN. ) SOLID_ANGLE_UNIT ( ) );
#1820 = AXIS2_PLACEMENT_3D ( 'NONE', #839, #2258, #1205 ) ;
#1821 = CARTESIAN_POINT ( 'NONE',  ( 0.000000000000000000, 0.000000000000000000, 11.60000000000000142 ) ) ;
#1822 = PRODUCT_DEFINITION_CONTEXT ( 'detailed design', #1213, 'design' ) ;
#1823 = ORIENTED_EDGE ( 'NONE', *, *, #2212, .T. ) ;
#1824 = DIRECTION ( 'NONE',  ( -1.971276677246371519E-16, -1.000000000000000000, 0.000000000000000000 ) ) ;
#1825 = ADVANCED_FACE ( 'NONE', ( #1127 ), #185, .T. ) ;
#1826 = ADVANCED_FACE ( 'NONE', ( #1300 ), #536, .T. ) ;
#1827 = LINE ( 'NONE', #370, #1143 ) ;
#1828 = DIRECTION ( 'NONE',  ( -1.000000000000000000, 0.000000000000000000, 0.000000000000000000 ) ) ;
#1829 = EDGE_CURVE ( 'NONE', #1874, #1131, #2021, .T. ) ;
#1830 = FILL_AREA_STYLE_COLOUR ( '', #1793 ) ;
#1831 = CARTESIAN_POINT ( 'NONE',  ( 7.050000000000034461, -4.070319397786794191, 7.600000000000000533 ) ) ;
#1832 = FILL_AREA_STYLE_COLOUR ( '', #170 ) ;
#1833 = CARTESIAN_POINT ( 'NONE',  ( 0.000000000000000000, 6.300000000000003375, 6.387488034358232980 ) ) ;
#1834 = SURFACE_STYLE_FILL_AREA ( #1658 ) ;
#1835 = VERTEX_POINT ( 'NONE', #763 ) ;
#1836 = LINE ( 'NONE', #41, #1319 ) ;
#1837 = FACE_OUTER_BOUND ( 'NONE', #974, .T. ) ;
#1838 = EDGE_CURVE ( 'NONE', #645, #1956, #1258, .T. ) ;
#1839 = FACE_OUTER_BOUND ( 'NONE', #1423, .T. ) ;
#1840 = DIRECTION ( 'NONE',  ( 0.000000000000000000, -0.000000000000000000, 1.000000000000000000 ) ) ;
#1841 = FACE_OUTER_BOUND ( 'NONE', #690, .T. ) ;
#1842 = STYLED_ITEM ( 'NONE', ( #1843 ), #152 ) ;
#1843 = PRESENTATION_STYLE_ASSIGNMENT (( #1853 ) ) ;
#1844 = EDGE_LOOP ( 'NONE', ( #745, #1685, #895, #965 ) ) ;
#1845 = CARTESIAN_POINT ( 'NONE',  ( 8.140638795573719833, 9.969407244014120020E-16, 6.832244125362088916 ) ) ;
#1846 = VECTOR ( 'NONE', #181, 1000.000000000000000 ) ;
#1847 = COLOUR_RGB ( '',1.000000000000000000, 1.000000000000000000, 1.000000000000000000 ) ;
#1848 = CARTESIAN_POINT ( 'NONE',  ( 7.049999999999996270, -4.070319397786861693, 1.400000000000001021 ) ) ;
#1849 =( NAMED_UNIT ( * ) SI_UNIT ( $, .STERADIAN. ) SOLID_ANGLE_UNIT ( ) );
#1850 = ADVANCED_FACE ( 'NONE', ( #1839 ), #2166, .T. ) ;
#1851 = CARTESIAN_POINT ( 'NONE',  ( 4.049561941025145551, 4.826079991649618428, 6.387488034358232980 ) ) ;
#1852 = VECTOR ( 'NONE', #157, 1000.000000000000114 ) ;
#1853 = SURFACE_STYLE_USAGE ( .BOTH. , #1129 ) ;
#1854 = DIRECTION ( 'NONE',  ( 0.000000000000000000, 0.000000000000000000, 1.000000000000000000 ) ) ;
#1855 = AXIS2_PLACEMENT_3D ( 'NONE', #978, #1153, #1869 ) ;
#1856 = ORIENTED_EDGE ( 'NONE', *, *, #2098, .F. ) ;
#1857 = DIRECTION ( 'NONE',  ( -0.000000000000000000, -0.000000000000000000, 1.000000000000000000 ) ) ;
#1858 = CIRCLE ( 'NONE', #1641, 7.150000000000000355 ) ;
#1859 = DIRECTION ( 'NONE',  ( -1.971276677246371519E-16, -1.000000000000000000, 0.000000000000000000 ) ) ;
#1860 = CARTESIAN_POINT ( 'NONE',  ( 0.000000000000000000, 0.000000000000000000, 7.600000000000000533 ) ) ;
#1861 = PLANE ( 'NONE',  #783 ) ;
#1862 = CARTESIAN_POINT ( 'NONE',  ( -6.300000000000003375, 7.715274834628329322E-16, 7.378556694591766885 ) ) ;
#1863 = UNCERTAINTY_MEASURE_WITH_UNIT (LENGTH_MEASURE( 1.000000000000000082E-05 ), #71, 'distance_accuracy_value', 'NONE');
#1864 = CARTESIAN_POINT ( 'NONE',  ( 7.050000000000034461, -4.070319397786794191, 7.600000000000000533 ) ) ;
#1865 = CIRCLE ( 'NONE', #621, 6.200000000000001954 ) ;
#1866 = EDGE_CURVE ( 'NONE', #1386, #2083, #1990, .T. ) ;
#1867 = ORIENTED_EDGE ( 'NONE', *, *, #286, .T. ) ;
#1868 = CARTESIAN_POINT ( 'NONE',  ( 0.000000000000000000, 0.000000000000000000, 14.49999999999999822 ) ) ;
#1869 = DIRECTION ( 'NONE',  ( 1.000000000000000000, 0.000000000000000000, -0.000000000000000000 ) ) ;
#1870 = ORIENTED_EDGE ( 'NONE', *, *, #425, .T. ) ;
#1871 = LINE ( 'NONE', #981, #2279 ) ;
#1872 = DIRECTION ( 'NONE',  ( 0.000000000000000000, 0.000000000000000000, 1.000000000000000000 ) ) ;
#1873 = DIRECTION ( 'NONE',  ( 0.000000000000000000, 0.000000000000000000, 1.000000000000000000 ) ) ;
#1874 = VERTEX_POINT ( 'NONE', #2009 ) ;
#1875 = EDGE_CURVE ( 'NONE', #138, #890, #900, .T. ) ;
#1876 = ORIENTED_EDGE ( 'NONE', *, *, #903, .F. ) ;
#1877 = ORIENTED_EDGE ( 'NONE', *, *, #122, .F. ) ;
#1878 = PLANE ( 'NONE',  #177 ) ;
#1879 = PRESENTATION_STYLE_ASSIGNMENT (( #603 ) ) ;
#1880 = EDGE_LOOP ( 'NONE', ( #906, #2255, #2097, #976 ) ) ;
#1881 = CARTESIAN_POINT ( 'NONE',  ( 1.351938493100167671, 8.140638795573721609, 6.812841644223285975 ) ) ;
#1882 = VECTOR ( 'NONE', #1459, 1000.000000000000000 ) ;
#1883 = DIRECTION ( 'NONE',  ( 0.000000000000000000, 0.000000000000000000, 1.000000000000000000 ) ) ;
#1884 = MECHANICAL_DESIGN_GEOMETRIC_PRESENTATION_REPRESENTATION (  '', ( #956 ), #315 ) ;
#1885 = CARTESIAN_POINT ( 'NONE',  ( 0.000000000000000000, 0.000000000000000000, 9.099999999999999645 ) ) ;
#1886 = ADVANCED_BREP_SHAPE_REPRESENTATION ( 'Push Button', ( #888, #1643, #135, #2070 ), #279 ) ;
#1887 = ORIENTED_EDGE ( 'NONE', *, *, #505, .T. ) ;
#1888 = COLOUR_RGB ( '',1.000000000000000000, 1.000000000000000000, 1.000000000000000000 ) ;
#1889 = AXIS2_PLACEMENT_3D ( 'NONE', #2284, #2247, #2084 ) ;
#1890 = ORIENTED_EDGE ( 'NONE', *, *, #1113, .T. ) ;
#1891 = ORIENTED_EDGE ( 'NONE', *, *, #849, .T. ) ;
#1892 = EDGE_CURVE ( 'NONE', #1090, #1628, #2154, .T. ) ;
#1893 = EDGE_CURVE ( 'NONE', #910, #1720, #1289, .T. ) ;
#1894 = DIRECTION ( 'NONE',  ( -1.971276677246371519E-16, -1.000000000000000000, 0.000000000000000000 ) ) ;
#1895 = DIRECTION ( 'NONE',  ( -0.000000000000000000, -0.000000000000000000, 1.000000000000000000 ) ) ;
#1896 = ORIENTED_EDGE ( 'NONE', *, *, #1678, .T. ) ;
#1897 = STYLED_ITEM ( 'NONE', ( #1106 ), #426 ) ;
#1898 = CARTESIAN_POINT ( 'NONE',  ( -6.300000000000004263, -1.112307290658486769, 7.075482747716427490 ) ) ;
#1899 = CARTESIAN_POINT ( 'NONE',  ( 3.800000000000000266, 2.199999999999999289, -14.80000000000000071 ) ) ;
#1900 = LINE ( 'NONE', #1354, #1747 ) ;
#1901 = CARTESIAN_POINT ( 'NONE',  ( -4.849999999999999645, 0.000000000000000000, 14.49999999999999822 ) ) ;
#1902 = ORIENTED_EDGE ( 'NONE', *, *, #1068, .F. ) ;
#1903 = VECTOR ( 'NONE', #488, 1000.000000000000000 ) ;
#1904 = AXIS2_PLACEMENT_3D ( 'NONE', #479, #330, #2090 ) ;
#1905 = ORIENTED_EDGE ( 'NONE', *, *, #2081, .T. ) ;
#1906 = ORIENTED_EDGE ( 'NONE', *, *, #1866, .T. ) ;
#1907 = VECTOR ( 'NONE', #4, 1000.000000000000000 ) ;
#1908 = DIRECTION ( 'NONE',  ( -0.8660254037844385966, -0.5000000000000001110, 0.000000000000000000 ) ) ;
#1909 = ORIENTED_EDGE ( 'NONE', *, *, #80, .T. ) ;
#1910 = CARTESIAN_POINT ( 'NONE',  ( 3.853832579946180559, 4.983771106877341595, 7.600000000000000533 ) ) ;
#1911 = ADVANCED_FACE ( 'NONE', ( #1469 ), #952, .T. ) ;
#1912 = CARTESIAN_POINT ( 'NONE',  ( 4.283033857516808318, -6.922833305472886778, 7.600000000000000533 ) ) ;
#1913 = CARTESIAN_POINT ( 'NONE',  ( 7.049999999999997158, 4.070319397786859028, 5.300000000000000711 ) ) ;
#1914 = DIRECTION ( 'NONE',  ( -0.000000000000000000, -0.000000000000000000, -1.000000000000000000 ) ) ;
#1915 = FACE_OUTER_BOUND ( 'NONE', #2108, .T. ) ;
#1916 = ORIENTED_EDGE ( 'NONE', *, *, #1175, .F. ) ;
#1917 = ORIENTED_EDGE ( 'NONE', *, *, #337, .F. ) ;
#1918 = ORIENTED_EDGE ( 'NONE', *, *, #470, .T. ) ;
#1919 = EDGE_LOOP ( 'NONE', ( #1078, #356 ) ) ;
#1920 = CARTESIAN_POINT ( 'NONE',  ( -3.799999999999999822, 8.673617379884035472E-16, -14.80000000000000071 ) ) ;
#1921 = SURFACE_STYLE_USAGE ( .BOTH. , #2099 ) ;
#1922 = PRODUCT ( 'Push Button', 'Push Button', '', ( #1637 ) ) ;
#1923 = ORIENTED_EDGE ( 'NONE', *, *, #106, .F. ) ;
#1924 = CARTESIAN_POINT ( 'NONE',  ( 2.740123861534173422, 5.844975775298712151, 7.249599426207308461 ) ) ;
#1925 = LINE ( 'NONE', #1525, #2113 ) ;
#1926 = ADVANCED_FACE ( 'NONE', ( #921 ), #1996, .F. ) ;
#1927 = AXIS2_PLACEMENT_3D ( 'NONE', #2076, #2112, #667 ) ;
#1928 = CARTESIAN_POINT ( 'NONE',  ( 0.000000000000000000, 0.000000000000000000, 9.099999999999999645 ) ) ;
#1929 = CARTESIAN_POINT ( 'NONE',  ( -1.168917186442104406, -8.056279079776235363, 7.600000000000000533 ) ) ;
#1930 = LINE ( 'NONE', #319, #1257 ) ;
#1931 = VECTOR ( 'NONE', #1824, 1000.000000000000000 ) ;
#1932 = EDGE_CURVE ( 'NONE', #737, #1383, #1701, .T. ) ;
#1933 = EDGE_CURVE ( 'NONE', #908, #2122, #1334, .T. ) ;
#1934 = VERTEX_POINT ( 'NONE', #409 ) ;
#1935 = ORIENTED_EDGE ( 'NONE', *, *, #257, .F. ) ;
#1936 = AXIS2_PLACEMENT_3D ( 'NONE', #1228, #1240, #114 ) ;
#1937 =( LENGTH_UNIT ( ) NAMED_UNIT ( * ) SI_UNIT ( .MILLI., .METRE. ) );
#1938 = ORIENTED_EDGE ( 'NONE', *, *, #375, .T. ) ;
#1939 = DIRECTION ( 'NONE',  ( 1.000000000000000000, 0.000000000000000000, -0.000000000000000000 ) ) ;
#1940 = DIRECTION ( 'NONE',  ( -1.065471346622099196E-16, -1.000000000000000000, 0.000000000000000000 ) ) ;
#1941 = DIRECTION ( 'NONE',  ( -0.000000000000000000, -0.000000000000000000, -1.000000000000000000 ) ) ;
#1942 = CIRCLE ( 'NONE', #967, 8.140638795573719833 ) ;
#1943 = EDGE_CURVE ( 'NONE', #1182, #67, #637, .T. ) ;
#1944 = CIRCLE ( 'NONE', #2238, 8.140638795573719833 ) ;
#1945 = ORIENTED_EDGE ( 'NONE', *, *, #904, .T. ) ;
#1946 = ORIENTED_EDGE ( 'NONE', *, *, #1686, .F. ) ;
#1947 = PLANE ( 'NONE',  #2194 ) ;
#1948 = LINE ( 'NONE', #1573, #2164 ) ;
#1949 = ORIENTED_EDGE ( 'NONE', *, *, #1576, .F. ) ;
#1950 = CARTESIAN_POINT ( 'NONE',  ( 0.000000000000000000, 0.000000000000000000, 7.600000000000000533 ) ) ;
#1951 = DIRECTION ( 'NONE',  ( 1.000000000000000000, 0.000000000000000000, -0.000000000000000000 ) ) ;
#1952 = CARTESIAN_POINT ( 'NONE',  ( 4.049561941025141998, 4.826079991649613099, 1.400000000000001021 ) ) ;
#1953 = ORIENTED_EDGE ( 'NONE', *, *, #335, .T. ) ;
#1954 = VERTEX_POINT ( 'NONE', #1487 ) ;
#1955 = ADVANCED_FACE ( 'NONE', ( #592 ), #1878, .T. ) ;
#1956 = VERTEX_POINT ( 'NONE', #1165 ) ;
#1957 = CARTESIAN_POINT ( 'NONE',  ( 3.800000000000000266, 2.199999999999999289, -14.80000000000000071 ) ) ;
#1958 = PRESENTATION_LAYER_ASSIGNMENT (  '', '', ( #1311 ) ) ;
#1959 = ORIENTED_EDGE ( 'NONE', *, *, #2026, .T. ) ;
#1960 = DIRECTION ( 'NONE',  ( 0.000000000000000000, 0.000000000000000000, 1.000000000000000000 ) ) ;
#1961 = EDGE_LOOP ( 'NONE', ( #2310, #74, #2282, #1217 ) ) ;
#1962 = DIRECTION ( 'NONE',  ( 1.000000000000000000, 0.000000000000000000, 0.000000000000000000 ) ) ;
#1963 = DIRECTION ( 'NONE',  ( 0.000000000000000000, 0.000000000000000000, 1.000000000000000000 ) ) ;
#1964 = CARTESIAN_POINT ( 'NONE',  ( 2.799999999999999822, -8.673617379884035472E-16, -14.80000000000000071 ) ) ;
#1965 = SURFACE_STYLE_FILL_AREA ( #684 ) ;
#1966 = ORIENTED_EDGE ( 'NONE', *, *, #1042, .T. ) ;
#1967 = AXIS2_PLACEMENT_3D ( 'NONE', #77, #2057, #1547 ) ;
#1968 = STYLED_ITEM ( 'NONE', ( #15 ), #888 ) ;
#1969 = EDGE_LOOP ( 'NONE', ( #2120, #213, #1333, #1062 ) ) ;
#1970 = EDGE_LOOP ( 'NONE', ( #715, #1713 ) ) ;
#1971 = CARTESIAN_POINT ( 'NONE',  ( 0.000000000000000000, 6.300000000000003375, 7.600000000000000533 ) ) ;
#1972 = COLOUR_RGB ( '',1.000000000000000000, 1.000000000000000000, 1.000000000000000000 ) ;
#1973 = ORIENTED_EDGE ( 'NONE', *, *, #470, .F. ) ;
#1974 =( BOUNDED_CURVE ( )  B_SPLINE_CURVE ( 3, ( #1929, #1232, #2316, #708 ),
 .UNSPECIFIED., .F., .T. ) 
 B_SPLINE_CURVE_WITH_KNOTS ( ( 4, 4 ),
 ( 4.219234714496181482, 4.712388980384689674 ),
 .UNSPECIFIED. ) 
 CURVE ( )  GEOMETRIC_REPRESENTATION_ITEM ( )  RATIONAL_B_SPLINE_CURVE ( ( 1.000000000000000000, 0.9798357166840574450, 0.9798357166840574450, 1.000000000000000000 ) ) 
 REPRESENTATION_ITEM ( '' )  );
#1975 = CARTESIAN_POINT ( 'NONE',  ( 3.853832579946180559, 4.983771106877341595, 7.600000000000000533 ) ) ;
#1976 = ORIENTED_EDGE ( 'NONE', *, *, #1029, .F. ) ;
#1977 = EDGE_CURVE ( 'NONE', #1570, #1599, #602, .T. ) ;
#1978 = DIRECTION ( 'NONE',  ( -0.6427876096865403621, 0.7660444431189770143, 0.000000000000000000 ) ) ;
#1979 = FILL_AREA_STYLE ('',( #1798 ) ) ;
#1980 = SURFACE_SIDE_STYLE ('',( #1260 ) ) ;
#1981 = ORIENTED_EDGE ( 'NONE', *, *, #1526, .F. ) ;
#1982 = VECTOR ( 'NONE', #1467, 1000.000000000000114 ) ;
#1983 = ORIENTED_EDGE ( 'NONE', *, *, #727, .F. ) ;
#1984 = CARTESIAN_POINT ( 'NONE',  ( -5.900000000000001243, 0.000000000000000000, -0.7999999999999986011 ) ) ;
#1985 = ORIENTED_EDGE ( 'NONE', *, *, #880, .F. ) ;
#1986 =( LENGTH_UNIT ( ) NAMED_UNIT ( * ) SI_UNIT ( .MILLI., .METRE. ) );
#1987 = VECTOR ( 'NONE', #2251, 1000.000000000000000 ) ;
#1988 = AXIS2_PLACEMENT_3D ( 'NONE', #248, #1495, #1299 ) ;
#1989 =( BOUNDED_CURVE ( )  B_SPLINE_CURVE ( 3, ( #318, #1717, #2131, #847 ),
 .UNSPECIFIED., .F., .T. ) 
 B_SPLINE_CURVE_WITH_KNOTS ( ( 4, 4 ),
 ( 4.219234714496181482, 4.712388980384689674 ),
 .UNSPECIFIED. ) 
 CURVE ( )  GEOMETRIC_REPRESENTATION_ITEM ( )  RATIONAL_B_SPLINE_CURVE ( ( 1.000000000000000000, 0.9798357166840574450, 0.9798357166840574450, 1.000000000000000000 ) ) 
 REPRESENTATION_ITEM ( '' )  );
#1990 = LINE ( 'NONE', #401, #1749 ) ;
#1991 = EDGE_CURVE ( 'NONE', #1264, #1934, #1308, .T. ) ;
#1992 = CARTESIAN_POINT ( 'NONE',  ( 0.000000000000000000, 0.000000000000000000, -9.099999999999999645 ) ) ;
#1993 = PLANE ( 'NONE',  #1584 ) ;
#1994 = ORIENTED_EDGE ( 'NONE', *, *, #1582, .F. ) ;
#1995 = DIRECTION ( 'NONE',  ( 1.000000000000000000, 0.000000000000000000, 0.000000000000000000 ) ) ;
#1996 = PLANE ( 'NONE',  #747 ) ;
#1997 = CARTESIAN_POINT ( 'NONE',  ( -2.799999999999999378, 2.200000000000001066, -9.099999999999999645 ) ) ;
#1998 = FACE_BOUND ( 'NONE', #1407, .T. ) ;
#1999 =( LENGTH_UNIT ( ) NAMED_UNIT ( * ) SI_UNIT ( .MILLI., .METRE. ) );
#2000 = EDGE_CURVE ( 'NONE', #2159, #1386, #1349, .T. ) ;
#2001 = EDGE_CURVE ( 'NONE', #1122, #176, #2320, .T. ) ;
#2002 = ORIENTED_EDGE ( 'NONE', *, *, #944, .T. ) ;
#2003 = MECHANICAL_DESIGN_GEOMETRIC_PRESENTATION_REPRESENTATION (  '', ( #1842 ), #608 ) ;
#2004 = CARTESIAN_POINT ( 'NONE',  ( 5.128031888217726042, 3.921136256724558677, 6.830430450362793060 ) ) ;
#2005 = EDGE_CURVE ( 'NONE', #1564, #1546, #331, .T. ) ;
#2006 = CIRCLE ( 'NONE', #879, 8.140638795573719833 ) ;
#2007 = CARTESIAN_POINT ( 'NONE',  ( -8.140638795573719833, 0.000000000000000000, 7.600000000000000533 ) ) ;
#2008 = PLANE ( 'NONE',  #416 ) ;
#2009 = CARTESIAN_POINT ( 'NONE',  ( -5.232701752728349476, 6.236091112788010982, 6.387488034358232980 ) ) ;
#2010 = CARTESIAN_POINT ( 'NONE',  ( 0.000000000000000000, 0.000000000000000000, 5.300000000000000711 ) ) ;
#2011 = AXIS2_PLACEMENT_3D ( 'NONE', #2175, #534, #567 ) ;
#2012 = SURFACE_STYLE_USAGE ( .BOTH. , #1156 ) ;
#2013 = COLOUR_RGB ( '',1.000000000000000000, 1.000000000000000000, 1.000000000000000000 ) ;
#2014 = ORIENTED_EDGE ( 'NONE', *, *, #756, .F. ) ;
#2015 = VECTOR ( 'NONE', #1243, 1000.000000000000000 ) ;
#2016 = CARTESIAN_POINT ( 'NONE',  ( -7.150000000000000355, 0.000000000000000000, 11.60000000000000142 ) ) ;
#2017 = ADVANCED_FACE ( 'NONE', ( #431 ), #614, .F. ) ;
#2018 = CARTESIAN_POINT ( 'NONE',  ( 0.000000000000000000, 0.000000000000000000, -0.7999999999999986011 ) ) ;
#2019 = CARTESIAN_POINT ( 'NONE',  ( 8.002898299631317158, -1.725547352982351290, 7.359371215325879234 ) ) ;
#2020 = VECTOR ( 'NONE', #1278, 1000.000000000000000 ) ;
#2021 = LINE ( 'NONE', #945, #1411 ) ;
#2022 = DIRECTION ( 'NONE',  ( 0.000000000000000000, 1.000000000000000000, 0.000000000000000000 ) ) ;
#2023 = DIRECTION ( 'NONE',  ( 0.000000000000000000, -0.000000000000000000, 1.000000000000000000 ) ) ;
#2024 = DIRECTION ( 'NONE',  ( 1.000000000000000000, 0.000000000000000000, 0.000000000000000000 ) ) ;
#2025 = ORIENTED_EDGE ( 'NONE', *, *, #305, .F. ) ;
#2026 = EDGE_CURVE ( 'NONE', #1015, #2083, #1944, .T. ) ;
#2027 = FACE_OUTER_BOUND ( 'NONE', #622, .T. ) ;
#2028 = DIRECTION ( 'NONE',  ( -1.000000000000000000, 1.224646799147353454E-16, 0.000000000000000000 ) ) ;
#2029 = DIRECTION ( 'NONE',  ( 0.8660254037844363761, 0.5000000000000039968, -0.000000000000000000 ) ) ;
#2030 = DIRECTION ( 'NONE',  ( -0.8660254037844384856, 0.5000000000000001110, 0.000000000000000000 ) ) ;
#2031 = AXIS2_PLACEMENT_3D ( 'NONE', #241, #1309, #1317 ) ;
#2032 = DIRECTION ( 'NONE',  ( 1.000000000000000000, 0.000000000000000000, 0.000000000000000000 ) ) ;
#2033 = DIRECTION ( 'NONE',  ( -1.000000000000000000, 0.000000000000000000, 0.000000000000000000 ) ) ;
#2034 =( GEOMETRIC_REPRESENTATION_CONTEXT ( 3 ) GLOBAL_UNCERTAINTY_ASSIGNED_CONTEXT ( ( #746 ) ) GLOBAL_UNIT_ASSIGNED_CONTEXT ( ( #1712, #300, #1019 ) ) REPRESENTATION_CONTEXT ( 'NONE', 'WORKASPACE' ) );
#2035 = VERTEX_POINT ( 'NONE', #1180 ) ;
#2036 = DIRECTION ( 'NONE',  ( 1.000000000000000000, 0.000000000000000000, 0.000000000000000000 ) ) ;
#2037 = AXIS2_PLACEMENT_3D ( 'NONE', #1920, #272, #323 ) ;
#2038 = CARTESIAN_POINT ( 'NONE',  ( -2.799999999999999378, 2.200000000000001066, -9.099999999999999645 ) ) ;
#2039 = CARTESIAN_POINT ( 'NONE',  ( -6.300000000000003375, 7.715274834628329322E-16, 1.400000000000001021 ) ) ;
#2040 = LINE ( 'NONE', #1155, #666 ) ;
#2041 = EDGE_CURVE ( 'NONE', #1052, #182, #291, .T. ) ;
#2042 = CYLINDRICAL_SURFACE ( 'NONE', #326, 5.900000000000001243 ) ;
#2043 = AXIS2_PLACEMENT_3D ( 'NONE', #1456, #1114, #909 ) ;
#2044 = ORIENTED_EDGE ( 'NONE', *, *, #1838, .T. ) ;
#2045 = DIRECTION ( 'NONE',  ( 1.000000000000000000, 0.000000000000000000, 0.000000000000000000 ) ) ;
#2046 = FACE_OUTER_BOUND ( 'NONE', #1410, .T. ) ;
#2047 =( NAMED_UNIT ( * ) PLANE_ANGLE_UNIT ( ) SI_UNIT ( $, .RADIAN. ) );
#2048 = DIRECTION ( 'NONE',  ( -1.000000000000000000, 0.000000000000000000, 0.000000000000000000 ) ) ;
#2049 = VECTOR ( 'NONE', #1894, 1000.000000000000000 ) ;
#2050 =( NAMED_UNIT ( * ) SI_UNIT ( $, .STERADIAN. ) SOLID_ANGLE_UNIT ( ) );
#2051 = EDGE_CURVE ( 'NONE', #1697, #814, #1135, .T. ) ;
#2052 = DIRECTION ( 'NONE',  ( 0.000000000000000000, 0.000000000000000000, 1.000000000000000000 ) ) ;
#2053 =( BOUNDED_CURVE ( )  B_SPLINE_CURVE ( 3, ( #316, #1729, #2277, #498 ),
 .UNSPECIFIED., .F., .T. ) 
 B_SPLINE_CURVE_WITH_KNOTS ( ( 4, 4 ),
 ( 0.9125639868195463134, 1.570796326794896558 ),
 .UNSPECIFIED. ) 
 CURVE ( )  GEOMETRIC_REPRESENTATION_ITEM ( )  RATIONAL_B_SPLINE_CURVE ( ( 1.000000000000000000, 0.9642189152945457309, 0.9642189152945457309, 1.000000000000000000 ) ) 
 REPRESENTATION_ITEM ( '' )  );
#2054 = VERTEX_POINT ( 'NONE', #1681 ) ;
#2055 = ORIENTED_EDGE ( 'NONE', *, *, #954, .F. ) ;
#2056 = ORIENTED_EDGE ( 'NONE', *, *, #2064, .T. ) ;
#2057 = DIRECTION ( 'NONE',  ( -0.000000000000000000, -0.000000000000000000, -1.000000000000000000 ) ) ;
#2058 = DIRECTION ( 'NONE',  ( 0.000000000000000000, 0.000000000000000000, 1.000000000000000000 ) ) ;
#2059 = ORIENTED_EDGE ( 'NONE', *, *, #1666, .F. ) ;
#2060 = CARTESIAN_POINT ( 'NONE',  ( -8.016964200352967751, 1.413607091896067480, 6.387488034358232980 ) ) ;
#2061 = DIRECTION ( 'NONE',  ( -0.9396926207859058744, -0.3420201433256757628, 0.000000000000000000 ) ) ;
#2062 = CARTESIAN_POINT ( 'NONE',  ( -0.2512992844358862832, 6.294985994396020246, 7.600000000000000533 ) ) ;
#2063 = ORIENTED_EDGE ( 'NONE', *, *, #2297, .T. ) ;
#2064 = EDGE_CURVE ( 'NONE', #2236, #1061, #1324, .T. ) ;
#2065 = ADVANCED_FACE ( 'NONE', ( #2046 ), #959, .T. ) ;
#2066 = ORIENTED_EDGE ( 'NONE', *, *, #1008, .T. ) ;
#2067 = ORIENTED_EDGE ( 'NONE', *, *, #1780, .F. ) ;
#2068 = DIRECTION ( 'NONE',  ( 0.000000000000000000, -1.000000000000000000, 0.000000000000000000 ) ) ;
#2069 = ADVANCED_FACE ( 'NONE', ( #785 ), #250, .T. ) ;
#2070 = AXIS2_PLACEMENT_3D ( 'NONE', #233, #30, #58 ) ;
#2071 = DIRECTION ( 'NONE',  ( 1.000000000000000000, 0.000000000000000000, -0.000000000000000000 ) ) ;
#2072 = CARTESIAN_POINT ( 'NONE',  ( 2.799999999999999822, -8.673617379884035472E-16, -14.80000000000000071 ) ) ;
#2073 = EDGE_LOOP ( 'NONE', ( #1158, #1235, #2153, #91 ) ) ;
#2074 = CARTESIAN_POINT ( 'NONE',  ( 3.853832579946179671, 7.170632778614823621, 7.600000000000000533 ) ) ;
#2075 = VECTOR ( 'NONE', #979, 1000.000000000000000 ) ;
#2076 = CARTESIAN_POINT ( 'NONE',  ( 0.000000000000000000, 0.000000000000000000, 1.400000000000001021 ) ) ;
#2077 = CARTESIAN_POINT ( 'NONE',  ( 4.049561941025142886, 4.826079991649614875, 7.600000000000000533 ) ) ;
#2078 = AXIS2_PLACEMENT_3D ( 'NONE', #1580, #512, #696 ) ;
#2079 = ORIENTED_EDGE ( 'NONE', *, *, #2190, .F. ) ;
#2080 = PRESENTATION_LAYER_ASSIGNMENT (  '', '', ( #208 ) ) ;
#2081 = EDGE_CURVE ( 'NONE', #957, #146, #2234, .T. ) ;
#2082 = ORIENTED_EDGE ( 'NONE', *, *, #1734, .F. ) ;
#2083 = VERTEX_POINT ( 'NONE', #1034 ) ;
#2084 = DIRECTION ( 'NONE',  ( 1.000000000000000000, 0.000000000000000000, 0.000000000000000000 ) ) ;
#2085 = CARTESIAN_POINT ( 'NONE',  ( -15.84826488925518007, -9.150000000000071410, 7.629833539901325956 ) ) ;
#2086 = ORIENTED_EDGE ( 'NONE', *, *, #151, .F. ) ;
#2087 = AXIS2_PLACEMENT_3D ( 'NONE', #1950, #718, #2128 ) ;
#2088 = CARTESIAN_POINT ( 'NONE',  ( -6.300000000000003375, 7.715274834628329322E-16, 7.378556694591766885 ) ) ;
#2089 = CARTESIAN_POINT ( 'NONE',  ( -5.455960043841952434, -3.150000000000025668, 1.400000000000001021 ) ) ;
#2090 = DIRECTION ( 'NONE',  ( 0.000000000000000000, 0.000000000000000000, -1.000000000000000000 ) ) ;
#2091 = ORIENTED_EDGE ( 'NONE', *, *, #574, .T. ) ;
#2092 = AXIS2_PLACEMENT_3D ( 'NONE', #27, #1427, #2178 ) ;
#2093 = VECTOR ( 'NONE', #116, 1000.000000000000000 ) ;
#2094 = UNCERTAINTY_MEASURE_WITH_UNIT (LENGTH_MEASURE( 1.000000000000000082E-05 ), #1683, 'distance_accuracy_value', 'NONE');
#2095 = ORIENTED_EDGE ( 'NONE', *, *, #347, .F. ) ;
#2096 = VERTEX_POINT ( 'NONE', #1548 ) ;
#2097 = ORIENTED_EDGE ( 'NONE', *, *, #2098, .T. ) ;
#2098 = EDGE_CURVE ( 'NONE', #88, #485, #1076, .T. ) ;
#2099 = SURFACE_SIDE_STYLE ('',( #662 ) ) ;
#2100 = VERTEX_POINT ( 'NONE', #2311 ) ;
#2101 = CARTESIAN_POINT ( 'NONE',  ( 3.853832579946180559, 0.000000000000000000, 7.600000000000000533 ) ) ;
#2102 = EDGE_CURVE ( 'NONE', #359, #1252, #1385, .T. ) ;
#2103 = ADVANCED_FACE ( 'NONE', ( #1711 ), #704, .T. ) ;
#2104 = FACE_OUTER_BOUND ( 'NONE', #1583, .T. ) ;
#2105 = DIRECTION ( 'NONE',  ( 1.000000000000000000, 0.000000000000000000, 0.000000000000000000 ) ) ;
#2106 = DIRECTION ( 'NONE',  ( -0.000000000000000000, -0.000000000000000000, 1.000000000000000000 ) ) ;
#2107 = PLANE ( 'NONE',  #1665 ) ;
#2108 = EDGE_LOOP ( 'NONE', ( #1906, #2321, #207, #863 ) ) ;
#2109 = DIRECTION ( 'NONE',  ( 0.6427876096865403621, -0.7660444431189770143, 0.000000000000000000 ) ) ;
#2110 = CARTESIAN_POINT ( 'NONE',  ( 3.691835575146292570, -5.295504761253828185, 7.249599426207306685 ) ) ;
#2111 = ORIENTED_EDGE ( 'NONE', *, *, #1053, .T. ) ;
#2112 = DIRECTION ( 'NONE',  ( -0.000000000000000000, -0.000000000000000000, 1.000000000000000000 ) ) ;
#2113 = VECTOR ( 'NONE', #829, 1000.000000000000000 ) ;
#2114 = CARTESIAN_POINT ( 'NONE',  ( -1.599198204416119040E-15, 8.140638795573721609, 1.400000000000001021 ) ) ;
#2115 = DIRECTION ( 'NONE',  ( 0.000000000000000000, 0.000000000000000000, 1.000000000000000000 ) ) ;
#2116 = ADVANCED_FACE ( 'NONE', ( #649 ), #1588, .T. ) ;
#2117 = PLANE ( 'NONE',  #1174 ) ;
#2118 = AXIS2_PLACEMENT_3D ( 'NONE', #441, #113, #1372 ) ;
#2119 = UNCERTAINTY_MEASURE_WITH_UNIT (LENGTH_MEASURE( 1.000000000000000082E-05 ), #1999, 'distance_accuracy_value', 'NONE');
#2120 = ORIENTED_EDGE ( 'NONE', *, *, #817, .F. ) ;
#2121 = VERTEX_POINT ( 'NONE', #1048 ) ;
#2122 = VERTEX_POINT ( 'NONE', #520 ) ;
#2123 = LINE ( 'NONE', #532, #1846 ) ;
#2124 = VECTOR ( 'NONE', #483, 1000.000000000000227 ) ;
#2125 =( GEOMETRIC_REPRESENTATION_CONTEXT ( 3 ) GLOBAL_UNCERTAINTY_ASSIGNED_CONTEXT ( ( #405 ) ) GLOBAL_UNIT_ASSIGNED_CONTEXT ( ( #1366, #1200, #800 ) ) REPRESENTATION_CONTEXT ( 'NONE', 'WORKASPACE' ) );
#2126 =( NAMED_UNIT ( * ) SI_UNIT ( $, .STERADIAN. ) SOLID_ANGLE_UNIT ( ) );
#2127 = ORIENTED_EDGE ( 'NONE', *, *, #1242, .F. ) ;
#2128 = DIRECTION ( 'NONE',  ( 1.000000000000000000, 0.000000000000000000, -0.000000000000000000 ) ) ;
#2129 = PRESENTATION_LAYER_ASSIGNMENT (  '', '', ( #1597 ) ) ;
#2130 = DIRECTION ( 'NONE',  ( 0.000000000000000000, 0.000000000000000000, 1.000000000000000000 ) ) ;
#2131 = CARTESIAN_POINT ( 'NONE',  ( 6.268346722806303895, 5.367081800365016697, 6.812841644223285087 ) ) ;
#2132 = EDGE_CURVE ( 'NONE', #814, #176, #1948, .T. ) ;
#2133 = DIRECTION ( 'NONE',  ( 1.000000000000000000, 1.065471346622099196E-16, 0.000000000000000000 ) ) ;
#2134 = AXIS2_PLACEMENT_3D ( 'NONE', #1058, #131, #860 ) ;
#2135 = ORIENTED_EDGE ( 'NONE', *, *, #1305, .F. ) ;
#2136 = ORIENTED_EDGE ( 'NONE', *, *, #780, .F. ) ;
#2137 = DIRECTION ( 'NONE',  ( 1.000000000000000000, 0.000000000000000000, 0.000000000000000000 ) ) ;
#2138 = ORIENTED_EDGE ( 'NONE', *, *, #1496, .T. ) ;
#2139 = DIRECTION ( 'NONE',  ( 0.000000000000000000, 0.000000000000000000, 1.000000000000000000 ) ) ;
#2140 = ORIENTED_EDGE ( 'NONE', *, *, #1594, .F. ) ;
#2141 = FACE_OUTER_BOUND ( 'NONE', #2231, .T. ) ;
#2142 = DIRECTION ( 'NONE',  ( -0.000000000000000000, -0.000000000000000000, 1.000000000000000000 ) ) ;
#2143 = CARTESIAN_POINT ( 'NONE',  ( -2.799999999999999378, 2.200000000000001066, -14.80000000000000071 ) ) ;
#2144 = FACE_OUTER_BOUND ( 'NONE', #2073, .T. ) ;
#2145 = ORIENTED_EDGE ( 'NONE', *, *, #1223, .T. ) ;
#2146 = ORIENTED_EDGE ( 'NONE', *, *, #1294, .F. ) ;
#2147 = ORIENTED_EDGE ( 'NONE', *, *, #1164, .T. ) ;
#2148 = ADVANCED_FACE ( 'NONE', ( #1563 ), #2272, .T. ) ;
#2149 = EDGE_CURVE ( 'NONE', #1696, #878, #348, .T. ) ;
#2150 = AXIS2_PLACEMENT_3D ( 'NONE', #1107, #2133, #1247 ) ;
#2151 = ORIENTED_EDGE ( 'NONE', *, *, #1008, .F. ) ;
#2152 = PLANE ( 'NONE',  #2011 ) ;
#2153 = ORIENTED_EDGE ( 'NONE', *, *, #642, .F. ) ;
#2154 = LINE ( 'NONE', #560, #2173 ) ;
#2155 = CARTESIAN_POINT ( 'NONE',  ( 0.000000000000000000, 0.000000000000000000, -9.099999999999999645 ) ) ;
#2156 = FILL_AREA_STYLE_COLOUR ( '', #1703 ) ;
#2157 = PLANE ( 'NONE',  #1172 ) ;
#2158 = VECTOR ( 'NONE', #395, 1000.000000000000000 ) ;
#2159 = VERTEX_POINT ( 'NONE', #1194 ) ;
#2160 = DIRECTION ( 'NONE',  ( 0.000000000000000000, 0.000000000000000000, -1.000000000000000000 ) ) ;
#2161 = CIRCLE ( 'NONE', #1772, 8.140638795573719833 ) ;
#2162 = ORIENTED_EDGE ( 'NONE', *, *, #964, .T. ) ;
#2163 = EDGE_CURVE ( 'NONE', #2243, #1934, #1634, .T. ) ;
#2164 = VECTOR ( 'NONE', #1908, 1000.000000000000114 ) ;
#2165 = CARTESIAN_POINT ( 'NONE',  ( -6.242988675175762836, 0.8456313627268150501, 7.600000000000000533 ) ) ;
#2166 = PLANE ( 'NONE',  #2092 ) ;
#2167 = LINE ( 'NONE', #549, #1663 ) ;
#2168 = CARTESIAN_POINT ( 'NONE',  ( -6.258968622859632625, -17.19637496038215829, 6.387488034358232980 ) ) ;
#2169 = CARTESIAN_POINT ( 'NONE',  ( 0.000000000000000000, 0.000000000000000000, 14.49999999999999822 ) ) ;
#2170 = CONICAL_SURFACE ( 'NONE', #1988, 6.150000000000003020, 0.7853981633974482790 ) ;
#2171 = ORIENTED_EDGE ( 'NONE', *, *, #2268, .F. ) ;
#2172 = CARTESIAN_POINT ( 'NONE',  ( -6.200000000000001954, 7.592810154713592793E-16, 9.099999999999999645 ) ) ;
#2173 = VECTOR ( 'NONE', #752, 1000.000000000000000 ) ;
#2174 = ORIENTED_EDGE ( 'NONE', *, *, #903, .T. ) ;
#2175 = CARTESIAN_POINT ( 'NONE',  ( -18.02198188012341262, 3.177761651304769508, 7.629833539901325956 ) ) ;
#2176 = VECTOR ( 'NONE', #1287, 1000.000000000000000 ) ;
#2177 = EDGE_CURVE ( 'NONE', #1195, #1628, #1248, .T. ) ;
#2178 = DIRECTION ( 'NONE',  ( 0.000000000000000000, -0.9551991598850785303, -0.2959637899386345361 ) ) ;
#2179 = CARTESIAN_POINT ( 'NONE',  ( 7.049999999999997158, -4.070319397786860804, 5.300000000000000711 ) ) ;
#2180 = PRESENTATION_STYLE_ASSIGNMENT (( #1799 ) ) ;
#2181 = ADVANCED_FACE ( 'NONE', ( #299 ), #2295, .F. ) ;
#2182 = EDGE_CURVE ( 'NONE', #1310, #1571, #321, .T. ) ;
#2183 = DIRECTION ( 'NONE',  ( 1.000000000000000000, 0.000000000000000000, 0.000000000000000000 ) ) ;
#2184 = ORIENTED_EDGE ( 'NONE', *, *, #928, .T. ) ;
#2185 = DIRECTION ( 'NONE',  ( 0.000000000000000000, 0.000000000000000000, 1.000000000000000000 ) ) ;
#2186 = DIRECTION ( 'NONE',  ( 1.000000000000000000, 0.000000000000000000, 0.000000000000000000 ) ) ;
#2187 = CARTESIAN_POINT ( 'NONE',  ( -7.229565531907796938, 3.978833988617347828, 7.225329828040170099 ) ) ;
#2188 = LINE ( 'NONE', #2143, #54 ) ;
#2189 = SURFACE_SIDE_STYLE ('',( #924 ) ) ;
#2190 = EDGE_CURVE ( 'NONE', #2211, #1054, #1439, .T. ) ;
#2191 = ORIENTED_EDGE ( 'NONE', *, *, #1718, .T. ) ;
#2192 = CARTESIAN_POINT ( 'NONE',  ( -5.455960043841953322, -3.150000000000026557, 7.600000000000000533 ) ) ;
#2193 = AXIS2_PLACEMENT_3D ( 'NONE', #937, #925, #374 ) ;
#2194 = AXIS2_PLACEMENT_3D ( 'NONE', #518, #2160, #1803 ) ;
#2195 = CARTESIAN_POINT ( 'NONE',  ( -6.258968622859632625, -17.19637496038215829, 7.629833539901325956 ) ) ;
#2196 = CARTESIAN_POINT ( 'NONE',  ( 7.150000000000000355, 8.756224613903575518E-16, 9.099999999999999645 ) ) ;
#2197 = DIRECTION ( 'NONE',  ( 1.000000000000000000, 0.000000000000000000, 0.000000000000000000 ) ) ;
#2198 = CARTESIAN_POINT ( 'NONE',  ( -5.232701752728349476, 6.236091112788010982, 6.387488034358232980 ) ) ;
#2199 = MECHANICAL_DESIGN_GEOMETRIC_PRESENTATION_REPRESENTATION (  '', ( #208 ), #25 ) ;
#2200 = AXIS2_PLACEMENT_3D ( 'NONE', #340, #1554, #294 ) ;
#2201 = ADVANCED_FACE ( 'NONE', ( #716 ), #1101, .T. ) ;
#2202 = EDGE_LOOP ( 'NONE', ( #1421, #835, #444, #533 ) ) ;
#2203 = CARTESIAN_POINT ( 'NONE',  ( 0.6692110045410873953, 3.795284203542041102, 7.600000000000000533 ) ) ;
#2204 = AXIS2_PLACEMENT_3D ( 'NONE', #731, #581, #548 ) ;
#2205 = VECTOR ( 'NONE', #474, 1000.000000000000000 ) ;
#2206 = CARTESIAN_POINT ( 'NONE',  ( -3.621418037119734645, -1.318088371346351373, 7.600000000000000533 ) ) ;
#2207 = LINE ( 'NONE', #593, #916 ) ;
#2208 = CARTESIAN_POINT ( 'NONE',  ( 0.000000000000000000, 18.29999999999999361, 6.387488034358232980 ) ) ;
#2209 =( BOUNDED_CURVE ( )  B_SPLINE_CURVE ( 3, ( #885, #1596, #2317, #413 ),
 .UNSPECIFIED., .F., .T. ) 
 B_SPLINE_CURVE_WITH_KNOTS ( ( 4, 4 ),
 ( 4.537856055185246262, 4.712388980384689674 ),
 .UNSPECIFIED. ) 
 CURVE ( )  GEOMETRIC_REPRESENTATION_ITEM ( )  RATIONAL_B_SPLINE_CURVE ( ( 1.000000000000000000, 0.9974631320611633267, 0.9974631320611633267, 1.000000000000000000 ) ) 
 REPRESENTATION_ITEM ( '' )  );
#2210 = AXIS2_PLACEMENT_3D ( 'NONE', #1992, #1800, #722 ) ;
#2211 = VERTEX_POINT ( 'NONE', #1815 ) ;
#2212 = EDGE_CURVE ( 'NONE', #2122, #1509, #195, .T. ) ;
#2213 = CARTESIAN_POINT ( 'NONE',  ( 0.000000000000000000, 0.000000000000000000, 5.300000000000000711 ) ) ;
#2214 = PRODUCT_DEFINITION ( 'UNKNOWN', '', #831, #1822 ) ;
#2215 = DIRECTION ( 'NONE',  ( 0.000000000000000000, 0.000000000000000000, 1.000000000000000000 ) ) ;
#2216 = DIRECTION ( 'NONE',  ( -0.2299061073074351313, -0.1929141298470735399, 0.9539011061572832961 ) ) ;
#2217 = FACE_OUTER_BOUND ( 'NONE', #145, .T. ) ;
#2218 = DIRECTION ( 'NONE',  ( 1.000000000000000000, 0.000000000000000000, -0.000000000000000000 ) ) ;
#2219 = AXIS2_PLACEMENT_3D ( 'NONE', #2249, #638, #840 ) ;
#2220 = ORIENTED_EDGE ( 'NONE', *, *, #2000, .F. ) ;
#2221 = AXIS2_PLACEMENT_3D ( 'NONE', #681, #1715, #1939 ) ;
#2222 = CARTESIAN_POINT ( 'NONE',  ( -7.049999999999979394, -4.070319397786891003, 7.600000000000000533 ) ) ;
#2223 = ADVANCED_FACE ( 'NONE', ( #209 ), #35, .F. ) ;
#2224 = DIRECTION ( 'NONE',  ( -0.3420201433256757073, 0.9396926207859057634, 0.000000000000000000 ) ) ;
#2225 = DIRECTION ( 'NONE',  ( 1.000000000000000000, 0.000000000000000000, 0.000000000000000000 ) ) ;
#2226 = DIRECTION ( 'NONE',  ( 1.000000000000000000, 0.000000000000000000, 0.000000000000000000 ) ) ;
#2227 = CARTESIAN_POINT ( 'NONE',  ( 0.000000000000000000, 0.000000000000000000, 7.600000000000000533 ) ) ;
#2228 = SURFACE_STYLE_FILL_AREA ( #1184 ) ;
#2229 = CIRCLE ( 'NONE', #503, 7.150000000000000355 ) ;
#2230 = ORIENTED_EDGE ( 'NONE', *, *, #1272, .T. ) ;
#2231 = EDGE_LOOP ( 'NONE', ( #507, #2245, #2145, #1202 ) ) ;
#2232 = ORIENTED_EDGE ( 'NONE', *, *, #1332, .T. ) ;
#2233 = CARTESIAN_POINT ( 'NONE',  ( -5.232701752728349476, 6.236091112788010982, 7.600000000000000533 ) ) ;
#2234 = LINE ( 'NONE', #1510, #1179 ) ;
#2235 = PLANE ( 'NONE',  #1725 ) ;
#2236 = VERTEX_POINT ( 'NONE', #167 ) ;
#2237 = CARTESIAN_POINT ( 'NONE',  ( -2.799999999999999378, 2.200000000000001066, -14.80000000000000071 ) ) ;
#2238 = AXIS2_PLACEMENT_3D ( 'NONE', #419, #774, #456 ) ;
#2239 = CARTESIAN_POINT ( 'NONE',  ( 0.8317876659147953600, -6.401574014975516036, 6.830430450362793060 ) ) ;
#2240 = CARTESIAN_POINT ( 'NONE',  ( 8.016964200352949987, 1.413607091896173396, 7.600000000000000533 ) ) ;
#2241 = ADVANCED_FACE ( 'NONE', ( #1466 ), #1603, .T. ) ;
#2242 = ADVANCED_FACE ( 'NONE', ( #1424 ), #736, .T. ) ;
#2243 = VERTEX_POINT ( 'NONE', #1651 ) ;
#2244 = ADVANCED_FACE ( 'NONE', ( #741 ), #2152, .T. ) ;
#2245 = ORIENTED_EDGE ( 'NONE', *, *, #727, .T. ) ;
#2246 = ORIENTED_EDGE ( 'NONE', *, *, #1991, .T. ) ;
#2247 = DIRECTION ( 'NONE',  ( 0.000000000000000000, 0.000000000000000000, 1.000000000000000000 ) ) ;
#2248 = CARTESIAN_POINT ( 'NONE',  ( 6.200000000000001954, 0.000000000000000000, -0.7999999999999986011 ) ) ;
#2249 = CARTESIAN_POINT ( 'NONE',  ( 2.800000000000000266, 2.199999999999999289, -14.80000000000000071 ) ) ;
#2250 = ORIENTED_EDGE ( 'NONE', *, *, #502, .T. ) ;
#2251 = DIRECTION ( 'NONE',  ( -0.000000000000000000, -0.000000000000000000, 1.000000000000000000 ) ) ;
#2252 = DIRECTION ( 'NONE',  ( 0.9589665610629032333, 0.000000000000000000, -0.2835191964632890471 ) ) ;
#2253 = CARTESIAN_POINT ( 'NONE',  ( 2.800000000000000266, 2.199999999999999289, -14.80000000000000071 ) ) ;
#2254 = EDGE_CURVE ( 'NONE', #1096, #1697, #1448, .T. ) ;
#2255 = ORIENTED_EDGE ( 'NONE', *, *, #1679, .T. ) ;
#2256 = EDGE_LOOP ( 'NONE', ( #1347, #297, #480, #2260, #1867, #1408, #214, #700, #658, #559, #1508, #833, #1077, #310, #164, #111 ) ) ;
#2257 = ORIENTED_EDGE ( 'NONE', *, *, #436, .F. ) ;
#2258 = DIRECTION ( 'NONE',  ( 0.000000000000000000, 0.000000000000000000, 1.000000000000000000 ) ) ;
#2259 = DIRECTION ( 'NONE',  ( -0.8660254037844363761, -0.5000000000000039968, 0.000000000000000000 ) ) ;
#2260 = ORIENTED_EDGE ( 'NONE', *, *, #1657, .T. ) ;
#2261 = DIRECTION ( 'NONE',  ( -1.000000000000000000, 0.000000000000000000, 0.000000000000000000 ) ) ;
#2262 = AXIS2_PLACEMENT_3D ( 'NONE', #1422, #558, #2294 ) ;
#2263 = CIRCLE ( 'NONE', #52, 5.900000000000001243 ) ;
#2264 = CARTESIAN_POINT ( 'NONE',  ( 6.300000000000003375, 0.000000000000000000, 6.731682567942968376 ) ) ;
#2265 = DIRECTION ( 'NONE',  ( 0.000000000000000000, -0.000000000000000000, 1.000000000000000000 ) ) ;
#2266 =( GEOMETRIC_REPRESENTATION_CONTEXT ( 3 ) GLOBAL_UNCERTAINTY_ASSIGNED_CONTEXT ( ( #162 ) ) GLOBAL_UNIT_ASSIGNED_CONTEXT ( ( #490, #1540, #174 ) ) REPRESENTATION_CONTEXT ( 'NONE', 'WORKASPACE' ) );
#2267 = VERTEX_POINT ( 'NONE', #1975 ) ;
#2268 = EDGE_CURVE ( 'NONE', #2305, #1249, #86, .T. ) ;
#2269 = ORIENTED_EDGE ( 'NONE', *, *, #1344, .T. ) ;
#2270 = ORIENTED_EDGE ( 'NONE', *, *, #1374, .T. ) ;
#2271 = DIRECTION ( 'NONE',  ( 1.000000000000000000, 0.000000000000000000, 0.000000000000000000 ) ) ;
#2272 = PLANE ( 'NONE',  #1936 ) ;
#2273 = SURFACE_STYLE_FILL_AREA ( #484 ) ;
#2274 = ORIENTED_EDGE ( 'NONE', *, *, #2149, .F. ) ;
#2275 = CARTESIAN_POINT ( 'NONE',  ( -6.073918887797290722, -5.420102337083616995, 7.600000000000000533 ) ) ;
#2276 = AXIS2_PLACEMENT_3D ( 'NONE', #69, #1134, #2045 ) ;
#2277 = CARTESIAN_POINT ( 'NONE',  ( -3.477666139988648375, -5.438553006926952094, 6.830430450362793060 ) ) ;
#2278 = CARTESIAN_POINT ( 'NONE',  ( 0.000000000000000000, 0.000000000000000000, 7.600000000000000533 ) ) ;
#2279 = VECTOR ( 'NONE', #1489, 1000.000000000000114 ) ;
#2280 = VECTOR ( 'NONE', #1854, 1000.000000000000000 ) ;
#2281 = UNCERTAINTY_MEASURE_WITH_UNIT (LENGTH_MEASURE( 1.000000000000000082E-05 ), #808, 'distance_accuracy_value', 'NONE');
#2282 = ORIENTED_EDGE ( 'NONE', *, *, #1124, .T. ) ;
#2283 = VERTEX_POINT ( 'NONE', #1286 ) ;
#2284 = CARTESIAN_POINT ( 'NONE',  ( 0.000000000000000000, 0.000000000000000000, 5.300000000000000711 ) ) ;
#2285 = EDGE_CURVE ( 'NONE', #1751, #1321, #1794, .T. ) ;
#2286 = ORIENTED_EDGE ( 'NONE', *, *, #1271, .F. ) ;
#2287 = CARTESIAN_POINT ( 'NONE',  ( -6.242988675175762836, 0.8456313627268150501, 7.600000000000000533 ) ) ;
#2288 = CARTESIAN_POINT ( 'NONE',  ( 6.258968622859864439, -17.19637496038207303, 6.387488034358232980 ) ) ;
#2289 = CARTESIAN_POINT ( 'NONE',  ( 0.000000000000000000, 0.000000000000000000, -0.7999999999999986011 ) ) ;
#2290 = CARTESIAN_POINT ( 'NONE',  ( 7.049999999999997158, 4.070319397786859028, 1.400000000000001021 ) ) ;
#2291 = CARTESIAN_POINT ( 'NONE',  ( 0.000000000000000000, 0.000000000000000000, 7.600000000000000533 ) ) ;
#2292 = ORIENTED_EDGE ( 'NONE', *, *, #1866, .F. ) ;
#2293 = ORIENTED_EDGE ( 'NONE', *, *, #1780, .T. ) ;
#2294 = DIRECTION ( 'NONE',  ( 1.000000000000000000, 0.000000000000000000, 0.000000000000000000 ) ) ;
#2295 = PLANE ( 'NONE',  #1442 ) ;
#2296 = ORIENTED_EDGE ( 'NONE', *, *, #159, .T. ) ;
#2297 = EDGE_CURVE ( 'NONE', #2100, #1436, #1396, .T. ) ;
#2298 = DIRECTION ( 'NONE',  ( 0.000000000000000000, -0.9648260166811041261, 0.2628892495620042680 ) ) ;
#2299 = VECTOR ( 'NONE', #1577, 1000.000000000000114 ) ;
#2300 = DIRECTION ( 'NONE',  ( 0.000000000000000000, 0.000000000000000000, 1.000000000000000000 ) ) ;
#2301 = FILL_AREA_STYLE_COLOUR ( '', #2013 ) ;
#2302 = DIRECTION ( 'NONE',  ( 1.000000000000000000, 0.000000000000000000, 0.000000000000000000 ) ) ;
#2303 = CIRCLE ( 'NONE', #2262, 6.200000000000001954 ) ;
#2304 = DIRECTION ( 'NONE',  ( 0.000000000000000000, 0.000000000000000000, 1.000000000000000000 ) ) ;
#2305 = VERTEX_POINT ( 'NONE', #1091 ) ;
#2306 = VERTEX_POINT ( 'NONE', #2165 ) ;
#2307 = PLANE ( 'NONE',  #572 ) ;
#2308 = VECTOR ( 'NONE', #183, 1000.000000000000000 ) ;
#2309 = AXIS2_PLACEMENT_3D ( 'NONE', #661, #2068, #1710 ) ;
#2310 = ORIENTED_EDGE ( 'NONE', *, *, #1485, .F. ) ;
#2311 = CARTESIAN_POINT ( 'NONE',  ( -4.049561941025207723, 4.826079991649558920, 7.600000000000000533 ) ) ;
#2312 = ORIENTED_EDGE ( 'NONE', *, *, #1023, .T. ) ;
#2313 = DIRECTION ( 'NONE',  ( 0.000000000000000000, 0.000000000000000000, 1.000000000000000000 ) ) ;
#2314 = MECHANICAL_DESIGN_GEOMETRIC_PRESENTATION_REPRESENTATION (  '', ( #1897 ), #901 ) ;
#2315 = DIRECTION ( 'NONE',  ( 1.000000000000000000, 0.000000000000000000, 0.000000000000000000 ) ) ;
#2316 = CARTESIAN_POINT ( 'NONE',  ( 1.513855821902035714, -8.112088401861706544, 6.812841644223285975 ) ) ;
#2317 = CARTESIAN_POINT ( 'NONE',  ( 8.099309082476048971, 0.9466060589728861885, 6.536684855997595633 ) ) ;
#2318 = EDGE_CURVE ( 'NONE', #313, #1395, #1827, .T. ) ;
#2319 = EDGE_CURVE ( 'NONE', #2122, #908, #2229, .T. ) ;
#2320 = CIRCLE ( 'NONE', #1047, 8.140638795573719833 ) ;
#2321 = ORIENTED_EDGE ( 'NONE', *, *, #449, .F. ) ;
#2322 = ORIENTED_EDGE ( 'NONE', *, *, #756, .T. ) ;
#2323 = CARTESIAN_POINT ( 'NONE',  ( -15.84826488925518007, -9.150000000000071410, 6.387488034358232980 ) ) ;
#2324 = ORIENTED_EDGE ( 'NONE', *, *, #1331, .T. ) ;
#2325 = DIRECTION ( 'NONE',  ( 0.000000000000000000, 0.000000000000000000, 1.000000000000000000 ) ) ;
#2326 = EDGE_LOOP ( 'NONE', ( #123, #1000, #1589, #1723, #1056, #705 ) ) ;
#2327 = LINE ( 'NONE', #896, #892 ) ;
ENDSEC;
END-ISO-10303-21;
