ISO-10303-21;
HEADER;
/* Generated by software containing ST-Developer
 * from STEP Tools, Inc. (www.steptools.com) 
 */

FILE_DESCRIPTION(
/* description */ (''),
/* implementation_level */ '2;1');

FILE_NAME(
/* name */ 'WH148 PH1 Single-Joint Potentiometer .step',
/* time_stamp */ '2026-05-27T12:51:36-07:00',
/* author */ (''),
/* organization */ (''),
/* preprocessor_version */ 'ST-DEVELOPER v20.1',
/* originating_system */ 'Autodesk Translation Framework v15.8.0.0',
/* authorisation */ '');

FILE_SCHEMA (('AUTOMOTIVE_DESIGN { 1 0 10303 214 3 1 1 }'));
ENDSEC;

DATA;
#10=MECHANICAL_DESIGN_GEOMETRIC_PRESENTATION_REPRESENTATION('',(#61,#62),
#5475);
#11=ITEM_DEFINED_TRANSFORMATION($,$,#2948,#3191);
#12=ITEM_DEFINED_TRANSFORMATION($,$,#3070,#3192);
#13=(
REPRESENTATION_RELATIONSHIP($,$,#5489,#5488)
REPRESENTATION_RELATIONSHIP_WITH_TRANSFORMATION(#11)
SHAPE_REPRESENTATION_RELATIONSHIP()
);
#14=(
REPRESENTATION_RELATIONSHIP($,$,#5490,#5488)
REPRESENTATION_RELATIONSHIP_WITH_TRANSFORMATION(#12)
SHAPE_REPRESENTATION_RELATIONSHIP()
);
#15=CONTEXT_DEPENDENT_SHAPE_REPRESENTATION(#13,#5486);
#16=CONTEXT_DEPENDENT_SHAPE_REPRESENTATION(#14,#5487);
#17=NEXT_ASSEMBLY_USAGE_OCCURRENCE('Base:1','Base:1','Base:1',#5492,#5493,
'Base:1');
#18=NEXT_ASSEMBLY_USAGE_OCCURRENCE('Knob:1','Knob:1','Knob:1',#5492,#5494,
'Knob:1');
#19=(
BOUNDED_CURVE()
B_SPLINE_CURVE(2,(#4410,#4411,#4412),.UNSPECIFIED.,.F.,.F.)
B_SPLINE_CURVE_WITH_KNOTS((3,3),(0.,0.114153827263817),.UNSPECIFIED.)
CURVE()
GEOMETRIC_REPRESENTATION_ITEM()
RATIONAL_B_SPLINE_CURVE((1.,1.00866104963579,1.00224470069382))
REPRESENTATION_ITEM('')
);
#20=(
BOUNDED_CURVE()
B_SPLINE_CURVE(2,(#4416,#4417,#4418),.UNSPECIFIED.,.F.,.F.)
B_SPLINE_CURVE_WITH_KNOTS((3,3),(0.0169972223128459,0.131148879423506),
 .UNSPECIFIED.)
CURVE()
GEOMETRIC_REPRESENTATION_ITEM()
RATIONAL_B_SPLINE_CURVE((1.00224494464845,1.00866088498441,1.))
REPRESENTATION_ITEM('')
);
#21=(
BOUNDED_CURVE()
B_SPLINE_CURVE(2,(#4431,#4432,#4433),.UNSPECIFIED.,.F.,.F.)
B_SPLINE_CURVE_WITH_KNOTS((3,3),(0.0336716404729321,0.113745764818926),
 .UNSPECIFIED.)
CURVE()
GEOMETRIC_REPRESENTATION_ITEM()
RATIONAL_B_SPLINE_CURVE((1.00524424395143,1.00949102348533,1.00427844770282))
REPRESENTATION_ITEM('')
);
#22=(
BOUNDED_CURVE()
B_SPLINE_CURVE(2,(#4454,#4455,#4456),.UNSPECIFIED.,.F.,.F.)
B_SPLINE_CURVE_WITH_KNOTS((3,3),(0.0254958113054358,0.105570058957963),
 .UNSPECIFIED.)
CURVE()
GEOMETRIC_REPRESENTATION_ITEM()
RATIONAL_B_SPLINE_CURVE((1.00427838655753,1.00949097520749,1.0052442165506))
REPRESENTATION_ITEM('')
);
#23=(
BOUNDED_CURVE()
B_SPLINE_CURVE(2,(#4477,#4478,#4479),.UNSPECIFIED.,.F.,.F.)
B_SPLINE_CURVE_WITH_KNOTS((3,3),(0.033672156371103,0.113746169665184),
 .UNSPECIFIED.)
CURVE()
GEOMETRIC_REPRESENTATION_ITEM()
RATIONAL_B_SPLINE_CURVE((1.00524430656676,1.00949102649337,1.00427840707171))
REPRESENTATION_ITEM('')
);
#24=(
BOUNDED_CURVE()
B_SPLINE_CURVE(2,(#4500,#4501,#4502),.UNSPECIFIED.,.F.,.F.)
B_SPLINE_CURVE_WITH_KNOTS((3,3),(0.0254953840329714,0.105569548585342),
 .UNSPECIFIED.)
CURVE()
GEOMETRIC_REPRESENTATION_ITEM()
RATIONAL_B_SPLINE_CURVE((1.00427833206575,1.00949096727138,1.00524427295391))
REPRESENTATION_ITEM('')
);
#25=(
BOUNDED_CURVE()
B_SPLINE_CURVE(2,(#4523,#4524,#4525),.UNSPECIFIED.,.F.,.F.)
B_SPLINE_CURVE_WITH_KNOTS((3,3),(0.0336727439972977,0.113746642046975),
 .UNSPECIFIED.)
CURVE()
GEOMETRIC_REPRESENTATION_ITEM()
RATIONAL_B_SPLINE_CURVE((1.00524437531638,1.00949102559132,1.00427835539321))
REPRESENTATION_ITEM('')
);
#26=(
BOUNDED_CURVE()
B_SPLINE_CURVE(2,(#4546,#4547,#4548),.UNSPECIFIED.,.F.,.F.)
B_SPLINE_CURVE_WITH_KNOTS((3,3),(0.0254949245073792,0.105568983523075),
 .UNSPECIFIED.)
CURVE()
GEOMETRIC_REPRESENTATION_ITEM()
RATIONAL_B_SPLINE_CURVE((1.00427827557344,1.00949096256813,1.00524433954548))
REPRESENTATION_ITEM('')
);
#27=(
BOUNDED_CURVE()
B_SPLINE_CURVE(2,(#4569,#4570,#4571),.UNSPECIFIED.,.F.,.F.)
B_SPLINE_CURVE_WITH_KNOTS((3,3),(0.0336733324745792,0.113747124987626),
 .UNSPECIFIED.)
CURVE()
GEOMETRIC_REPRESENTATION_ITEM()
RATIONAL_B_SPLINE_CURVE((1.00524444190772,1.00949102088769,1.00427829890034))
REPRESENTATION_ITEM('')
);
#28=(
BOUNDED_CURVE()
B_SPLINE_CURVE(2,(#4592,#4593,#4594),.UNSPECIFIED.,.F.,.F.)
B_SPLINE_CURVE_WITH_KNOTS((3,3),(0.0254944881542229,0.105568431926011),
 .UNSPECIFIED.)
CURVE()
GEOMETRIC_REPRESENTATION_ITEM()
RATIONAL_B_SPLINE_CURVE((1.00427822389425,1.0094909616649,1.00524440829329))
REPRESENTATION_ITEM('')
);
#29=(
BOUNDED_CURVE()
B_SPLINE_CURVE(2,(#4615,#4616,#4617),.UNSPECIFIED.,.F.,.F.)
B_SPLINE_CURVE_WITH_KNOTS((3,3),(0.0336738508238054,0.113747560237257),
 .UNSPECIFIED.)
CURVE()
GEOMETRIC_REPRESENTATION_ITEM()
RATIONAL_B_SPLINE_CURVE((1.0052444983089,1.00949101294985,1.00427824440708))
REPRESENTATION_ITEM('')
);
#30=(
BOUNDED_CURVE()
B_SPLINE_CURVE(2,(#4638,#4639,#4640),.UNSPECIFIED.,.F.,.F.)
B_SPLINE_CURVE_WITH_KNOTS((3,3),(0.0254941276038097,0.105567960324482),
 .UNSPECIFIED.)
CURVE()
GEOMETRIC_REPRESENTATION_ITEM()
RATIONAL_B_SPLINE_CURVE((1.0042781832615,1.00949096467062,1.00524447090557))
REPRESENTATION_ITEM('')
);
#31=(
BOUNDED_CURVE()
B_SPLINE_CURVE(2,(#4661,#4662,#4663),.UNSPECIFIED.,.F.,.F.)
B_SPLINE_CURVE_WITH_KNOTS((3,3),(0.0336742365247774,0.113747895298614),
 .UNSPECIFIED.)
CURVE()
GEOMETRIC_REPRESENTATION_ITEM()
RATIONAL_B_SPLINE_CURVE((1.00524453771752,1.00949100273559,1.0042781984864))
REPRESENTATION_ITEM('')
);
#32=(
BOUNDED_CURVE()
B_SPLINE_CURVE(2,(#4684,#4685,#4686),.UNSPECIFIED.,.F.,.F.)
B_SPLINE_CURVE_WITH_KNOTS((3,3),(0.0254938863433322,0.105567625599956),
 .UNSPECIFIED.)
CURVE()
GEOMETRIC_REPRESENTATION_ITEM()
RATIONAL_B_SPLINE_CURVE((1.00427815857654,1.00949097122355,1.00524451983107))
REPRESENTATION_ITEM('')
);
#33=(
BOUNDED_CURVE()
B_SPLINE_CURVE(2,(#4707,#4708,#4709),.UNSPECIFIED.,.F.,.F.)
B_SPLINE_CURVE_WITH_KNOTS((3,3),(0.0336744430569428,0.113748089758892),
 .UNSPECIFIED.)
CURVE()
GEOMETRIC_REPRESENTATION_ITEM()
RATIONAL_B_SPLINE_CURVE((1.00524455538091,1.00949099147743,1.00427816667737))
REPRESENTATION_ITEM('')
);
#34=(
BOUNDED_CURVE()
B_SPLINE_CURVE(2,(#4730,#4731,#4732),.UNSPECIFIED.,.F.,.F.)
B_SPLINE_CURVE_WITH_KNOTS((3,3),(0.0254937934719432,0.105567468124594),
 .UNSPECIFIED.)
CURVE()
GEOMETRIC_REPRESENTATION_ITEM()
RATIONAL_B_SPLINE_CURVE((1.00427815281693,1.0094909805334,1.00524454916899))
REPRESENTATION_ITEM('')
);
#35=(
BOUNDED_CURVE()
B_SPLINE_CURVE(2,(#4753,#4754,#4755),.UNSPECIFIED.,.F.,.F.)
B_SPLINE_CURVE_WITH_KNOTS((3,3),(0.0336744455101412,0.11374812016385),
 .UNSPECIFIED.)
CURVE()
GEOMETRIC_REPRESENTATION_ITEM()
RATIONAL_B_SPLINE_CURVE((1.00524454916891,1.00949098053332,1.00427815281673))
REPRESENTATION_ITEM('')
);
#36=(
BOUNDED_CURVE()
B_SPLINE_CURVE(2,(#4776,#4777,#4778),.UNSPECIFIED.,.F.,.F.)
B_SPLINE_CURVE_WITH_KNOTS((3,3),(0.0254938601911418,0.105567506892026),
 .UNSPECIFIED.)
CURVE()
GEOMETRIC_REPRESENTATION_ITEM()
RATIONAL_B_SPLINE_CURVE((1.00427816667748,1.00949099147729,1.00524455538087))
REPRESENTATION_ITEM('')
);
#37=(
BOUNDED_CURVE()
B_SPLINE_CURVE(2,(#4792,#4793,#4794),.UNSPECIFIED.,.F.,.F.)
B_SPLINE_CURVE_WITH_KNOTS((3,3),(0.,0.114151242197526),.UNSPECIFIED.)
CURVE()
GEOMETRIC_REPRESENTATION_ITEM()
RATIONAL_B_SPLINE_CURVE((1.,1.00866085350418,1.00224499128896))
REPRESENTATION_ITEM('')
);
#38=(
BOUNDED_CURVE()
B_SPLINE_CURVE(2,(#4798,#4799,#4800),.UNSPECIFIED.,.F.,.F.)
B_SPLINE_CURVE_WITH_KNOTS((3,3),(0.0169954670708227,0.131148879423506),
 .UNSPECIFIED.)
CURVE()
GEOMETRIC_REPRESENTATION_ITEM()
RATIONAL_B_SPLINE_CURVE((1.00224474733636,1.00866101815637,1.))
REPRESENTATION_ITEM('')
);
#39=(
BOUNDED_CURVE()
B_SPLINE_CURVE(2,(#4813,#4814,#4815),.UNSPECIFIED.,.F.,.F.)
B_SPLINE_CURVE_WITH_KNOTS((3,3),(0.033673861647535,0.113747694369272),
 .UNSPECIFIED.)
CURVE()
GEOMETRIC_REPRESENTATION_ITEM()
RATIONAL_B_SPLINE_CURVE((1.00524447090561,1.00949096467075,1.00427818326139))
REPRESENTATION_ITEM('')
);
#40=(
BOUNDED_CURVE()
B_SPLINE_CURVE(2,(#4836,#4837,#4838),.UNSPECIFIED.,.F.,.F.)
B_SPLINE_CURVE_WITH_KNOTS((3,3),(0.0254944219345999,0.105568131346988),
 .UNSPECIFIED.)
CURVE()
GEOMETRIC_REPRESENTATION_ITEM()
RATIONAL_B_SPLINE_CURVE((1.00427824440722,1.00949101294979,1.0052444983089))
REPRESENTATION_ITEM('')
);
#41=(
BOUNDED_CURVE()
B_SPLINE_CURVE(2,(#4859,#4860,#4861),.UNSPECIFIED.,.F.,.F.)
B_SPLINE_CURVE_WITH_KNOTS((3,3),(0.0336733457534753,0.113747289526326),
 .UNSPECIFIED.)
CURVE()
GEOMETRIC_REPRESENTATION_ITEM()
RATIONAL_B_SPLINE_CURVE((1.00524440829326,1.00949096166489,1.00427822389408))
REPRESENTATION_ITEM('')
);
#42=(
BOUNDED_CURVE()
B_SPLINE_CURVE(2,(#4882,#4883,#4884),.UNSPECIFIED.,.F.,.F.)
B_SPLINE_CURVE_WITH_KNOTS((3,3),(0.0254948492052476,0.105568641717227),
 .UNSPECIFIED.)
CURVE()
GEOMETRIC_REPRESENTATION_ITEM()
RATIONAL_B_SPLINE_CURVE((1.00427829890042,1.0094910208875,1.00524444190765))
REPRESENTATION_ITEM('')
);
#43=(
BOUNDED_CURVE()
B_SPLINE_CURVE(2,(#4905,#4906,#4907),.UNSPECIFIED.,.F.,.F.)
B_SPLINE_CURVE_WITH_KNOTS((3,3),(0.0336727581303701,0.11374681714713),
 .UNSPECIFIED.)
CURVE()
GEOMETRIC_REPRESENTATION_ITEM()
RATIONAL_B_SPLINE_CURVE((1.00524433954549,1.00949096256822,1.00427827557331))
REPRESENTATION_ITEM('')
);
#44=(
BOUNDED_CURVE()
B_SPLINE_CURVE(2,(#4928,#4929,#4930),.UNSPECIFIED.,.F.,.F.)
B_SPLINE_CURVE_WITH_KNOTS((3,3),(0.0254953087308834,0.105569206779501),
 .UNSPECIFIED.)
CURVE()
GEOMETRIC_REPRESENTATION_ITEM()
RATIONAL_B_SPLINE_CURVE((1.00427835539336,1.00949102559129,1.0052443753164))
REPRESENTATION_ITEM('')
);
#45=(
BOUNDED_CURVE()
B_SPLINE_CURVE(2,(#4951,#4952,#4953),.UNSPECIFIED.,.F.,.F.)
B_SPLINE_CURVE_WITH_KNOTS((3,3),(0.0336721696536976,0.113746334207132),
 .UNSPECIFIED.)
CURVE()
GEOMETRIC_REPRESENTATION_ITEM()
RATIONAL_B_SPLINE_CURVE((1.00524427295394,1.00949096727148,1.00427833206564))
REPRESENTATION_ITEM('')
);
#46=(
BOUNDED_CURVE()
B_SPLINE_CURVE(2,(#4974,#4975,#4976),.UNSPECIFIED.,.F.,.F.)
B_SPLINE_CURVE_WITH_KNOTS((3,3),(0.0254957450859328,0.105569758378954),
 .UNSPECIFIED.)
CURVE()
GEOMETRIC_REPRESENTATION_ITEM()
RATIONAL_B_SPLINE_CURVE((1.00427840707188,1.00949102649338,1.0052443065668))
REPRESENTATION_ITEM('')
);
#47=(
BOUNDED_CURVE()
B_SPLINE_CURVE(2,(#4997,#4998,#4999),.UNSPECIFIED.,.F.,.F.)
B_SPLINE_CURVE_WITH_KNOTS((3,3),(0.0336716513023243,0.113745898955913),
 .UNSPECIFIED.)
CURVE()
GEOMETRIC_REPRESENTATION_ITEM()
RATIONAL_B_SPLINE_CURVE((1.00524421655059,1.00949097520753,1.00427838655738))
REPRESENTATION_ITEM('')
);
#48=(
BOUNDED_CURVE()
B_SPLINE_CURVE(2,(#5020,#5021,#5022),.UNSPECIFIED.,.F.,.F.)
B_SPLINE_CURVE_WITH_KNOTS((3,3),(0.0254961056392067,0.105570229984142),
 .UNSPECIFIED.)
CURVE()
GEOMETRIC_REPRESENTATION_ITEM()
RATIONAL_B_SPLINE_CURVE((1.00427844770299,1.00949102348534,1.00524424395147))
REPRESENTATION_ITEM('')
);
#49=(
BOUNDED_CURVE()
B_SPLINE_CURVE(2,(#5043,#5044,#5045),.UNSPECIFIED.,.F.,.F.)
B_SPLINE_CURVE_WITH_KNOTS((3,3),(0.0336712655974509,0.113745563891468),
 .UNSPECIFIED.)
CURVE()
GEOMETRIC_REPRESENTATION_ITEM()
RATIONAL_B_SPLINE_CURVE((1.00524417713887,1.0094909854194,1.00427843247626))
REPRESENTATION_ITEM('')
);
#50=(
BOUNDED_CURVE()
B_SPLINE_CURVE(2,(#5066,#5067,#5068),.UNSPECIFIED.,.F.,.F.)
B_SPLINE_CURVE_WITH_KNOTS((3,3),(0.0254963469021591,0.10557056471188),
 .UNSPECIFIED.)
CURVE()
GEOMETRIC_REPRESENTATION_ITEM()
RATIONAL_B_SPLINE_CURVE((1.00427847238626,1.00949101693038,1.00524419502327))
REPRESENTATION_ITEM('')
);
#51=(
BOUNDED_CURVE()
B_SPLINE_CURVE(2,(#5089,#5090,#5091),.UNSPECIFIED.,.F.,.F.)
B_SPLINE_CURVE_WITH_KNOTS((3,3),(0.0336710590614536,0.113745369428053),
 .UNSPECIFIED.)
CURVE()
GEOMETRIC_REPRESENTATION_ITEM()
RATIONAL_B_SPLINE_CURVE((1.00524415947301,1.00949099667591,1.00427846428415))
REPRESENTATION_ITEM('')
);
#52=(
BOUNDED_CURVE()
B_SPLINE_CURVE(2,(#5112,#5113,#5114),.UNSPECIFIED.,.F.,.F.)
B_SPLINE_CURVE_WITH_KNOTS((3,3),(0.025496439774493,0.105570722188506),
 .UNSPECIFIED.)
CURVE()
GEOMETRIC_REPRESENTATION_ITEM()
RATIONAL_B_SPLINE_CURVE((1.00427847814477,1.00949100761935,1.00524416568406))
REPRESENTATION_ITEM('')
);
#53=(
BOUNDED_CURVE()
B_SPLINE_CURVE(2,(#5135,#5136,#5137),.UNSPECIFIED.,.F.,.F.)
B_SPLINE_CURVE_WITH_KNOTS((3,3),(0.0336710566062873,0.113745339021364),
 .UNSPECIFIED.)
CURVE()
GEOMETRIC_REPRESENTATION_ITEM()
RATIONAL_B_SPLINE_CURVE((1.00524416568409,1.00949100761946,1.00427847814465))
REPRESENTATION_ITEM('')
);
#54=(
BOUNDED_CURVE()
B_SPLINE_CURVE(2,(#5158,#5159,#5160),.UNSPECIFIED.,.F.,.F.)
B_SPLINE_CURVE_WITH_KNOTS((3,3),(0.0254963730542635,0.1055706834198),
 .UNSPECIFIED.)
CURVE()
GEOMETRIC_REPRESENTATION_ITEM()
RATIONAL_B_SPLINE_CURVE((1.00427846428426,1.0094909966758,1.00524415947298))
REPRESENTATION_ITEM('')
);
#55=CONICAL_SURFACE('',#3073,2.55,0.566729217523506);
#56=CONICAL_SURFACE('',#3075,2.55,0.566729217523506);
#57=SHAPE_REPRESENTATION_RELATIONSHIP('SRR','None',#5489,#59);
#58=SHAPE_REPRESENTATION_RELATIONSHIP('SRR','None',#5490,#60);
#59=ADVANCED_BREP_SHAPE_REPRESENTATION('',(#63),#5473);
#60=ADVANCED_BREP_SHAPE_REPRESENTATION('',(#64),#5474);
#61=STYLED_ITEM('',(#5507),#63);
#62=STYLED_ITEM('',(#5507),#64);
#63=MANIFOLD_SOLID_BREP('Base',#2922);
#64=MANIFOLD_SOLID_BREP('Knob',#2923);
#65=TOROIDAL_SURFACE('',#3029,7.2,1.);
#66=B_SPLINE_CURVE_WITH_KNOTS('',3,(#4096,#4097,#4098,#4099,#4100,#4101,
#4102,#4103,#4104,#4105),.UNSPECIFIED.,.F.,.F.,(4,2,2,2,4),(-0.131584769151967,
-0.111454836160969,-0.0739485659998743,-0.0368339900493639,0.),
 .UNSPECIFIED.);
#67=B_SPLINE_CURVE_WITH_KNOTS('',3,(#4107,#4108,#4109,#4110),
 .UNSPECIFIED.,.F.,.F.,(4,4),(0.448869991654838,0.466669467529165),
 .UNSPECIFIED.);
#68=B_SPLINE_CURVE_WITH_KNOTS('',3,(#4233,#4234,#4235,#4236,#4237,#4238,
#4239,#4240,#4241,#4242),.UNSPECIFIED.,.F.,.F.,(4,2,2,2,4),(0.,0.036833990049364,
0.0739485659998743,0.111454836160969,0.131584769151967),.UNSPECIFIED.);
#69=B_SPLINE_CURVE_WITH_KNOTS('',3,(#4245,#4246,#4247,#4248),
 .UNSPECIFIED.,.F.,.F.,(4,4),(0.131584769151967,0.149384245026294),
 .UNSPECIFIED.);
#70=B_SPLINE_CURVE_WITH_KNOTS('',3,(#4420,#4421,#4422,#4423,#4424,#4425,
#4426,#4427,#4428,#4429),.UNSPECIFIED.,.F.,.F.,(4,2,2,2,4),(0.0236618354580318,
0.0240656387405667,0.0258724873292452,0.031329698523844,0.0351233970531675),
 .UNSPECIFIED.);
#71=B_SPLINE_CURVE_WITH_KNOTS('',3,(#4435,#4436,#4437,#4438,#4439,#4440,
#4441,#4442,#4443,#4444,#4445,#4446,#4447,#4448,#4449,#4450,#4451,#4452),
 .UNSPECIFIED.,.F.,.F.,(4,2,2,2,2,2,2,2,4),(0.0109025264399958,0.0142779969793721,
0.0179122457364565,0.0197293701149987,0.0215464944935409,0.023363618872083,
0.0251807432506252,0.0288149920077095,0.0321905356169831),.UNSPECIFIED.);
#72=B_SPLINE_CURVE_WITH_KNOTS('',3,(#4458,#4459,#4460,#4461,#4462,#4463,
#4464,#4465,#4466,#4467,#4468,#4469,#4470,#4471,#4472,#4473,#4474,#4475),
 .UNSPECIFIED.,.F.,.F.,(4,2,2,2,2,2,2,2,4),(0.05260433250656,0.0563980974714225,
0.0618553085950272,0.0636621571500571,0.065469005705087,0.067275854260117,
0.0690827028151469,0.0745399139387515,0.078333602898478),.UNSPECIFIED.);
#73=B_SPLINE_CURVE_WITH_KNOTS('',3,(#4481,#4482,#4483,#4484,#4485,#4486,
#4487,#4488,#4489,#4490,#4491,#4492,#4493,#4494,#4495,#4496,#4497,#4498),
 .UNSPECIFIED.,.F.,.F.,(4,2,2,2,2,2,2,2,4),(0.010902535333478,0.0142779972873636,
0.0179122461458191,0.0197293705750468,0.0215464950042746,0.0233636194335023,
0.02518074386273,0.0288149927211855,0.032190544308484),.UNSPECIFIED.);
#74=B_SPLINE_CURVE_WITH_KNOTS('',3,(#4504,#4505,#4506,#4507,#4508,#4509,
#4510,#4511,#4512,#4513,#4514,#4515,#4516,#4517,#4518,#4519,#4520,#4521),
 .UNSPECIFIED.,.F.,.F.,(4,2,2,2,2,2,2,2,4),(0.0526043276357537,0.0563980980906656,
0.0618553091271834,0.0636621576409374,0.0654690061546913,0.0672758546684452,
0.0690827031821991,0.0745399142187169,0.0783335982438554),.UNSPECIFIED.);
#75=B_SPLINE_CURVE_WITH_KNOTS('',3,(#4527,#4528,#4529,#4530,#4531,#4532,
#4533,#4534,#4535,#4536,#4537,#4538,#4539,#4540,#4541,#4542,#4543,#4544),
 .UNSPECIFIED.,.F.,.F.,(4,2,2,2,2,2,2,2,4),(0.010902538905293,0.0142779976375973,
0.0179122466113274,0.0197293710981924,0.0215464955850574,0.0233636200719225,
0.0251807445587875,0.0288149935325176,0.0321905476506043),.UNSPECIFIED.);
#76=B_SPLINE_CURVE_WITH_KNOTS('',3,(#4550,#4551,#4552,#4553,#4554,#4555,
#4556,#4557,#4558,#4559,#4560,#4561,#4562,#4563,#4564,#4565,#4566,#4567),
 .UNSPECIFIED.,.F.,.F.,(4,2,2,2,2,2,2,2,4),(0.00939411027416072,0.0131878810245819,
0.0186450919684237,0.0204519404382528,0.0222587889080819,0.024065637377911,
0.02587248584774,0.0313296967915821,0.035123381112313),.UNSPECIFIED.);
#77=B_SPLINE_CURVE_WITH_KNOTS('',3,(#4573,#4574,#4575,#4576,#4577,#4578,
#4579,#4580,#4581,#4582,#4583,#4584,#4585,#4586,#4587,#4588,#4589,#4590),
 .UNSPECIFIED.,.F.,.F.,(4,2,2,2,2,2,2,2,4),(0.010902536724644,0.0142779979878298,
0.0179122470768342,0.0197293716213364,0.0215464961658385,0.0233636207103407,
0.0251807452548429,0.0288149943438473,0.0321905452402516),.UNSPECIFIED.);
#78=B_SPLINE_CURVE_WITH_KNOTS('',3,(#4596,#4597,#4598,#4599,#4600,#4601,
#4602,#4603,#4604,#4605,#4606,#4607,#4608,#4609,#4610,#4611,#4612,#4613),
 .UNSPECIFIED.,.F.,.F.,(4,2,2,2,2,2,2,2,4),(0.00939411494649053,0.0131878807622525,
0.018645091619008,0.0204519400475613,0.0222587884761146,0.0240656369046679,
0.0258724853332212,0.0313296961899768,0.0351233860008137),.UNSPECIFIED.);
#79=B_SPLINE_CURVE_WITH_KNOTS('',3,(#4619,#4620,#4621,#4622,#4623,#4624,
#4625,#4626,#4627,#4628,#4629,#4630,#4631,#4632,#4633,#4634,#4635,#4636),
 .UNSPECIFIED.,.F.,.F.,(4,2,2,2,2,2,2,2,4),(0.0109025290545668,0.0142779982958184,
0.0179122474861929,0.0197293720813802,0.0215464966765674,0.0233636212717546,
0.0251807458669419,0.0288149950573164,0.0321905373681678),.UNSPECIFIED.);
#80=B_SPLINE_CURVE_WITH_KNOTS('',3,(#4642,#4643,#4644,#4645,#4646,#4647,
#4648,#4649,#4650,#4651,#4652,#4653,#4654,#4655,#4656,#4657,#4658,#4659),
 .UNSPECIFIED.,.F.,.F.,(4,2,2,2,2,2,2,2,4),(0.0526043436275564,0.0563980998736957,
0.0618553106594579,0.063662159054363,0.065469007449268,0.0672758558441731,
0.0690827042390783,0.0745399150248404,0.0783336148580988),.UNSPECIFIED.);
#81=B_SPLINE_CURVE_WITH_KNOTS('',3,(#4665,#4666,#4667,#4668,#4669,#4670,
#4671,#4672,#4673,#4674,#4675,#4676,#4677,#4678,#4679,#4680,#4681,#4682),
 .UNSPECIFIED.,.F.,.F.,(4,2,2,2,2,2,2,2,4),(0.010902516820193,0.0142779985244154,
0.0179122477900294,0.0197293724228364,0.0215464970556434,0.0233636216884504,
0.0251807463212574,0.0288149955868715,0.0321905249838542),.UNSPECIFIED.);
#82=B_SPLINE_CURVE_WITH_KNOTS('',3,(#4688,#4689,#4690,#4691,#4692,#4693,
#4694,#4695,#4696,#4697,#4698,#4699,#4700,#4701,#4702,#4703,#4704,#4705),
 .UNSPECIFIED.,.F.,.F.,(4,2,2,2,2,2,2,2,4),(0.0526043570073891,0.0563981002031849,
0.0618553109426095,0.0636621593155523,0.0654690076884952,0.067275856061438,
0.0690827044343807,0.0745399151738056,0.0783336283529488),.UNSPECIFIED.);
#83=B_SPLINE_CURVE_WITH_KNOTS('',3,(#4711,#4712,#4713,#4714,#4715,#4716,
#4717,#4718,#4719,#4720,#4721,#4722,#4723,#4724,#4725,#4726,#4727,#4728),
 .UNSPECIFIED.,.F.,.F.,(4,2,2,2,2,2,2,2,4),(0.0109025014971638,0.0142779986460491,
0.0179122479516971,0.0197293726045211,0.0215464972573452,0.0233636219101692,
0.0251807465629932,0.0288149958686412,0.0321905095810421),.UNSPECIFIED.);
#84=B_SPLINE_CURVE_WITH_KNOTS('',3,(#4734,#4735,#4736,#4737,#4738,#4739,
#4740,#4741,#4742,#4743,#4744,#4745,#4746,#4747,#4748,#4749,#4750,#4751),
 .UNSPECIFIED.,.F.,.F.,(4,2,2,2,2,2,2,2,4),(0.0526043720788256,0.0563981003176149,
0.0618553110409467,0.0636621594062621,0.0654690077715775,0.0672758561368929,
0.0690827045022083,0.0745399152255401,0.0783336434643297),.UNSPECIFIED.);
#85=B_SPLINE_CURVE_WITH_KNOTS('',3,(#4757,#4758,#4759,#4760,#4761,#4762,
#4763,#4764,#4765,#4766,#4767,#4768,#4769,#4770,#4771,#4772,#4773,#4774),
 .UNSPECIFIED.,.F.,.F.,(4,2,2,2,2,2,2,2,4),(0.010902484933648,0.0142779986460489,
0.0179122479516969,0.019729372604521,0.021546497257345,0.023363621910169,
0.025180746562993,0.028814995868641,0.0321904930175263),.UNSPECIFIED.);
#86=B_SPLINE_CURVE_WITH_KNOTS('',3,(#4779,#4780,#4781,#4782,#4783,#4784,
#4785,#4786,#4787,#4788),.UNSPECIFIED.,.F.,.F.,(4,2,2,2,4),(0.0526043870240414,
0.0563981002031848,0.0618553109426094,0.0636621593155522,0.0640659543552936),
 .UNSPECIFIED.);
#87=B_SPLINE_CURVE_WITH_KNOTS('',3,(#4802,#4803,#4804,#4805,#4806,#4807,
#4808,#4809,#4810,#4811),.UNSPECIFIED.,.F.,.F.,(4,2,2,2,4),(0.066872845779812,
0.0672758558441732,0.0690827042390782,0.0745399150248406,0.0783336712709799),
 .UNSPECIFIED.);
#88=B_SPLINE_CURVE_WITH_KNOTS('',3,(#4817,#4818,#4819,#4820,#4821,#4822,
#4823,#4824,#4825,#4826,#4827,#4828,#4829,#4830,#4831,#4832,#4833,#4834),
 .UNSPECIFIED.,.F.,.F.,(4,2,2,2,2,2,2,2,4),(0.010902455984967,0.0142779982958184,
0.0179122474861929,0.0197293720813802,0.0215464966765674,0.0233636212717547,
0.0251807458669419,0.0288149950573164,0.032190464298568),.UNSPECIFIED.);
#89=B_SPLINE_CURVE_WITH_KNOTS('',3,(#4840,#4841,#4842,#4843,#4844,#4845,
#4846,#4847,#4848,#4849,#4850,#4851,#4852,#4853,#4854,#4855,#4856,#4857),
 .UNSPECIFIED.,.F.,.F.,(4,2,2,2,2,2,2,2,4),(0.0526044095580514,0.0563980993688883,
0.0618553102256438,0.0636621586541971,0.0654690070827504,0.0672758555113037,
0.0690827039398571,0.0745399147966126,0.0783336806123745),.UNSPECIFIED.);
#90=B_SPLINE_CURVE_WITH_KNOTS('',3,(#4863,#4864,#4865,#4866,#4867,#4868,
#4869,#4870,#4871,#4872,#4873,#4874,#4875,#4876,#4877,#4878,#4879,#4880),
 .UNSPECIFIED.,.F.,.F.,(4,2,2,2,2,2,2,2,4),(0.0109024470914257,0.01427799798783,
0.0179122470768344,0.0197293716213365,0.0215464961658387,0.0233636207103409,
0.0251807452548431,0.0288149943438474,0.0321904556070331),.UNSPECIFIED.);
#91=B_SPLINE_CURVE_WITH_KNOTS('',3,(#4886,#4887,#4888,#4889,#4890,#4891,
#4892,#4893,#4894,#4895,#4896,#4897,#4898,#4899,#4900,#4901,#4902,#4903),
 .UNSPECIFIED.,.F.,.F.,(4,2,2,2,2,2,2,2,4),(0.00939419670385078,0.0131878810245817,
0.0186450919684237,0.0204519404382528,0.0222587889080819,0.024065637377911,
0.02587248584774,0.0313296967915819,0.0351234675420029),.UNSPECIFIED.);
#92=B_SPLINE_CURVE_WITH_KNOTS('',3,(#4909,#4910,#4911,#4912,#4913,#4914,
#4915,#4916,#4917,#4918,#4919,#4920,#4921,#4922,#4923,#4924,#4925,#4926),
 .UNSPECIFIED.,.F.,.F.,(4,2,2,2,2,2,2,2,4),(0.0109024435195105,0.0142779976375973,
0.0179122466113274,0.0197293710981924,0.0215464955850574,0.0233636200719225,
0.0251807445587875,0.0288149935325176,0.032190452264822),.UNSPECIFIED.);
#93=B_SPLINE_CURVE_WITH_KNOTS('',3,(#4932,#4933,#4934,#4935,#4936,#4937,
#4938,#4939,#4940,#4941,#4942,#4943,#4944,#4945,#4946,#4947,#4948,#4949),
 .UNSPECIFIED.,.F.,.F.,(4,2,2,2,2,2,2,2,4),(0.0526044140655272,0.0563980980906656,
0.0618553091271834,0.0636621576409373,0.0654690061546912,0.0672758546684451,
0.0690827031821991,0.0745399142187167,0.0783336846736287),.UNSPECIFIED.);
#94=B_SPLINE_CURVE_WITH_KNOTS('',3,(#4955,#4956,#4957,#4958,#4959,#4960,
#4961,#4962,#4963,#4964,#4965,#4966,#4967,#4968,#4969,#4970,#4971,#4972),
 .UNSPECIFIED.,.F.,.F.,(4,2,2,2,2,2,2,2,4),(0.0109024457000649,0.0142779972873635,
0.0179122461458189,0.0197293705750466,0.0215464950042744,0.0233636194335021,
0.0251807438627298,0.0288149927211853,0.0321904546750708),.UNSPECIFIED.);
#95=B_SPLINE_CURVE_WITH_KNOTS('',3,(#4978,#4979,#4980,#4981,#4982,#4983,
#4984,#4985,#4986,#4987,#4988,#4989,#4990,#4991,#4992,#4993,#4994,#4995),
 .UNSPECIFIED.,.F.,.F.,(4,2,2,2,2,2,2,2,4),(0.00939419260635159,0.013187881566078,
0.0186450926896826,0.0204519412447125,0.0222587897997424,0.0240656383547723,
0.0258724869098022,0.0313296980334071,0.0351234629982696),.UNSPECIFIED.);
#96=B_SPLINE_CURVE_WITH_KNOTS('',3,(#5001,#5002,#5003,#5004,#5005,#5006,
#5007,#5008,#5009,#5010,#5011,#5012,#5013,#5014,#5015,#5016,#5017,#5018),
 .UNSPECIFIED.,.F.,.F.,(4,2,2,2,2,2,2,2,4),(0.0109024533700985,0.0142779969793722,
0.0179122457364565,0.0197293701149987,0.0215464944935408,0.023363618872083,
0.0251807432506252,0.0288149920077096,0.0321904625470859),.UNSPECIFIED.);
#97=B_SPLINE_CURVE_WITH_KNOTS('',3,(#5024,#5025,#5026,#5027,#5028,#5029,
#5030,#5031,#5032,#5033,#5034,#5035,#5036,#5037,#5038,#5039,#5040,#5041),
 .UNSPECIFIED.,.F.,.F.,(4,2,2,2,2,2,2,2,4),(0.00939418325060891,0.0131878817799322,
0.0186450929745312,0.0204519415632097,0.0222587901518882,0.0240656387405667,
0.0258724873292452,0.0313296985238439,0.0351234534662884),.UNSPECIFIED.);
#98=B_SPLINE_CURVE_WITH_KNOTS('',3,(#5047,#5048,#5049,#5050,#5051,#5052,
#5053,#5054,#5055,#5056,#5057,#5058,#5059,#5060,#5061,#5062,#5063,#5064),
 .UNSPECIFIED.,.F.,.F.,(4,2,2,2,2,2,2,2,4),(0.0109024656044992,0.014277996750772,
0.0179122454326158,0.0197293697735377,0.0215464941144596,0.0233636184553815,
0.0251807427963034,0.0288149914781472,0.032190474931398),.UNSPECIFIED.);
#99=B_SPLINE_CURVE_WITH_KNOTS('',3,(#5070,#5071,#5072,#5073,#5074,#5075,
#5076,#5077,#5078,#5079,#5080,#5081,#5082,#5083,#5084,#5085,#5086,#5087),
 .UNSPECIFIED.,.F.,.F.,(4,2,2,2,2,2,2,2,4),(0.0526043850574167,0.0563980966371156,
0.0618553078780527,0.0636621564886938,0.0654690050993349,0.067275853709976,
0.0690827023206171,0.0745399135615542,0.0783336551580622),.UNSPECIFIED.);
#100=B_SPLINE_CURVE_WITH_KNOTS('',3,(#5093,#5094,#5095,#5096,#5097,#5098,
#5099,#5100,#5101,#5102,#5103,#5104,#5105,#5106,#5107,#5108,#5109,#5110),
 .UNSPECIFIED.,.F.,.F.,(4,2,2,2,2,2,2,2,4),(0.0109024809276133,0.0142779966291365,
0.0179122452709455,0.0197293695918499,0.0215464939127544,0.0233636182336589,
0.0251807425545635,0.0288149911963725,0.0321904903342765),.UNSPECIFIED.);
#101=B_SPLINE_CURVE_WITH_KNOTS('',3,(#5116,#5117,#5118,#5119,#5120,#5121,
#5122,#5123,#5124,#5125,#5126,#5127,#5128,#5129,#5130,#5131,#5132,#5133),
 .UNSPECIFIED.,.F.,.F.,(4,2,2,2,2,2,2,2,4),(0.00939415543121338,0.0131878819679931,
0.0186450932250234,0.020451941843292,0.0222587904615606,0.0240656390798292,
0.0258724876980978,0.0313296989551281,0.0351234254919078),.UNSPECIFIED.);
#102=B_SPLINE_CURVE_WITH_KNOTS('',3,(#5139,#5140,#5141,#5142,#5143,#5144,
#5145,#5146,#5147,#5148,#5149,#5150,#5151,#5152,#5153,#5154,#5155,#5156),
 .UNSPECIFIED.,.F.,.F.,(4,2,2,2,2,2,2,2,4),(0.0109024974912321,0.0142779966291363,
0.0179122452709453,0.0197293695918498,0.0215464939127543,0.0233636182336588,
0.0251807425545633,0.0288149911963722,0.0321905068978955),.UNSPECIFIED.);
#103=B_SPLINE_CURVE_WITH_KNOTS('',3,(#5161,#5162,#5163,#5164,#5165,#5166,
#5167,#5168,#5169,#5170),.UNSPECIFIED.,.F.,.F.,(4,2,2,2,4),(0.0526043550406077,
0.0563980966371158,0.0618553078780529,0.063662156488694,0.064065174795818),
 .UNSPECIFIED.);
#104=CYLINDRICAL_SURFACE('',#2954,5.5);
#105=CYLINDRICAL_SURFACE('',#2960,5.5);
#106=CYLINDRICAL_SURFACE('',#2991,3.454);
#107=CYLINDRICAL_SURFACE('',#3004,0.6);
#108=CYLINDRICAL_SURFACE('',#3011,0.600000000000001);
#109=CYLINDRICAL_SURFACE('',#3013,0.6);
#110=CYLINDRICAL_SURFACE('',#3025,8.45);
#111=CYLINDRICAL_SURFACE('',#3037,1.75);
#112=CYLINDRICAL_SURFACE('',#3043,8.2);
#113=CYLINDRICAL_SURFACE('',#3056,1.75);
#114=CYLINDRICAL_SURFACE('',#3057,1.75);
#115=CYLINDRICAL_SURFACE('',#3064,1.75);
#116=CYLINDRICAL_SURFACE('',#3077,0.1);
#117=CYLINDRICAL_SURFACE('',#3080,0.1);
#118=CYLINDRICAL_SURFACE('',#3083,0.1);
#119=CYLINDRICAL_SURFACE('',#3086,0.1);
#120=CYLINDRICAL_SURFACE('',#3089,0.1);
#121=CYLINDRICAL_SURFACE('',#3092,0.1);
#122=CYLINDRICAL_SURFACE('',#3095,0.1);
#123=CYLINDRICAL_SURFACE('',#3098,0.1);
#124=CYLINDRICAL_SURFACE('',#3101,0.1);
#125=CYLINDRICAL_SURFACE('',#3103,0.1);
#126=CYLINDRICAL_SURFACE('',#3106,0.1);
#127=CYLINDRICAL_SURFACE('',#3109,0.1);
#128=CYLINDRICAL_SURFACE('',#3112,0.1);
#129=CYLINDRICAL_SURFACE('',#3115,0.1);
#130=CYLINDRICAL_SURFACE('',#3118,0.1);
#131=CYLINDRICAL_SURFACE('',#3121,0.1);
#132=CYLINDRICAL_SURFACE('',#3124,0.1);
#133=CYLINDRICAL_SURFACE('',#3127,0.1);
#134=CYLINDRICAL_SURFACE('',#3131,0.1);
#135=CYLINDRICAL_SURFACE('',#3159,0.1);
#136=CYLINDRICAL_SURFACE('',#3161,0.1);
#137=CYLINDRICAL_SURFACE('',#3163,0.1);
#138=CYLINDRICAL_SURFACE('',#3165,0.1);
#139=CYLINDRICAL_SURFACE('',#3166,0.1);
#140=CYLINDRICAL_SURFACE('',#3168,0.1);
#141=CYLINDRICAL_SURFACE('',#3170,0.1);
#142=CYLINDRICAL_SURFACE('',#3172,0.0999999999999999);
#143=CYLINDRICAL_SURFACE('',#3174,0.1);
#144=CYLINDRICAL_SURFACE('',#3176,0.0999999999999999);
#145=CYLINDRICAL_SURFACE('',#3177,0.1);
#146=CYLINDRICAL_SURFACE('',#3179,0.1);
#147=CYLINDRICAL_SURFACE('',#3181,0.1);
#148=CYLINDRICAL_SURFACE('',#3183,0.0999999999999999);
#149=CYLINDRICAL_SURFACE('',#3184,0.1);
#150=CYLINDRICAL_SURFACE('',#3190,2.9);
#151=FACE_BOUND('',#309,.T.);
#152=FACE_BOUND('',#320,.T.);
#153=FACE_BOUND('',#321,.T.);
#154=FACE_BOUND('',#322,.T.);
#155=FACE_BOUND('',#356,.T.);
#156=FACE_BOUND('',#379,.T.);
#157=FACE_BOUND('',#431,.T.);
#158=FACE_BOUND('',#432,.T.);
#159=FACE_OUTER_BOUND('',#308,.T.);
#160=FACE_OUTER_BOUND('',#310,.T.);
#161=FACE_OUTER_BOUND('',#311,.T.);
#162=FACE_OUTER_BOUND('',#312,.T.);
#163=FACE_OUTER_BOUND('',#313,.T.);
#164=FACE_OUTER_BOUND('',#314,.T.);
#165=FACE_OUTER_BOUND('',#315,.T.);
#166=FACE_OUTER_BOUND('',#316,.T.);
#167=FACE_OUTER_BOUND('',#317,.T.);
#168=FACE_OUTER_BOUND('',#318,.T.);
#169=FACE_OUTER_BOUND('',#319,.T.);
#170=FACE_OUTER_BOUND('',#323,.T.);
#171=FACE_OUTER_BOUND('',#324,.T.);
#172=FACE_OUTER_BOUND('',#325,.T.);
#173=FACE_OUTER_BOUND('',#326,.T.);
#174=FACE_OUTER_BOUND('',#327,.T.);
#175=FACE_OUTER_BOUND('',#328,.T.);
#176=FACE_OUTER_BOUND('',#329,.T.);
#177=FACE_OUTER_BOUND('',#330,.T.);
#178=FACE_OUTER_BOUND('',#331,.T.);
#179=FACE_OUTER_BOUND('',#332,.T.);
#180=FACE_OUTER_BOUND('',#333,.T.);
#181=FACE_OUTER_BOUND('',#334,.T.);
#182=FACE_OUTER_BOUND('',#335,.T.);
#183=FACE_OUTER_BOUND('',#336,.T.);
#184=FACE_OUTER_BOUND('',#337,.T.);
#185=FACE_OUTER_BOUND('',#338,.T.);
#186=FACE_OUTER_BOUND('',#339,.T.);
#187=FACE_OUTER_BOUND('',#340,.T.);
#188=FACE_OUTER_BOUND('',#341,.T.);
#189=FACE_OUTER_BOUND('',#342,.T.);
#190=FACE_OUTER_BOUND('',#343,.T.);
#191=FACE_OUTER_BOUND('',#344,.T.);
#192=FACE_OUTER_BOUND('',#345,.T.);
#193=FACE_OUTER_BOUND('',#346,.T.);
#194=FACE_OUTER_BOUND('',#347,.T.);
#195=FACE_OUTER_BOUND('',#348,.T.);
#196=FACE_OUTER_BOUND('',#349,.T.);
#197=FACE_OUTER_BOUND('',#350,.T.);
#198=FACE_OUTER_BOUND('',#351,.T.);
#199=FACE_OUTER_BOUND('',#352,.T.);
#200=FACE_OUTER_BOUND('',#353,.T.);
#201=FACE_OUTER_BOUND('',#354,.T.);
#202=FACE_OUTER_BOUND('',#355,.T.);
#203=FACE_OUTER_BOUND('',#357,.T.);
#204=FACE_OUTER_BOUND('',#358,.T.);
#205=FACE_OUTER_BOUND('',#359,.T.);
#206=FACE_OUTER_BOUND('',#360,.T.);
#207=FACE_OUTER_BOUND('',#361,.T.);
#208=FACE_OUTER_BOUND('',#362,.T.);
#209=FACE_OUTER_BOUND('',#363,.T.);
#210=FACE_OUTER_BOUND('',#364,.T.);
#211=FACE_OUTER_BOUND('',#365,.T.);
#212=FACE_OUTER_BOUND('',#366,.T.);
#213=FACE_OUTER_BOUND('',#367,.T.);
#214=FACE_OUTER_BOUND('',#368,.T.);
#215=FACE_OUTER_BOUND('',#369,.T.);
#216=FACE_OUTER_BOUND('',#370,.T.);
#217=FACE_OUTER_BOUND('',#371,.T.);
#218=FACE_OUTER_BOUND('',#372,.T.);
#219=FACE_OUTER_BOUND('',#373,.T.);
#220=FACE_OUTER_BOUND('',#374,.T.);
#221=FACE_OUTER_BOUND('',#375,.T.);
#222=FACE_OUTER_BOUND('',#376,.T.);
#223=FACE_OUTER_BOUND('',#377,.T.);
#224=FACE_OUTER_BOUND('',#378,.T.);
#225=FACE_OUTER_BOUND('',#380,.T.);
#226=FACE_OUTER_BOUND('',#381,.T.);
#227=FACE_OUTER_BOUND('',#382,.T.);
#228=FACE_OUTER_BOUND('',#383,.T.);
#229=FACE_OUTER_BOUND('',#384,.T.);
#230=FACE_OUTER_BOUND('',#385,.T.);
#231=FACE_OUTER_BOUND('',#386,.T.);
#232=FACE_OUTER_BOUND('',#387,.T.);
#233=FACE_OUTER_BOUND('',#388,.T.);
#234=FACE_OUTER_BOUND('',#389,.T.);
#235=FACE_OUTER_BOUND('',#390,.T.);
#236=FACE_OUTER_BOUND('',#391,.T.);
#237=FACE_OUTER_BOUND('',#392,.T.);
#238=FACE_OUTER_BOUND('',#393,.T.);
#239=FACE_OUTER_BOUND('',#394,.T.);
#240=FACE_OUTER_BOUND('',#395,.T.);
#241=FACE_OUTER_BOUND('',#396,.T.);
#242=FACE_OUTER_BOUND('',#397,.T.);
#243=FACE_OUTER_BOUND('',#398,.T.);
#244=FACE_OUTER_BOUND('',#399,.T.);
#245=FACE_OUTER_BOUND('',#400,.T.);
#246=FACE_OUTER_BOUND('',#401,.T.);
#247=FACE_OUTER_BOUND('',#402,.T.);
#248=FACE_OUTER_BOUND('',#403,.T.);
#249=FACE_OUTER_BOUND('',#404,.T.);
#250=FACE_OUTER_BOUND('',#405,.T.);
#251=FACE_OUTER_BOUND('',#406,.T.);
#252=FACE_OUTER_BOUND('',#407,.T.);
#253=FACE_OUTER_BOUND('',#408,.T.);
#254=FACE_OUTER_BOUND('',#409,.T.);
#255=FACE_OUTER_BOUND('',#410,.T.);
#256=FACE_OUTER_BOUND('',#411,.T.);
#257=FACE_OUTER_BOUND('',#412,.T.);
#258=FACE_OUTER_BOUND('',#413,.T.);
#259=FACE_OUTER_BOUND('',#414,.T.);
#260=FACE_OUTER_BOUND('',#415,.T.);
#261=FACE_OUTER_BOUND('',#416,.T.);
#262=FACE_OUTER_BOUND('',#417,.T.);
#263=FACE_OUTER_BOUND('',#418,.T.);
#264=FACE_OUTER_BOUND('',#419,.T.);
#265=FACE_OUTER_BOUND('',#420,.T.);
#266=FACE_OUTER_BOUND('',#421,.T.);
#267=FACE_OUTER_BOUND('',#422,.T.);
#268=FACE_OUTER_BOUND('',#423,.T.);
#269=FACE_OUTER_BOUND('',#424,.T.);
#270=FACE_OUTER_BOUND('',#425,.T.);
#271=FACE_OUTER_BOUND('',#426,.T.);
#272=FACE_OUTER_BOUND('',#427,.T.);
#273=FACE_OUTER_BOUND('',#428,.T.);
#274=FACE_OUTER_BOUND('',#429,.T.);
#275=FACE_OUTER_BOUND('',#430,.T.);
#276=FACE_OUTER_BOUND('',#433,.T.);
#277=FACE_OUTER_BOUND('',#434,.T.);
#278=FACE_OUTER_BOUND('',#435,.T.);
#279=FACE_OUTER_BOUND('',#436,.T.);
#280=FACE_OUTER_BOUND('',#437,.T.);
#281=FACE_OUTER_BOUND('',#438,.T.);
#282=FACE_OUTER_BOUND('',#439,.T.);
#283=FACE_OUTER_BOUND('',#440,.T.);
#284=FACE_OUTER_BOUND('',#441,.T.);
#285=FACE_OUTER_BOUND('',#442,.T.);
#286=FACE_OUTER_BOUND('',#443,.T.);
#287=FACE_OUTER_BOUND('',#444,.T.);
#288=FACE_OUTER_BOUND('',#445,.T.);
#289=FACE_OUTER_BOUND('',#446,.T.);
#290=FACE_OUTER_BOUND('',#447,.T.);
#291=FACE_OUTER_BOUND('',#448,.T.);
#292=FACE_OUTER_BOUND('',#449,.T.);
#293=FACE_OUTER_BOUND('',#450,.T.);
#294=FACE_OUTER_BOUND('',#451,.T.);
#295=FACE_OUTER_BOUND('',#452,.T.);
#296=FACE_OUTER_BOUND('',#453,.T.);
#297=FACE_OUTER_BOUND('',#454,.T.);
#298=FACE_OUTER_BOUND('',#455,.T.);
#299=FACE_OUTER_BOUND('',#456,.T.);
#300=FACE_OUTER_BOUND('',#457,.T.);
#301=FACE_OUTER_BOUND('',#458,.T.);
#302=FACE_OUTER_BOUND('',#459,.T.);
#303=FACE_OUTER_BOUND('',#460,.T.);
#304=FACE_OUTER_BOUND('',#461,.T.);
#305=FACE_OUTER_BOUND('',#462,.T.);
#306=FACE_OUTER_BOUND('',#463,.T.);
#307=FACE_OUTER_BOUND('',#464,.T.);
#308=EDGE_LOOP('',(#1810,#1811,#1812,#1813,#1814,#1815,#1816,#1817));
#309=EDGE_LOOP('',(#1818));
#310=EDGE_LOOP('',(#1819,#1820,#1821,#1822));
#311=EDGE_LOOP('',(#1823,#1824,#1825,#1826,#1827,#1828,#1829,#1830));
#312=EDGE_LOOP('',(#1831,#1832,#1833,#1834,#1835,#1836,#1837,#1838));
#313=EDGE_LOOP('',(#1839,#1840,#1841,#1842));
#314=EDGE_LOOP('',(#1843,#1844,#1845,#1846,#1847,#1848,#1849,#1850));
#315=EDGE_LOOP('',(#1851,#1852,#1853,#1854,#1855,#1856,#1857,#1858));
#316=EDGE_LOOP('',(#1859,#1860,#1861,#1862));
#317=EDGE_LOOP('',(#1863,#1864,#1865,#1866,#1867));
#318=EDGE_LOOP('',(#1868,#1869));
#319=EDGE_LOOP('',(#1870,#1871,#1872,#1873,#1874,#1875));
#320=EDGE_LOOP('',(#1876));
#321=EDGE_LOOP('',(#1877));
#322=EDGE_LOOP('',(#1878));
#323=EDGE_LOOP('',(#1879,#1880,#1881,#1882));
#324=EDGE_LOOP('',(#1883,#1884,#1885,#1886,#1887));
#325=EDGE_LOOP('',(#1888,#1889,#1890,#1891));
#326=EDGE_LOOP('',(#1892,#1893,#1894,#1895));
#327=EDGE_LOOP('',(#1896,#1897,#1898,#1899,#1900));
#328=EDGE_LOOP('',(#1901,#1902,#1903,#1904,#1905));
#329=EDGE_LOOP('',(#1906,#1907,#1908,#1909));
#330=EDGE_LOOP('',(#1910,#1911,#1912,#1913));
#331=EDGE_LOOP('',(#1914,#1915,#1916,#1917));
#332=EDGE_LOOP('',(#1918));
#333=EDGE_LOOP('',(#1919,#1920,#1921,#1922));
#334=EDGE_LOOP('',(#1923,#1924,#1925,#1926,#1927,#1928));
#335=EDGE_LOOP('',(#1929,#1930,#1931,#1932,#1933));
#336=EDGE_LOOP('',(#1934,#1935,#1936,#1937,#1938,#1939,#1940,#1941,#1942,
#1943,#1944,#1945,#1946,#1947,#1948,#1949,#1950,#1951,#1952));
#337=EDGE_LOOP('',(#1953,#1954,#1955,#1956,#1957,#1958,#1959,#1960));
#338=EDGE_LOOP('',(#1961,#1962,#1963,#1964));
#339=EDGE_LOOP('',(#1965,#1966,#1967,#1968,#1969,#1970,#1971,#1972,#1973,
#1974));
#340=EDGE_LOOP('',(#1975,#1976,#1977,#1978));
#341=EDGE_LOOP('',(#1979,#1980,#1981,#1982));
#342=EDGE_LOOP('',(#1983,#1984,#1985,#1986));
#343=EDGE_LOOP('',(#1987,#1988));
#344=EDGE_LOOP('',(#1989,#1990,#1991,#1992,#1993,#1994,#1995,#1996));
#345=EDGE_LOOP('',(#1997,#1998,#1999,#2000));
#346=EDGE_LOOP('',(#2001,#2002,#2003,#2004));
#347=EDGE_LOOP('',(#2005,#2006,#2007,#2008));
#348=EDGE_LOOP('',(#2009,#2010,#2011,#2012));
#349=EDGE_LOOP('',(#2013,#2014,#2015,#2016,#2017,#2018,#2019,#2020,#2021,
#2022,#2023,#2024,#2025,#2026,#2027,#2028,#2029,#2030,#2031,#2032,#2033,
#2034,#2035,#2036));
#350=EDGE_LOOP('',(#2037,#2038,#2039,#2040));
#351=EDGE_LOOP('',(#2041,#2042,#2043,#2044,#2045,#2046));
#352=EDGE_LOOP('',(#2047,#2048,#2049,#2050,#2051,#2052));
#353=EDGE_LOOP('',(#2053,#2054,#2055,#2056));
#354=EDGE_LOOP('',(#2057,#2058,#2059,#2060,#2061,#2062,#2063,#2064));
#355=EDGE_LOOP('',(#2065,#2066,#2067,#2068,#2069,#2070,#2071,#2072));
#356=EDGE_LOOP('',(#2073));
#357=EDGE_LOOP('',(#2074,#2075,#2076,#2077));
#358=EDGE_LOOP('',(#2078,#2079,#2080,#2081,#2082));
#359=EDGE_LOOP('',(#2083,#2084,#2085,#2086));
#360=EDGE_LOOP('',(#2087,#2088,#2089,#2090,#2091));
#361=EDGE_LOOP('',(#2092,#2093,#2094,#2095));
#362=EDGE_LOOP('',(#2096,#2097,#2098,#2099));
#363=EDGE_LOOP('',(#2100,#2101,#2102,#2103));
#364=EDGE_LOOP('',(#2104,#2105,#2106,#2107));
#365=EDGE_LOOP('',(#2108,#2109,#2110,#2111,#2112,#2113,#2114,#2115,#2116,
#2117,#2118,#2119,#2120,#2121,#2122,#2123));
#366=EDGE_LOOP('',(#2124,#2125,#2126,#2127,#2128,#2129,#2130,#2131,#2132,
#2133,#2134,#2135,#2136));
#367=EDGE_LOOP('',(#2137,#2138,#2139,#2140));
#368=EDGE_LOOP('',(#2141,#2142,#2143,#2144,#2145));
#369=EDGE_LOOP('',(#2146,#2147,#2148,#2149,#2150));
#370=EDGE_LOOP('',(#2151,#2152,#2153,#2154));
#371=EDGE_LOOP('',(#2155,#2156,#2157,#2158));
#372=EDGE_LOOP('',(#2159,#2160,#2161,#2162));
#373=EDGE_LOOP('',(#2163,#2164,#2165,#2166));
#374=EDGE_LOOP('',(#2167,#2168,#2169,#2170));
#375=EDGE_LOOP('',(#2171,#2172,#2173,#2174));
#376=EDGE_LOOP('',(#2175,#2176,#2177,#2178,#2179,#2180,#2181,#2182));
#377=EDGE_LOOP('',(#2183,#2184,#2185,#2186,#2187,#2188,#2189,#2190));
#378=EDGE_LOOP('',(#2191,#2192,#2193,#2194,#2195,#2196,#2197,#2198));
#379=EDGE_LOOP('',(#2199));
#380=EDGE_LOOP('',(#2200,#2201,#2202,#2203));
#381=EDGE_LOOP('',(#2204,#2205,#2206,#2207,#2208));
#382=EDGE_LOOP('',(#2209,#2210,#2211,#2212));
#383=EDGE_LOOP('',(#2213,#2214,#2215,#2216,#2217));
#384=EDGE_LOOP('',(#2218,#2219,#2220,#2221));
#385=EDGE_LOOP('',(#2222,#2223,#2224,#2225));
#386=EDGE_LOOP('',(#2226,#2227,#2228,#2229));
#387=EDGE_LOOP('',(#2230,#2231,#2232,#2233));
#388=EDGE_LOOP('',(#2234));
#389=EDGE_LOOP('',(#2235,#2236,#2237,#2238,#2239,#2240,#2241,#2242,#2243,
#2244,#2245,#2246,#2247,#2248,#2249,#2250,#2251,#2252,#2253,#2254,#2255,
#2256,#2257,#2258,#2259,#2260,#2261,#2262,#2263,#2264,#2265,#2266,#2267,
#2268,#2269,#2270));
#390=EDGE_LOOP('',(#2271,#2272,#2273,#2274,#2275,#2276,#2277,#2278,#2279,
#2280,#2281,#2282,#2283,#2284,#2285,#2286,#2287,#2288,#2289,#2290,#2291,
#2292,#2293,#2294,#2295,#2296,#2297,#2298,#2299,#2300,#2301,#2302,#2303,
#2304,#2305,#2306));
#391=EDGE_LOOP('',(#2307,#2308,#2309,#2310));
#392=EDGE_LOOP('',(#2311,#2312,#2313,#2314));
#393=EDGE_LOOP('',(#2315,#2316,#2317,#2318));
#394=EDGE_LOOP('',(#2319,#2320,#2321,#2322));
#395=EDGE_LOOP('',(#2323,#2324,#2325,#2326));
#396=EDGE_LOOP('',(#2327,#2328,#2329,#2330));
#397=EDGE_LOOP('',(#2331,#2332,#2333,#2334));
#398=EDGE_LOOP('',(#2335,#2336,#2337,#2338));
#399=EDGE_LOOP('',(#2339,#2340,#2341,#2342));
#400=EDGE_LOOP('',(#2343,#2344,#2345,#2346));
#401=EDGE_LOOP('',(#2347,#2348,#2349,#2350));
#402=EDGE_LOOP('',(#2351,#2352,#2353,#2354));
#403=EDGE_LOOP('',(#2355,#2356,#2357,#2358));
#404=EDGE_LOOP('',(#2359,#2360,#2361,#2362));
#405=EDGE_LOOP('',(#2363,#2364,#2365,#2366));
#406=EDGE_LOOP('',(#2367,#2368,#2369,#2370));
#407=EDGE_LOOP('',(#2371,#2372,#2373,#2374));
#408=EDGE_LOOP('',(#2375,#2376,#2377,#2378));
#409=EDGE_LOOP('',(#2379,#2380,#2381,#2382));
#410=EDGE_LOOP('',(#2383,#2384,#2385,#2386));
#411=EDGE_LOOP('',(#2387,#2388,#2389,#2390));
#412=EDGE_LOOP('',(#2391,#2392,#2393,#2394));
#413=EDGE_LOOP('',(#2395,#2396,#2397,#2398));
#414=EDGE_LOOP('',(#2399,#2400,#2401,#2402));
#415=EDGE_LOOP('',(#2403,#2404,#2405,#2406));
#416=EDGE_LOOP('',(#2407,#2408,#2409,#2410));
#417=EDGE_LOOP('',(#2411,#2412,#2413,#2414));
#418=EDGE_LOOP('',(#2415,#2416,#2417,#2418));
#419=EDGE_LOOP('',(#2419,#2420,#2421,#2422));
#420=EDGE_LOOP('',(#2423,#2424,#2425,#2426));
#421=EDGE_LOOP('',(#2427,#2428,#2429,#2430));
#422=EDGE_LOOP('',(#2431,#2432,#2433,#2434));
#423=EDGE_LOOP('',(#2435,#2436,#2437,#2438));
#424=EDGE_LOOP('',(#2439,#2440,#2441,#2442));
#425=EDGE_LOOP('',(#2443,#2444,#2445,#2446,#2447,#2448));
#426=EDGE_LOOP('',(#2449,#2450,#2451,#2452,#2453,#2454));
#427=EDGE_LOOP('',(#2455,#2456,#2457,#2458));
#428=EDGE_LOOP('',(#2459,#2460));
#429=EDGE_LOOP('',(#2461,#2462));
#430=EDGE_LOOP('',(#2463,#2464,#2465,#2466,#2467,#2468,#2469,#2470));
#431=EDGE_LOOP('',(#2471,#2472,#2473,#2474,#2475,#2476,#2477,#2478,#2479,
#2480,#2481,#2482,#2483,#2484,#2485,#2486,#2487,#2488,#2489,#2490,#2491,
#2492,#2493,#2494,#2495,#2496,#2497,#2498,#2499,#2500,#2501,#2502,#2503,
#2504));
#432=EDGE_LOOP('',(#2505,#2506,#2507,#2508,#2509,#2510,#2511,#2512,#2513,
#2514,#2515,#2516,#2517,#2518,#2519,#2520,#2521,#2522,#2523,#2524,#2525,
#2526,#2527,#2528,#2529,#2530,#2531,#2532,#2533,#2534,#2535,#2536,#2537,
#2538));
#433=EDGE_LOOP('',(#2539,#2540,#2541,#2542));
#434=EDGE_LOOP('',(#2543,#2544,#2545,#2546));
#435=EDGE_LOOP('',(#2547,#2548,#2549,#2550));
#436=EDGE_LOOP('',(#2551,#2552,#2553,#2554));
#437=EDGE_LOOP('',(#2555,#2556,#2557,#2558));
#438=EDGE_LOOP('',(#2559,#2560,#2561,#2562));
#439=EDGE_LOOP('',(#2563,#2564,#2565,#2566));
#440=EDGE_LOOP('',(#2567,#2568,#2569,#2570));
#441=EDGE_LOOP('',(#2571,#2572,#2573,#2574));
#442=EDGE_LOOP('',(#2575,#2576,#2577,#2578));
#443=EDGE_LOOP('',(#2579,#2580,#2581,#2582));
#444=EDGE_LOOP('',(#2583,#2584,#2585,#2586));
#445=EDGE_LOOP('',(#2587,#2588,#2589,#2590));
#446=EDGE_LOOP('',(#2591,#2592,#2593,#2594));
#447=EDGE_LOOP('',(#2595,#2596,#2597,#2598));
#448=EDGE_LOOP('',(#2599,#2600,#2601,#2602));
#449=EDGE_LOOP('',(#2603,#2604,#2605,#2606));
#450=EDGE_LOOP('',(#2607,#2608,#2609,#2610));
#451=EDGE_LOOP('',(#2611,#2612,#2613,#2614));
#452=EDGE_LOOP('',(#2615,#2616,#2617,#2618));
#453=EDGE_LOOP('',(#2619,#2620,#2621,#2622));
#454=EDGE_LOOP('',(#2623,#2624,#2625,#2626));
#455=EDGE_LOOP('',(#2627,#2628,#2629,#2630));
#456=EDGE_LOOP('',(#2631,#2632,#2633,#2634));
#457=EDGE_LOOP('',(#2635,#2636,#2637,#2638));
#458=EDGE_LOOP('',(#2639,#2640,#2641,#2642));
#459=EDGE_LOOP('',(#2643,#2644,#2645,#2646));
#460=EDGE_LOOP('',(#2647,#2648,#2649,#2650));
#461=EDGE_LOOP('',(#2651,#2652,#2653,#2654));
#462=EDGE_LOOP('',(#2655,#2656,#2657,#2658));
#463=EDGE_LOOP('',(#2659,#2660,#2661,#2662));
#464=EDGE_LOOP('',(#2663,#2664,#2665,#2666,#2667,#2668,#2669,#2670,#2671,
#2672,#2673));
#465=CIRCLE('',#2950,5.5);
#466=CIRCLE('',#2951,5.5);
#467=CIRCLE('',#2952,3.454);
#468=CIRCLE('',#2955,5.5);
#469=CIRCLE('',#2956,5.5);
#470=CIRCLE('',#2957,5.5);
#471=CIRCLE('',#2961,5.5);
#472=CIRCLE('',#2962,5.5);
#473=CIRCLE('',#2963,5.5);
#474=CIRCLE('',#2967,8.45);
#475=CIRCLE('',#2969,8.45);
#476=CIRCLE('',#2971,8.45);
#477=CIRCLE('',#2972,8.45);
#478=CIRCLE('',#2973,0.6);
#479=CIRCLE('',#2974,0.6);
#480=CIRCLE('',#2975,0.600000000000001);
#481=CIRCLE('',#2978,8.45);
#482=CIRCLE('',#2982,8.45);
#483=CIRCLE('',#2984,8.45);
#484=CIRCLE('',#2986,8.45);
#485=CIRCLE('',#2990,3.454);
#486=CIRCLE('',#2994,8.2);
#487=CIRCLE('',#2995,8.2);
#488=CIRCLE('',#2997,1.75);
#489=CIRCLE('',#2998,8.2);
#490=CIRCLE('',#2999,8.2);
#491=CIRCLE('',#3000,1.75);
#492=CIRCLE('',#3001,1.75);
#493=CIRCLE('',#3002,8.45);
#494=CIRCLE('',#3003,1.75);
#495=CIRCLE('',#3005,0.6);
#496=CIRCLE('',#3006,0.6);
#497=CIRCLE('',#3007,0.6);
#498=CIRCLE('',#3012,0.6);
#499=CIRCLE('',#3014,0.6);
#500=CIRCLE('',#3016,8.2);
#501=CIRCLE('',#3018,8.45);
#502=CIRCLE('',#3019,8.45);
#503=CIRCLE('',#3021,8.45);
#504=CIRCLE('',#3027,7.2);
#505=CIRCLE('',#3030,8.2);
#506=CIRCLE('',#3034,1.75);
#507=CIRCLE('',#3044,8.2);
#508=CIRCLE('',#3045,8.2);
#509=CIRCLE('',#3047,1.75);
#510=CIRCLE('',#3048,1.75);
#511=CIRCLE('',#3061,1.75);
#512=CIRCLE('',#3072,2.9);
#513=CIRCLE('',#3074,2.2);
#514=CIRCLE('',#3076,2.2);
#515=CIRCLE('',#3078,0.1);
#516=CIRCLE('',#3081,0.1);
#517=CIRCLE('',#3084,0.1);
#518=CIRCLE('',#3087,0.1);
#519=CIRCLE('',#3090,0.1);
#520=CIRCLE('',#3093,0.1);
#521=CIRCLE('',#3096,0.1);
#522=CIRCLE('',#3099,0.1);
#523=CIRCLE('',#3102,0.1);
#524=CIRCLE('',#3104,0.1);
#525=CIRCLE('',#3107,0.1);
#526=CIRCLE('',#3110,0.1);
#527=CIRCLE('',#3113,0.1);
#528=CIRCLE('',#3116,0.1);
#529=CIRCLE('',#3119,0.1);
#530=CIRCLE('',#3122,0.1);
#531=CIRCLE('',#3125,0.1);
#532=CIRCLE('',#3128,0.1);
#533=CIRCLE('',#3132,0.1);
#534=CIRCLE('',#3136,2.9);
#535=CIRCLE('',#3137,2.9);
#536=CIRCLE('',#3138,2.9);
#537=CIRCLE('',#3139,2.9);
#538=CIRCLE('',#3140,2.9);
#539=CIRCLE('',#3141,2.9);
#540=CIRCLE('',#3142,2.9);
#541=CIRCLE('',#3143,2.9);
#542=CIRCLE('',#3144,0.0999999999999999);
#543=CIRCLE('',#3145,0.1);
#544=CIRCLE('',#3146,0.0999999999999999);
#545=CIRCLE('',#3147,0.1);
#546=CIRCLE('',#3148,0.1);
#547=CIRCLE('',#3149,0.1);
#548=CIRCLE('',#3150,0.0999999999999999);
#549=CIRCLE('',#3151,0.1);
#550=CIRCLE('',#3152,0.1);
#551=CIRCLE('',#3153,0.1);
#552=CIRCLE('',#3154,0.1);
#553=CIRCLE('',#3155,0.1);
#554=CIRCLE('',#3156,0.1);
#555=CIRCLE('',#3157,0.1);
#556=CIRCLE('',#3158,0.1);
#557=LINE('',#3956,#823);
#558=LINE('',#3960,#824);
#559=LINE('',#3962,#825);
#560=LINE('',#3964,#826);
#561=LINE('',#3968,#827);
#562=LINE('',#3969,#828);
#563=LINE('',#3975,#829);
#564=LINE('',#3976,#830);
#565=LINE('',#3977,#831);
#566=LINE('',#3981,#832);
#567=LINE('',#3984,#833);
#568=LINE('',#3988,#834);
#569=LINE('',#3993,#835);
#570=LINE('',#3995,#836);
#571=LINE('',#3997,#837);
#572=LINE('',#3998,#838);
#573=LINE('',#4000,#839);
#574=LINE('',#4002,#840);
#575=LINE('',#4003,#841);
#576=LINE('',#4006,#842);
#577=LINE('',#4007,#843);
#578=LINE('',#4011,#844);
#579=LINE('',#4014,#845);
#580=LINE('',#4018,#846);
#581=LINE('',#4023,#847);
#582=LINE('',#4025,#848);
#583=LINE('',#4026,#849);
#584=LINE('',#4028,#850);
#585=LINE('',#4030,#851);
#586=LINE('',#4031,#852);
#587=LINE('',#4033,#853);
#588=LINE('',#4036,#854);
#589=LINE('',#4044,#855);
#590=LINE('',#4046,#856);
#591=LINE('',#4048,#857);
#592=LINE('',#4057,#858);
#593=LINE('',#4060,#859);
#594=LINE('',#4064,#860);
#595=LINE('',#4065,#861);
#596=LINE('',#4068,#862);
#597=LINE('',#4069,#863);
#598=LINE('',#4072,#864);
#599=LINE('',#4076,#865);
#600=LINE('',#4080,#866);
#601=LINE('',#4082,#867);
#602=LINE('',#4085,#868);
#603=LINE('',#4087,#869);
#604=LINE('',#4092,#870);
#605=LINE('',#4112,#871);
#606=LINE('',#4114,#872);
#607=LINE('',#4116,#873);
#608=LINE('',#4117,#874);
#609=LINE('',#4124,#875);
#610=LINE('',#4125,#876);
#611=LINE('',#4129,#877);
#612=LINE('',#4131,#878);
#613=LINE('',#4133,#879);
#614=LINE('',#4143,#880);
#615=LINE('',#4145,#881);
#616=LINE('',#4147,#882);
#617=LINE('',#4151,#883);
#618=LINE('',#4153,#884);
#619=LINE('',#4155,#885);
#620=LINE('',#4159,#886);
#621=LINE('',#4161,#887);
#622=LINE('',#4163,#888);
#623=LINE('',#4168,#889);
#624=LINE('',#4171,#890);
#625=LINE('',#4175,#891);
#626=LINE('',#4178,#892);
#627=LINE('',#4179,#893);
#628=LINE('',#4181,#894);
#629=LINE('',#4182,#895);
#630=LINE('',#4183,#896);
#631=LINE('',#4184,#897);
#632=LINE('',#4186,#898);
#633=LINE('',#4190,#899);
#634=LINE('',#4194,#900);
#635=LINE('',#4200,#901);
#636=LINE('',#4202,#902);
#637=LINE('',#4204,#903);
#638=LINE('',#4210,#904);
#639=LINE('',#4214,#905);
#640=LINE('',#4215,#906);
#641=LINE('',#4217,#907);
#642=LINE('',#4218,#908);
#643=LINE('',#4220,#909);
#644=LINE('',#4222,#910);
#645=LINE('',#4228,#911);
#646=LINE('',#4229,#912);
#647=LINE('',#4243,#913);
#648=LINE('',#4244,#914);
#649=LINE('',#4254,#915);
#650=LINE('',#4256,#916);
#651=LINE('',#4258,#917);
#652=LINE('',#4260,#918);
#653=LINE('',#4262,#919);
#654=LINE('',#4264,#920);
#655=LINE('',#4265,#921);
#656=LINE('',#4269,#922);
#657=LINE('',#4271,#923);
#658=LINE('',#4275,#924);
#659=LINE('',#4277,#925);
#660=LINE('',#4279,#926);
#661=LINE('',#4281,#927);
#662=LINE('',#4282,#928);
#663=LINE('',#4284,#929);
#664=LINE('',#4285,#930);
#665=LINE('',#4287,#931);
#666=LINE('',#4289,#932);
#667=LINE('',#4291,#933);
#668=LINE('',#4293,#934);
#669=LINE('',#4295,#935);
#670=LINE('',#4297,#936);
#671=LINE('',#4300,#937);
#672=LINE('',#4302,#938);
#673=LINE('',#4306,#939);
#674=LINE('',#4311,#940);
#675=LINE('',#4313,#941);
#676=LINE('',#4315,#942);
#677=LINE('',#4317,#943);
#678=LINE('',#4319,#944);
#679=LINE('',#4321,#945);
#680=LINE('',#4323,#946);
#681=LINE('',#4328,#947);
#682=LINE('',#4329,#948);
#683=LINE('',#4330,#949);
#684=LINE('',#4332,#950);
#685=LINE('',#4333,#951);
#686=LINE('',#4336,#952);
#687=LINE('',#4337,#953);
#688=LINE('',#4338,#954);
#689=LINE('',#4341,#955);
#690=LINE('',#4342,#956);
#691=LINE('',#4345,#957);
#692=LINE('',#4346,#958);
#693=LINE('',#4349,#959);
#694=LINE('',#4350,#960);
#695=LINE('',#4352,#961);
#696=LINE('',#4358,#962);
#697=LINE('',#4360,#963);
#698=LINE('',#4362,#964);
#699=LINE('',#4364,#965);
#700=LINE('',#4366,#966);
#701=LINE('',#4368,#967);
#702=LINE('',#4369,#968);
#703=LINE('',#4373,#969);
#704=LINE('',#4375,#970);
#705=LINE('',#4379,#971);
#706=LINE('',#4381,#972);
#707=LINE('',#4383,#973);
#708=LINE('',#4385,#974);
#709=LINE('',#4386,#975);
#710=LINE('',#4388,#976);
#711=LINE('',#4389,#977);
#712=LINE('',#4391,#978);
#713=LINE('',#4393,#979);
#714=LINE('',#4395,#980);
#715=LINE('',#4397,#981);
#716=LINE('',#4399,#982);
#717=LINE('',#4401,#983);
#718=LINE('',#5173,#984);
#719=LINE('',#5176,#985);
#720=LINE('',#5179,#986);
#721=LINE('',#5180,#987);
#722=LINE('',#5183,#988);
#723=LINE('',#5187,#989);
#724=LINE('',#5188,#990);
#725=LINE('',#5191,#991);
#726=LINE('',#5195,#992);
#727=LINE('',#5196,#993);
#728=LINE('',#5199,#994);
#729=LINE('',#5203,#995);
#730=LINE('',#5204,#996);
#731=LINE('',#5207,#997);
#732=LINE('',#5211,#998);
#733=LINE('',#5212,#999);
#734=LINE('',#5215,#1000);
#735=LINE('',#5219,#1001);
#736=LINE('',#5220,#1002);
#737=LINE('',#5223,#1003);
#738=LINE('',#5227,#1004);
#739=LINE('',#5228,#1005);
#740=LINE('',#5231,#1006);
#741=LINE('',#5235,#1007);
#742=LINE('',#5236,#1008);
#743=LINE('',#5239,#1009);
#744=LINE('',#5243,#1010);
#745=LINE('',#5246,#1011);
#746=LINE('',#5249,#1012);
#747=LINE('',#5250,#1013);
#748=LINE('',#5253,#1014);
#749=LINE('',#5257,#1015);
#750=LINE('',#5258,#1016);
#751=LINE('',#5261,#1017);
#752=LINE('',#5265,#1018);
#753=LINE('',#5266,#1019);
#754=LINE('',#5269,#1020);
#755=LINE('',#5273,#1021);
#756=LINE('',#5274,#1022);
#757=LINE('',#5277,#1023);
#758=LINE('',#5281,#1024);
#759=LINE('',#5282,#1025);
#760=LINE('',#5285,#1026);
#761=LINE('',#5289,#1027);
#762=LINE('',#5290,#1028);
#763=LINE('',#5293,#1029);
#764=LINE('',#5297,#1030);
#765=LINE('',#5298,#1031);
#766=LINE('',#5301,#1032);
#767=LINE('',#5305,#1033);
#768=LINE('',#5306,#1034);
#769=LINE('',#5309,#1035);
#770=LINE('',#5313,#1036);
#771=LINE('',#5314,#1037);
#772=LINE('',#5315,#1038);
#773=LINE('',#5318,#1039);
#774=LINE('',#5319,#1040);
#775=LINE('',#5320,#1041);
#776=LINE('',#5323,#1042);
#777=LINE('',#5347,#1043);
#778=LINE('',#5351,#1044);
#779=LINE('',#5355,#1045);
#780=LINE('',#5359,#1046);
#781=LINE('',#5363,#1047);
#782=LINE('',#5367,#1048);
#783=LINE('',#5371,#1049);
#784=LINE('',#5374,#1050);
#785=LINE('',#5376,#1051);
#786=LINE('',#5380,#1052);
#787=LINE('',#5384,#1053);
#788=LINE('',#5388,#1054);
#789=LINE('',#5392,#1055);
#790=LINE('',#5396,#1056);
#791=LINE('',#5400,#1057);
#792=LINE('',#5403,#1058);
#793=LINE('',#5405,#1059);
#794=LINE('',#5406,#1060);
#795=LINE('',#5409,#1061);
#796=LINE('',#5410,#1062);
#797=LINE('',#5412,#1063);
#798=LINE('',#5414,#1064);
#799=LINE('',#5416,#1065);
#800=LINE('',#5418,#1066);
#801=LINE('',#5420,#1067);
#802=LINE('',#5421,#1068);
#803=LINE('',#5424,#1069);
#804=LINE('',#5425,#1070);
#805=LINE('',#5427,#1071);
#806=LINE('',#5429,#1072);
#807=LINE('',#5432,#1073);
#808=LINE('',#5434,#1074);
#809=LINE('',#5436,#1075);
#810=LINE('',#5438,#1076);
#811=LINE('',#5440,#1077);
#812=LINE('',#5442,#1078);
#813=LINE('',#5443,#1079);
#814=LINE('',#5446,#1080);
#815=LINE('',#5447,#1081);
#816=LINE('',#5449,#1082);
#817=LINE('',#5451,#1083);
#818=LINE('',#5453,#1084);
#819=LINE('',#5455,#1085);
#820=LINE('',#5457,#1086);
#821=LINE('',#5458,#1087);
#822=LINE('',#5465,#1088);
#823=VECTOR('',#3199,10.);
#824=VECTOR('',#3202,10.);
#825=VECTOR('',#3203,10.);
#826=VECTOR('',#3204,10.);
#827=VECTOR('',#3207,10.);
#828=VECTOR('',#3208,10.);
#829=VECTOR('',#3213,10.);
#830=VECTOR('',#3214,10.);
#831=VECTOR('',#3215,10.);
#832=VECTOR('',#3218,10.);
#833=VECTOR('',#3221,10.);
#834=VECTOR('',#3224,10.);
#835=VECTOR('',#3229,10.);
#836=VECTOR('',#3230,10.);
#837=VECTOR('',#3231,10.);
#838=VECTOR('',#3232,10.);
#839=VECTOR('',#3233,10.);
#840=VECTOR('',#3234,10.);
#841=VECTOR('',#3235,10.);
#842=VECTOR('',#3238,10.);
#843=VECTOR('',#3239,10.);
#844=VECTOR('',#3242,10.);
#845=VECTOR('',#3245,10.);
#846=VECTOR('',#3248,10.);
#847=VECTOR('',#3253,10.);
#848=VECTOR('',#3254,10.);
#849=VECTOR('',#3255,10.);
#850=VECTOR('',#3256,10.);
#851=VECTOR('',#3257,10.);
#852=VECTOR('',#3258,10.);
#853=VECTOR('',#3261,10.);
#854=VECTOR('',#3264,10.);
#855=VECTOR('',#3275,10.);
#856=VECTOR('',#3276,10.);
#857=VECTOR('',#3277,10.);
#858=VECTOR('',#3288,10.);
#859=VECTOR('',#3291,10.);
#860=VECTOR('',#3296,10.);
#861=VECTOR('',#3297,10.);
#862=VECTOR('',#3300,10.);
#863=VECTOR('',#3301,10.);
#864=VECTOR('',#3304,10.);
#865=VECTOR('',#3309,10.);
#866=VECTOR('',#3314,10.);
#867=VECTOR('',#3315,10.);
#868=VECTOR('',#3320,10.);
#869=VECTOR('',#3323,10.);
#870=VECTOR('',#3330,3.35);
#871=VECTOR('',#3333,10.);
#872=VECTOR('',#3334,10.);
#873=VECTOR('',#3335,10.);
#874=VECTOR('',#3336,10.);
#875=VECTOR('',#3343,10.);
#876=VECTOR('',#3344,10.);
#877=VECTOR('',#3347,10.);
#878=VECTOR('',#3348,10.);
#879=VECTOR('',#3349,10.);
#880=VECTOR('',#3358,10.);
#881=VECTOR('',#3359,10.);
#882=VECTOR('',#3360,10.);
#883=VECTOR('',#3363,10.);
#884=VECTOR('',#3364,10.);
#885=VECTOR('',#3365,10.);
#886=VECTOR('',#3368,10.);
#887=VECTOR('',#3369,10.);
#888=VECTOR('',#3370,10.);
#889=VECTOR('',#3375,10.);
#890=VECTOR('',#3378,0.6);
#891=VECTOR('',#3381,10.);
#892=VECTOR('',#3386,10.);
#893=VECTOR('',#3387,10.);
#894=VECTOR('',#3390,10.);
#895=VECTOR('',#3391,10.);
#896=VECTOR('',#3392,10.);
#897=VECTOR('',#3393,10.);
#898=VECTOR('',#3396,10.);
#899=VECTOR('',#3401,0.600000000000001);
#900=VECTOR('',#3406,0.6);
#901=VECTOR('',#3413,10.);
#902=VECTOR('',#3414,10.);
#903=VECTOR('',#3415,10.);
#904=VECTOR('',#3422,10.);
#905=VECTOR('',#3425,10.);
#906=VECTOR('',#3426,10.);
#907=VECTOR('',#3429,10.);
#908=VECTOR('',#3430,10.);
#909=VECTOR('',#3433,10.);
#910=VECTOR('',#3436,10.);
#911=VECTOR('',#3443,10.);
#912=VECTOR('',#3444,10.);
#913=VECTOR('',#3447,10.);
#914=VECTOR('',#3448,10.);
#915=VECTOR('',#3457,10.);
#916=VECTOR('',#3458,10.);
#917=VECTOR('',#3459,10.);
#918=VECTOR('',#3460,10.);
#919=VECTOR('',#3461,10.);
#920=VECTOR('',#3462,10.);
#921=VECTOR('',#3463,10.);
#922=VECTOR('',#3466,10.);
#923=VECTOR('',#3467,10.);
#924=VECTOR('',#3470,10.);
#925=VECTOR('',#3471,10.);
#926=VECTOR('',#3472,10.);
#927=VECTOR('',#3473,10.);
#928=VECTOR('',#3474,10.);
#929=VECTOR('',#3477,10.);
#930=VECTOR('',#3478,10.);
#931=VECTOR('',#3481,10.);
#932=VECTOR('',#3484,10.);
#933=VECTOR('',#3487,10.);
#934=VECTOR('',#3490,10.);
#935=VECTOR('',#3493,10.);
#936=VECTOR('',#3496,10.);
#937=VECTOR('',#3501,8.2);
#938=VECTOR('',#3502,10.);
#939=VECTOR('',#3507,10.);
#940=VECTOR('',#3512,10.);
#941=VECTOR('',#3513,10.);
#942=VECTOR('',#3514,10.);
#943=VECTOR('',#3515,10.);
#944=VECTOR('',#3516,10.);
#945=VECTOR('',#3517,10.);
#946=VECTOR('',#3518,10.);
#947=VECTOR('',#3523,10.);
#948=VECTOR('',#3524,10.);
#949=VECTOR('',#3525,10.);
#950=VECTOR('',#3528,10.);
#951=VECTOR('',#3529,10.);
#952=VECTOR('',#3532,10.);
#953=VECTOR('',#3533,10.);
#954=VECTOR('',#3534,10.);
#955=VECTOR('',#3537,10.);
#956=VECTOR('',#3538,10.);
#957=VECTOR('',#3541,10.);
#958=VECTOR('',#3542,10.);
#959=VECTOR('',#3545,10.);
#960=VECTOR('',#3546,10.);
#961=VECTOR('',#3549,10.);
#962=VECTOR('',#3558,10.);
#963=VECTOR('',#3559,10.);
#964=VECTOR('',#3560,10.);
#965=VECTOR('',#3561,10.);
#966=VECTOR('',#3562,10.);
#967=VECTOR('',#3563,10.);
#968=VECTOR('',#3564,10.);
#969=VECTOR('',#3567,10.);
#970=VECTOR('',#3568,10.);
#971=VECTOR('',#3571,10.);
#972=VECTOR('',#3572,10.);
#973=VECTOR('',#3573,10.);
#974=VECTOR('',#3574,10.);
#975=VECTOR('',#3575,10.);
#976=VECTOR('',#3578,10.);
#977=VECTOR('',#3579,10.);
#978=VECTOR('',#3582,10.);
#979=VECTOR('',#3585,10.);
#980=VECTOR('',#3588,10.);
#981=VECTOR('',#3591,10.);
#982=VECTOR('',#3594,10.);
#983=VECTOR('',#3597,10.);
#984=VECTOR('',#3616,10.);
#985=VECTOR('',#3619,10.);
#986=VECTOR('',#3622,10.);
#987=VECTOR('',#3623,10.);
#988=VECTOR('',#3626,10.);
#989=VECTOR('',#3631,10.);
#990=VECTOR('',#3632,10.);
#991=VECTOR('',#3635,10.);
#992=VECTOR('',#3640,10.);
#993=VECTOR('',#3641,10.);
#994=VECTOR('',#3644,10.);
#995=VECTOR('',#3649,10.);
#996=VECTOR('',#3650,10.);
#997=VECTOR('',#3653,10.);
#998=VECTOR('',#3658,10.);
#999=VECTOR('',#3659,10.);
#1000=VECTOR('',#3662,10.);
#1001=VECTOR('',#3667,10.);
#1002=VECTOR('',#3668,10.);
#1003=VECTOR('',#3671,10.);
#1004=VECTOR('',#3676,10.);
#1005=VECTOR('',#3677,10.);
#1006=VECTOR('',#3680,10.);
#1007=VECTOR('',#3685,0.1);
#1008=VECTOR('',#3686,10.);
#1009=VECTOR('',#3689,10.);
#1010=VECTOR('',#3694,0.1);
#1011=VECTOR('',#3697,0.1);
#1012=VECTOR('',#3700,10.);
#1013=VECTOR('',#3701,10.);
#1014=VECTOR('',#3704,10.);
#1015=VECTOR('',#3709,10.);
#1016=VECTOR('',#3710,10.);
#1017=VECTOR('',#3713,10.);
#1018=VECTOR('',#3718,10.);
#1019=VECTOR('',#3719,10.);
#1020=VECTOR('',#3722,10.);
#1021=VECTOR('',#3727,10.);
#1022=VECTOR('',#3728,10.);
#1023=VECTOR('',#3731,10.);
#1024=VECTOR('',#3736,10.);
#1025=VECTOR('',#3737,10.);
#1026=VECTOR('',#3740,10.);
#1027=VECTOR('',#3745,10.);
#1028=VECTOR('',#3746,10.);
#1029=VECTOR('',#3749,10.);
#1030=VECTOR('',#3754,10.);
#1031=VECTOR('',#3755,10.);
#1032=VECTOR('',#3758,10.);
#1033=VECTOR('',#3763,10.);
#1034=VECTOR('',#3764,10.);
#1035=VECTOR('',#3767,10.);
#1036=VECTOR('',#3772,10.);
#1037=VECTOR('',#3773,10.);
#1038=VECTOR('',#3774,10.);
#1039=VECTOR('',#3777,10.);
#1040=VECTOR('',#3778,10.);
#1041=VECTOR('',#3779,10.);
#1042=VECTOR('',#3782,10.);
#1043=VECTOR('',#3809,10.);
#1044=VECTOR('',#3812,10.);
#1045=VECTOR('',#3815,10.);
#1046=VECTOR('',#3818,10.);
#1047=VECTOR('',#3821,10.);
#1048=VECTOR('',#3824,10.);
#1049=VECTOR('',#3827,10.);
#1050=VECTOR('',#3830,10.);
#1051=VECTOR('',#3831,10.);
#1052=VECTOR('',#3834,10.);
#1053=VECTOR('',#3837,10.);
#1054=VECTOR('',#3840,10.);
#1055=VECTOR('',#3843,10.);
#1056=VECTOR('',#3846,10.);
#1057=VECTOR('',#3849,10.);
#1058=VECTOR('',#3852,10.);
#1059=VECTOR('',#3855,10.);
#1060=VECTOR('',#3856,10.);
#1061=VECTOR('',#3861,10.);
#1062=VECTOR('',#3862,10.);
#1063=VECTOR('',#3865,10.);
#1064=VECTOR('',#3868,10.);
#1065=VECTOR('',#3871,10.);
#1066=VECTOR('',#3874,10.);
#1067=VECTOR('',#3877,10.);
#1068=VECTOR('',#3878,10.);
#1069=VECTOR('',#3883,10.);
#1070=VECTOR('',#3884,10.);
#1071=VECTOR('',#3887,10.);
#1072=VECTOR('',#3890,10.);
#1073=VECTOR('',#3895,0.1);
#1074=VECTOR('',#3898,10.);
#1075=VECTOR('',#3901,10.);
#1076=VECTOR('',#3904,0.1);
#1077=VECTOR('',#3907,0.1);
#1078=VECTOR('',#3910,10.);
#1079=VECTOR('',#3911,10.);
#1080=VECTOR('',#3916,0.1);
#1081=VECTOR('',#3917,0.1);
#1082=VECTOR('',#3920,10.);
#1083=VECTOR('',#3923,10.);
#1084=VECTOR('',#3926,0.1);
#1085=VECTOR('',#3929,0.1);
#1086=VECTOR('',#3932,10.);
#1087=VECTOR('',#3933,10.);
#1088=VECTOR('',#3946,2.9);
#1089=VERTEX_POINT('',#3954);
#1090=VERTEX_POINT('',#3955);
#1091=VERTEX_POINT('',#3957);
#1092=VERTEX_POINT('',#3959);
#1093=VERTEX_POINT('',#3961);
#1094=VERTEX_POINT('',#3963);
#1095=VERTEX_POINT('',#3965);
#1096=VERTEX_POINT('',#3967);
#1097=VERTEX_POINT('',#3970);
#1098=VERTEX_POINT('',#3973);
#1099=VERTEX_POINT('',#3974);
#1100=VERTEX_POINT('',#3979);
#1101=VERTEX_POINT('',#3980);
#1102=VERTEX_POINT('',#3982);
#1103=VERTEX_POINT('',#3985);
#1104=VERTEX_POINT('',#3987);
#1105=VERTEX_POINT('',#3991);
#1106=VERTEX_POINT('',#3992);
#1107=VERTEX_POINT('',#3994);
#1108=VERTEX_POINT('',#3996);
#1109=VERTEX_POINT('',#3999);
#1110=VERTEX_POINT('',#4001);
#1111=VERTEX_POINT('',#4005);
#1112=VERTEX_POINT('',#4009);
#1113=VERTEX_POINT('',#4010);
#1114=VERTEX_POINT('',#4012);
#1115=VERTEX_POINT('',#4015);
#1116=VERTEX_POINT('',#4017);
#1117=VERTEX_POINT('',#4021);
#1118=VERTEX_POINT('',#4022);
#1119=VERTEX_POINT('',#4024);
#1120=VERTEX_POINT('',#4027);
#1121=VERTEX_POINT('',#4029);
#1122=VERTEX_POINT('',#4035);
#1123=VERTEX_POINT('',#4041);
#1124=VERTEX_POINT('',#4043);
#1125=VERTEX_POINT('',#4045);
#1126=VERTEX_POINT('',#4047);
#1127=VERTEX_POINT('',#4050);
#1128=VERTEX_POINT('',#4052);
#1129=VERTEX_POINT('',#4054);
#1130=VERTEX_POINT('',#4059);
#1131=VERTEX_POINT('',#4063);
#1132=VERTEX_POINT('',#4067);
#1133=VERTEX_POINT('',#4071);
#1134=VERTEX_POINT('',#4075);
#1135=VERTEX_POINT('',#4079);
#1136=VERTEX_POINT('',#4081);
#1137=VERTEX_POINT('',#4089);
#1138=VERTEX_POINT('',#4094);
#1139=VERTEX_POINT('',#4095);
#1140=VERTEX_POINT('',#4106);
#1141=VERTEX_POINT('',#4111);
#1142=VERTEX_POINT('',#4113);
#1143=VERTEX_POINT('',#4115);
#1144=VERTEX_POINT('',#4119);
#1145=VERTEX_POINT('',#4120);
#1146=VERTEX_POINT('',#4123);
#1147=VERTEX_POINT('',#4127);
#1148=VERTEX_POINT('',#4128);
#1149=VERTEX_POINT('',#4130);
#1150=VERTEX_POINT('',#4132);
#1151=VERTEX_POINT('',#4134);
#1152=VERTEX_POINT('',#4136);
#1153=VERTEX_POINT('',#4138);
#1154=VERTEX_POINT('',#4140);
#1155=VERTEX_POINT('',#4142);
#1156=VERTEX_POINT('',#4144);
#1157=VERTEX_POINT('',#4146);
#1158=VERTEX_POINT('',#4148);
#1159=VERTEX_POINT('',#4150);
#1160=VERTEX_POINT('',#4152);
#1161=VERTEX_POINT('',#4154);
#1162=VERTEX_POINT('',#4156);
#1163=VERTEX_POINT('',#4158);
#1164=VERTEX_POINT('',#4160);
#1165=VERTEX_POINT('',#4162);
#1166=VERTEX_POINT('',#4166);
#1167=VERTEX_POINT('',#4167);
#1168=VERTEX_POINT('',#4169);
#1169=VERTEX_POINT('',#4172);
#1170=VERTEX_POINT('',#4174);
#1171=VERTEX_POINT('',#4188);
#1172=VERTEX_POINT('',#4192);
#1173=VERTEX_POINT('',#4198);
#1174=VERTEX_POINT('',#4199);
#1175=VERTEX_POINT('',#4201);
#1176=VERTEX_POINT('',#4203);
#1177=VERTEX_POINT('',#4208);
#1178=VERTEX_POINT('',#4209);
#1179=VERTEX_POINT('',#4211);
#1180=VERTEX_POINT('',#4213);
#1181=VERTEX_POINT('',#4225);
#1182=VERTEX_POINT('',#4227);
#1183=VERTEX_POINT('',#4231);
#1184=VERTEX_POINT('',#4232);
#1185=VERTEX_POINT('',#4253);
#1186=VERTEX_POINT('',#4255);
#1187=VERTEX_POINT('',#4257);
#1188=VERTEX_POINT('',#4259);
#1189=VERTEX_POINT('',#4261);
#1190=VERTEX_POINT('',#4263);
#1191=VERTEX_POINT('',#4267);
#1192=VERTEX_POINT('',#4268);
#1193=VERTEX_POINT('',#4270);
#1194=VERTEX_POINT('',#4272);
#1195=VERTEX_POINT('',#4274);
#1196=VERTEX_POINT('',#4276);
#1197=VERTEX_POINT('',#4278);
#1198=VERTEX_POINT('',#4280);
#1199=VERTEX_POINT('',#4301);
#1200=VERTEX_POINT('',#4304);
#1201=VERTEX_POINT('',#4308);
#1202=VERTEX_POINT('',#4310);
#1203=VERTEX_POINT('',#4312);
#1204=VERTEX_POINT('',#4314);
#1205=VERTEX_POINT('',#4316);
#1206=VERTEX_POINT('',#4318);
#1207=VERTEX_POINT('',#4320);
#1208=VERTEX_POINT('',#4322);
#1209=VERTEX_POINT('',#4326);
#1210=VERTEX_POINT('',#4327);
#1211=VERTEX_POINT('',#4335);
#1212=VERTEX_POINT('',#4340);
#1213=VERTEX_POINT('',#4344);
#1214=VERTEX_POINT('',#4348);
#1215=VERTEX_POINT('',#4357);
#1216=VERTEX_POINT('',#4359);
#1217=VERTEX_POINT('',#4361);
#1218=VERTEX_POINT('',#4363);
#1219=VERTEX_POINT('',#4365);
#1220=VERTEX_POINT('',#4367);
#1221=VERTEX_POINT('',#4371);
#1222=VERTEX_POINT('',#4372);
#1223=VERTEX_POINT('',#4374);
#1224=VERTEX_POINT('',#4376);
#1225=VERTEX_POINT('',#4378);
#1226=VERTEX_POINT('',#4380);
#1227=VERTEX_POINT('',#4382);
#1228=VERTEX_POINT('',#4384);
#1229=VERTEX_POINT('',#4405);
#1230=VERTEX_POINT('',#4408);
#1231=VERTEX_POINT('',#4409);
#1232=VERTEX_POINT('',#4413);
#1233=VERTEX_POINT('',#4415);
#1234=VERTEX_POINT('',#4419);
#1235=VERTEX_POINT('',#4430);
#1236=VERTEX_POINT('',#4434);
#1237=VERTEX_POINT('',#4453);
#1238=VERTEX_POINT('',#4457);
#1239=VERTEX_POINT('',#4476);
#1240=VERTEX_POINT('',#4480);
#1241=VERTEX_POINT('',#4499);
#1242=VERTEX_POINT('',#4503);
#1243=VERTEX_POINT('',#4522);
#1244=VERTEX_POINT('',#4526);
#1245=VERTEX_POINT('',#4545);
#1246=VERTEX_POINT('',#4549);
#1247=VERTEX_POINT('',#4568);
#1248=VERTEX_POINT('',#4572);
#1249=VERTEX_POINT('',#4591);
#1250=VERTEX_POINT('',#4595);
#1251=VERTEX_POINT('',#4614);
#1252=VERTEX_POINT('',#4618);
#1253=VERTEX_POINT('',#4637);
#1254=VERTEX_POINT('',#4641);
#1255=VERTEX_POINT('',#4660);
#1256=VERTEX_POINT('',#4664);
#1257=VERTEX_POINT('',#4683);
#1258=VERTEX_POINT('',#4687);
#1259=VERTEX_POINT('',#4706);
#1260=VERTEX_POINT('',#4710);
#1261=VERTEX_POINT('',#4729);
#1262=VERTEX_POINT('',#4733);
#1263=VERTEX_POINT('',#4752);
#1264=VERTEX_POINT('',#4756);
#1265=VERTEX_POINT('',#4775);
#1266=VERTEX_POINT('',#4790);
#1267=VERTEX_POINT('',#4791);
#1268=VERTEX_POINT('',#4795);
#1269=VERTEX_POINT('',#4797);
#1270=VERTEX_POINT('',#4801);
#1271=VERTEX_POINT('',#4812);
#1272=VERTEX_POINT('',#4816);
#1273=VERTEX_POINT('',#4835);
#1274=VERTEX_POINT('',#4839);
#1275=VERTEX_POINT('',#4858);
#1276=VERTEX_POINT('',#4862);
#1277=VERTEX_POINT('',#4881);
#1278=VERTEX_POINT('',#4885);
#1279=VERTEX_POINT('',#4904);
#1280=VERTEX_POINT('',#4908);
#1281=VERTEX_POINT('',#4927);
#1282=VERTEX_POINT('',#4931);
#1283=VERTEX_POINT('',#4950);
#1284=VERTEX_POINT('',#4954);
#1285=VERTEX_POINT('',#4973);
#1286=VERTEX_POINT('',#4977);
#1287=VERTEX_POINT('',#4996);
#1288=VERTEX_POINT('',#5000);
#1289=VERTEX_POINT('',#5019);
#1290=VERTEX_POINT('',#5023);
#1291=VERTEX_POINT('',#5042);
#1292=VERTEX_POINT('',#5046);
#1293=VERTEX_POINT('',#5065);
#1294=VERTEX_POINT('',#5069);
#1295=VERTEX_POINT('',#5088);
#1296=VERTEX_POINT('',#5092);
#1297=VERTEX_POINT('',#5111);
#1298=VERTEX_POINT('',#5115);
#1299=VERTEX_POINT('',#5134);
#1300=VERTEX_POINT('',#5138);
#1301=VERTEX_POINT('',#5157);
#1302=VERTEX_POINT('',#5172);
#1303=VERTEX_POINT('',#5174);
#1304=VERTEX_POINT('',#5178);
#1305=VERTEX_POINT('',#5182);
#1306=VERTEX_POINT('',#5186);
#1307=VERTEX_POINT('',#5190);
#1308=VERTEX_POINT('',#5194);
#1309=VERTEX_POINT('',#5198);
#1310=VERTEX_POINT('',#5202);
#1311=VERTEX_POINT('',#5206);
#1312=VERTEX_POINT('',#5210);
#1313=VERTEX_POINT('',#5214);
#1314=VERTEX_POINT('',#5218);
#1315=VERTEX_POINT('',#5222);
#1316=VERTEX_POINT('',#5226);
#1317=VERTEX_POINT('',#5230);
#1318=VERTEX_POINT('',#5234);
#1319=VERTEX_POINT('',#5238);
#1320=VERTEX_POINT('',#5242);
#1321=VERTEX_POINT('',#5244);
#1322=VERTEX_POINT('',#5248);
#1323=VERTEX_POINT('',#5252);
#1324=VERTEX_POINT('',#5256);
#1325=VERTEX_POINT('',#5260);
#1326=VERTEX_POINT('',#5264);
#1327=VERTEX_POINT('',#5268);
#1328=VERTEX_POINT('',#5272);
#1329=VERTEX_POINT('',#5276);
#1330=VERTEX_POINT('',#5280);
#1331=VERTEX_POINT('',#5284);
#1332=VERTEX_POINT('',#5288);
#1333=VERTEX_POINT('',#5292);
#1334=VERTEX_POINT('',#5296);
#1335=VERTEX_POINT('',#5300);
#1336=VERTEX_POINT('',#5304);
#1337=VERTEX_POINT('',#5308);
#1338=VERTEX_POINT('',#5312);
#1339=VERTEX_POINT('',#5317);
#1340=VERTEX_POINT('',#5322);
#1341=VERTEX_POINT('',#5328);
#1342=VERTEX_POINT('',#5329);
#1343=VERTEX_POINT('',#5331);
#1344=VERTEX_POINT('',#5333);
#1345=VERTEX_POINT('',#5335);
#1346=VERTEX_POINT('',#5337);
#1347=VERTEX_POINT('',#5339);
#1348=VERTEX_POINT('',#5341);
#1349=VERTEX_POINT('',#5344);
#1350=VERTEX_POINT('',#5346);
#1351=VERTEX_POINT('',#5348);
#1352=VERTEX_POINT('',#5350);
#1353=VERTEX_POINT('',#5352);
#1354=VERTEX_POINT('',#5354);
#1355=VERTEX_POINT('',#5356);
#1356=VERTEX_POINT('',#5358);
#1357=VERTEX_POINT('',#5360);
#1358=VERTEX_POINT('',#5362);
#1359=VERTEX_POINT('',#5364);
#1360=VERTEX_POINT('',#5366);
#1361=VERTEX_POINT('',#5368);
#1362=VERTEX_POINT('',#5370);
#1363=VERTEX_POINT('',#5372);
#1364=VERTEX_POINT('',#5375);
#1365=VERTEX_POINT('',#5377);
#1366=VERTEX_POINT('',#5379);
#1367=VERTEX_POINT('',#5381);
#1368=VERTEX_POINT('',#5383);
#1369=VERTEX_POINT('',#5385);
#1370=VERTEX_POINT('',#5387);
#1371=VERTEX_POINT('',#5389);
#1372=VERTEX_POINT('',#5391);
#1373=VERTEX_POINT('',#5393);
#1374=VERTEX_POINT('',#5395);
#1375=VERTEX_POINT('',#5397);
#1376=VERTEX_POINT('',#5399);
#1377=VERTEX_POINT('',#5401);
#1378=EDGE_CURVE('',#1089,#1090,#557,.T.);
#1379=EDGE_CURVE('',#1090,#1091,#465,.T.);
#1380=EDGE_CURVE('',#1091,#1092,#558,.T.);
#1381=EDGE_CURVE('',#1092,#1093,#559,.T.);
#1382=EDGE_CURVE('',#1093,#1094,#560,.T.);
#1383=EDGE_CURVE('',#1094,#1095,#466,.T.);
#1384=EDGE_CURVE('',#1095,#1096,#561,.T.);
#1385=EDGE_CURVE('',#1096,#1089,#562,.T.);
#1386=EDGE_CURVE('',#1097,#1097,#467,.T.);
#1387=EDGE_CURVE('',#1098,#1099,#563,.T.);
#1388=EDGE_CURVE('',#1099,#1090,#564,.T.);
#1389=EDGE_CURVE('',#1098,#1089,#565,.T.);
#1390=EDGE_CURVE('',#1100,#1101,#566,.T.);
#1391=EDGE_CURVE('',#1101,#1102,#468,.T.);
#1392=EDGE_CURVE('',#1102,#1091,#567,.T.);
#1393=EDGE_CURVE('',#1099,#1103,#469,.T.);
#1394=EDGE_CURVE('',#1103,#1104,#568,.T.);
#1395=EDGE_CURVE('',#1104,#1100,#470,.T.);
#1396=EDGE_CURVE('',#1105,#1106,#569,.T.);
#1397=EDGE_CURVE('',#1105,#1107,#570,.T.);
#1398=EDGE_CURVE('',#1108,#1107,#571,.T.);
#1399=EDGE_CURVE('',#1108,#1093,#572,.T.);
#1400=EDGE_CURVE('',#1109,#1092,#573,.T.);
#1401=EDGE_CURVE('',#1110,#1109,#574,.T.);
#1402=EDGE_CURVE('',#1106,#1110,#575,.T.);
#1403=EDGE_CURVE('',#1108,#1111,#576,.T.);
#1404=EDGE_CURVE('',#1111,#1094,#577,.T.);
#1405=EDGE_CURVE('',#1112,#1113,#578,.T.);
#1406=EDGE_CURVE('',#1113,#1114,#471,.T.);
#1407=EDGE_CURVE('',#1114,#1095,#579,.T.);
#1408=EDGE_CURVE('',#1111,#1115,#472,.T.);
#1409=EDGE_CURVE('',#1115,#1116,#580,.T.);
#1410=EDGE_CURVE('',#1116,#1112,#473,.T.);
#1411=EDGE_CURVE('',#1117,#1118,#581,.T.);
#1412=EDGE_CURVE('',#1117,#1119,#582,.T.);
#1413=EDGE_CURVE('',#1098,#1119,#583,.T.);
#1414=EDGE_CURVE('',#1120,#1096,#584,.T.);
#1415=EDGE_CURVE('',#1121,#1120,#585,.T.);
#1416=EDGE_CURVE('',#1118,#1121,#586,.T.);
#1417=EDGE_CURVE('',#1114,#1120,#587,.T.);
#1418=EDGE_CURVE('',#1113,#1122,#588,.T.);
#1419=EDGE_CURVE('',#1122,#1121,#474,.T.);
#1420=EDGE_CURVE('',#1106,#1105,#475,.T.);
#1421=EDGE_CURVE('',#1123,#1118,#476,.T.);
#1422=EDGE_CURVE('',#1124,#1123,#589,.T.);
#1423=EDGE_CURVE('',#1125,#1124,#590,.T.);
#1424=EDGE_CURVE('',#1126,#1125,#591,.T.);
#1425=EDGE_CURVE('',#1117,#1126,#477,.T.);
#1426=EDGE_CURVE('',#1127,#1127,#478,.T.);
#1427=EDGE_CURVE('',#1128,#1128,#479,.T.);
#1428=EDGE_CURVE('',#1129,#1129,#480,.T.);
#1429=EDGE_CURVE('',#1102,#1109,#592,.T.);
#1430=EDGE_CURVE('',#1130,#1115,#593,.T.);
#1431=EDGE_CURVE('',#1107,#1130,#481,.T.);
#1432=EDGE_CURVE('',#1130,#1131,#594,.T.);
#1433=EDGE_CURVE('',#1116,#1131,#595,.T.);
#1434=EDGE_CURVE('',#1132,#1112,#596,.T.);
#1435=EDGE_CURVE('',#1122,#1132,#597,.T.);
#1436=EDGE_CURVE('',#1101,#1133,#598,.T.);
#1437=EDGE_CURVE('',#1133,#1110,#482,.T.);
#1438=EDGE_CURVE('',#1134,#1103,#599,.T.);
#1439=EDGE_CURVE('',#1119,#1134,#483,.T.);
#1440=EDGE_CURVE('',#1135,#1100,#600,.T.);
#1441=EDGE_CURVE('',#1104,#1136,#601,.T.);
#1442=EDGE_CURVE('',#1136,#1135,#484,.T.);
#1443=EDGE_CURVE('',#1133,#1135,#602,.T.);
#1444=EDGE_CURVE('',#1134,#1136,#603,.T.);
#1445=EDGE_CURVE('',#1137,#1137,#485,.F.);
#1446=EDGE_CURVE('',#1137,#1097,#604,.T.);
#1447=EDGE_CURVE('',#1138,#1139,#66,.T.);
#1448=EDGE_CURVE('',#1140,#1138,#67,.T.);
#1449=EDGE_CURVE('',#1141,#1140,#605,.T.);
#1450=EDGE_CURVE('',#1141,#1142,#606,.T.);
#1451=EDGE_CURVE('',#1142,#1143,#607,.T.);
#1452=EDGE_CURVE('',#1143,#1139,#608,.T.);
#1453=EDGE_CURVE('',#1144,#1145,#486,.T.);
#1454=EDGE_CURVE('',#1145,#1143,#487,.T.);
#1455=EDGE_CURVE('',#1146,#1142,#609,.T.);
#1456=EDGE_CURVE('',#1144,#1146,#610,.T.);
#1457=EDGE_CURVE('',#1147,#1148,#611,.T.);
#1458=EDGE_CURVE('',#1148,#1149,#612,.T.);
#1459=EDGE_CURVE('',#1149,#1150,#613,.T.);
#1460=EDGE_CURVE('',#1150,#1151,#488,.T.);
#1461=EDGE_CURVE('',#1152,#1151,#489,.T.);
#1462=EDGE_CURVE('',#1153,#1152,#490,.T.);
#1463=EDGE_CURVE('',#1153,#1154,#491,.T.);
#1464=EDGE_CURVE('',#1154,#1155,#614,.T.);
#1465=EDGE_CURVE('',#1155,#1156,#615,.T.);
#1466=EDGE_CURVE('',#1156,#1157,#616,.T.);
#1467=EDGE_CURVE('',#1157,#1158,#492,.T.);
#1468=EDGE_CURVE('',#1158,#1159,#617,.T.);
#1469=EDGE_CURVE('',#1159,#1160,#618,.T.);
#1470=EDGE_CURVE('',#1160,#1161,#619,.T.);
#1471=EDGE_CURVE('',#1162,#1161,#493,.T.);
#1472=EDGE_CURVE('',#1162,#1163,#620,.T.);
#1473=EDGE_CURVE('',#1163,#1164,#621,.T.);
#1474=EDGE_CURVE('',#1164,#1165,#622,.T.);
#1475=EDGE_CURVE('',#1165,#1147,#494,.T.);
#1476=EDGE_CURVE('',#1166,#1167,#623,.T.);
#1477=EDGE_CURVE('',#1168,#1166,#495,.T.);
#1478=EDGE_CURVE('',#1168,#1127,#624,.T.);
#1479=EDGE_CURVE('',#1169,#1168,#496,.T.);
#1480=EDGE_CURVE('',#1170,#1169,#625,.T.);
#1481=EDGE_CURVE('',#1170,#1167,#497,.T.);
#1482=EDGE_CURVE('',#1125,#1163,#626,.T.);
#1483=EDGE_CURVE('',#1126,#1162,#627,.T.);
#1484=EDGE_CURVE('',#1124,#1160,#628,.T.);
#1485=EDGE_CURVE('',#1156,#1159,#629,.T.);
#1486=EDGE_CURVE('',#1149,#1155,#630,.T.);
#1487=EDGE_CURVE('',#1164,#1148,#631,.T.);
#1488=EDGE_CURVE('',#1161,#1123,#632,.T.);
#1489=EDGE_CURVE('',#1171,#1171,#498,.T.);
#1490=EDGE_CURVE('',#1171,#1129,#633,.T.);
#1491=EDGE_CURVE('',#1172,#1172,#499,.T.);
#1492=EDGE_CURVE('',#1172,#1128,#634,.T.);
#1493=EDGE_CURVE('',#1170,#1167,#500,.T.);
#1494=EDGE_CURVE('',#1173,#1174,#635,.T.);
#1495=EDGE_CURVE('',#1174,#1175,#636,.T.);
#1496=EDGE_CURVE('',#1175,#1176,#637,.T.);
#1497=EDGE_CURVE('',#1176,#1132,#501,.T.);
#1498=EDGE_CURVE('',#1131,#1173,#502,.T.);
#1499=EDGE_CURVE('',#1177,#1178,#638,.T.);
#1500=EDGE_CURVE('',#1178,#1179,#503,.T.);
#1501=EDGE_CURVE('',#1179,#1180,#639,.T.);
#1502=EDGE_CURVE('',#1180,#1177,#640,.T.);
#1503=EDGE_CURVE('',#1175,#1180,#641,.T.);
#1504=EDGE_CURVE('',#1176,#1179,#642,.T.);
#1505=EDGE_CURVE('',#1174,#1177,#643,.T.);
#1506=EDGE_CURVE('',#1173,#1178,#644,.T.);
#1507=EDGE_CURVE('',#1181,#1140,#504,.T.);
#1508=EDGE_CURVE('',#1181,#1182,#645,.T.);
#1509=EDGE_CURVE('',#1182,#1141,#646,.T.);
#1510=EDGE_CURVE('',#1183,#1184,#68,.T.);
#1511=EDGE_CURVE('',#1183,#1144,#647,.T.);
#1512=EDGE_CURVE('',#1182,#1146,#648,.T.);
#1513=EDGE_CURVE('',#1184,#1181,#69,.T.);
#1514=EDGE_CURVE('',#1139,#1183,#505,.T.);
#1515=EDGE_CURVE('',#1185,#1159,#649,.T.);
#1516=EDGE_CURVE('',#1186,#1185,#650,.T.);
#1517=EDGE_CURVE('',#1186,#1187,#651,.T.);
#1518=EDGE_CURVE('',#1187,#1188,#652,.T.);
#1519=EDGE_CURVE('',#1188,#1189,#653,.T.);
#1520=EDGE_CURVE('',#1190,#1189,#654,.T.);
#1521=EDGE_CURVE('',#1156,#1190,#655,.T.);
#1522=EDGE_CURVE('',#1191,#1192,#656,.T.);
#1523=EDGE_CURVE('',#1192,#1193,#657,.T.);
#1524=EDGE_CURVE('',#1193,#1194,#506,.T.);
#1525=EDGE_CURVE('',#1194,#1195,#658,.T.);
#1526=EDGE_CURVE('',#1195,#1196,#659,.T.);
#1527=EDGE_CURVE('',#1196,#1197,#660,.T.);
#1528=EDGE_CURVE('',#1197,#1198,#661,.T.);
#1529=EDGE_CURVE('',#1198,#1191,#662,.T.);
#1530=EDGE_CURVE('',#1185,#1192,#663,.T.);
#1531=EDGE_CURVE('',#1186,#1191,#664,.T.);
#1532=EDGE_CURVE('',#1158,#1193,#665,.T.);
#1533=EDGE_CURVE('',#1157,#1194,#666,.T.);
#1534=EDGE_CURVE('',#1190,#1195,#667,.T.);
#1535=EDGE_CURVE('',#1189,#1196,#668,.T.);
#1536=EDGE_CURVE('',#1188,#1197,#669,.T.);
#1537=EDGE_CURVE('',#1187,#1198,#670,.T.);
#1538=EDGE_CURVE('',#1145,#1152,#671,.T.);
#1539=EDGE_CURVE('',#1151,#1199,#672,.T.);
#1540=EDGE_CURVE('',#1199,#1166,#507,.T.);
#1541=EDGE_CURVE('',#1169,#1200,#508,.T.);
#1542=EDGE_CURVE('',#1200,#1153,#673,.T.);
#1543=EDGE_CURVE('',#1199,#1201,#509,.T.);
#1544=EDGE_CURVE('',#1201,#1202,#674,.T.);
#1545=EDGE_CURVE('',#1202,#1203,#675,.T.);
#1546=EDGE_CURVE('',#1203,#1204,#676,.T.);
#1547=EDGE_CURVE('',#1204,#1205,#677,.T.);
#1548=EDGE_CURVE('',#1205,#1206,#678,.T.);
#1549=EDGE_CURVE('',#1206,#1207,#679,.T.);
#1550=EDGE_CURVE('',#1207,#1208,#680,.T.);
#1551=EDGE_CURVE('',#1208,#1200,#510,.T.);
#1552=EDGE_CURVE('',#1209,#1210,#681,.T.);
#1553=EDGE_CURVE('',#1210,#1207,#682,.T.);
#1554=EDGE_CURVE('',#1209,#1206,#683,.T.);
#1555=EDGE_CURVE('',#1210,#1155,#684,.T.);
#1556=EDGE_CURVE('',#1154,#1208,#685,.T.);
#1557=EDGE_CURVE('',#1149,#1211,#686,.T.);
#1558=EDGE_CURVE('',#1211,#1202,#687,.T.);
#1559=EDGE_CURVE('',#1150,#1201,#688,.T.);
#1560=EDGE_CURVE('',#1211,#1212,#689,.T.);
#1561=EDGE_CURVE('',#1212,#1203,#690,.T.);
#1562=EDGE_CURVE('',#1213,#1212,#691,.T.);
#1563=EDGE_CURVE('',#1213,#1204,#692,.T.);
#1564=EDGE_CURVE('',#1214,#1213,#693,.T.);
#1565=EDGE_CURVE('',#1214,#1205,#694,.T.);
#1566=EDGE_CURVE('',#1209,#1214,#695,.T.);
#1567=EDGE_CURVE('',#1215,#1148,#696,.T.);
#1568=EDGE_CURVE('',#1216,#1215,#697,.T.);
#1569=EDGE_CURVE('',#1216,#1217,#698,.T.);
#1570=EDGE_CURVE('',#1217,#1218,#699,.T.);
#1571=EDGE_CURVE('',#1218,#1219,#700,.T.);
#1572=EDGE_CURVE('',#1220,#1219,#701,.T.);
#1573=EDGE_CURVE('',#1164,#1220,#702,.T.);
#1574=EDGE_CURVE('',#1221,#1222,#703,.T.);
#1575=EDGE_CURVE('',#1222,#1223,#704,.T.);
#1576=EDGE_CURVE('',#1223,#1224,#511,.T.);
#1577=EDGE_CURVE('',#1224,#1225,#705,.T.);
#1578=EDGE_CURVE('',#1225,#1226,#706,.T.);
#1579=EDGE_CURVE('',#1226,#1227,#707,.T.);
#1580=EDGE_CURVE('',#1227,#1228,#708,.T.);
#1581=EDGE_CURVE('',#1228,#1221,#709,.T.);
#1582=EDGE_CURVE('',#1215,#1222,#710,.T.);
#1583=EDGE_CURVE('',#1216,#1221,#711,.T.);
#1584=EDGE_CURVE('',#1147,#1223,#712,.T.);
#1585=EDGE_CURVE('',#1165,#1224,#713,.T.);
#1586=EDGE_CURVE('',#1220,#1225,#714,.T.);
#1587=EDGE_CURVE('',#1219,#1226,#715,.T.);
#1588=EDGE_CURVE('',#1218,#1227,#716,.T.);
#1589=EDGE_CURVE('',#1217,#1228,#717,.T.);
#1590=EDGE_CURVE('',#1229,#1229,#512,.T.);
#1591=EDGE_CURVE('',#1230,#1231,#19,.T.);
#1592=EDGE_CURVE('',#1232,#1230,#513,.T.);
#1593=EDGE_CURVE('',#1233,#1232,#20,.T.);
#1594=EDGE_CURVE('',#1233,#1234,#70,.T.);
#1595=EDGE_CURVE('',#1235,#1234,#21,.T.);
#1596=EDGE_CURVE('',#1235,#1236,#71,.T.);
#1597=EDGE_CURVE('',#1237,#1236,#22,.T.);
#1598=EDGE_CURVE('',#1237,#1238,#72,.T.);
#1599=EDGE_CURVE('',#1239,#1238,#23,.T.);
#1600=EDGE_CURVE('',#1239,#1240,#73,.T.);
#1601=EDGE_CURVE('',#1241,#1240,#24,.T.);
#1602=EDGE_CURVE('',#1241,#1242,#74,.T.);
#1603=EDGE_CURVE('',#1243,#1242,#25,.T.);
#1604=EDGE_CURVE('',#1243,#1244,#75,.T.);
#1605=EDGE_CURVE('',#1245,#1244,#26,.T.);
#1606=EDGE_CURVE('',#1245,#1246,#76,.T.);
#1607=EDGE_CURVE('',#1247,#1246,#27,.T.);
#1608=EDGE_CURVE('',#1247,#1248,#77,.T.);
#1609=EDGE_CURVE('',#1249,#1248,#28,.T.);
#1610=EDGE_CURVE('',#1249,#1250,#78,.T.);
#1611=EDGE_CURVE('',#1251,#1250,#29,.T.);
#1612=EDGE_CURVE('',#1251,#1252,#79,.T.);
#1613=EDGE_CURVE('',#1253,#1252,#30,.T.);
#1614=EDGE_CURVE('',#1253,#1254,#80,.T.);
#1615=EDGE_CURVE('',#1255,#1254,#31,.T.);
#1616=EDGE_CURVE('',#1255,#1256,#81,.T.);
#1617=EDGE_CURVE('',#1257,#1256,#32,.T.);
#1618=EDGE_CURVE('',#1257,#1258,#82,.T.);
#1619=EDGE_CURVE('',#1259,#1258,#33,.T.);
#1620=EDGE_CURVE('',#1259,#1260,#83,.T.);
#1621=EDGE_CURVE('',#1261,#1260,#34,.T.);
#1622=EDGE_CURVE('',#1261,#1262,#84,.T.);
#1623=EDGE_CURVE('',#1263,#1262,#35,.T.);
#1624=EDGE_CURVE('',#1263,#1264,#85,.T.);
#1625=EDGE_CURVE('',#1265,#1264,#36,.T.);
#1626=EDGE_CURVE('',#1265,#1231,#86,.T.);
#1627=EDGE_CURVE('',#1266,#1267,#37,.T.);
#1628=EDGE_CURVE('',#1268,#1266,#514,.T.);
#1629=EDGE_CURVE('',#1269,#1268,#38,.T.);
#1630=EDGE_CURVE('',#1269,#1270,#87,.T.);
#1631=EDGE_CURVE('',#1271,#1270,#39,.T.);
#1632=EDGE_CURVE('',#1271,#1272,#88,.T.);
#1633=EDGE_CURVE('',#1273,#1272,#40,.T.);
#1634=EDGE_CURVE('',#1273,#1274,#89,.T.);
#1635=EDGE_CURVE('',#1275,#1274,#41,.T.);
#1636=EDGE_CURVE('',#1275,#1276,#90,.T.);
#1637=EDGE_CURVE('',#1277,#1276,#42,.T.);
#1638=EDGE_CURVE('',#1277,#1278,#91,.T.);
#1639=EDGE_CURVE('',#1279,#1278,#43,.T.);
#1640=EDGE_CURVE('',#1279,#1280,#92,.T.);
#1641=EDGE_CURVE('',#1281,#1280,#44,.T.);
#1642=EDGE_CURVE('',#1281,#1282,#93,.T.);
#1643=EDGE_CURVE('',#1283,#1282,#45,.T.);
#1644=EDGE_CURVE('',#1283,#1284,#94,.T.);
#1645=EDGE_CURVE('',#1285,#1284,#46,.T.);
#1646=EDGE_CURVE('',#1285,#1286,#95,.T.);
#1647=EDGE_CURVE('',#1287,#1286,#47,.T.);
#1648=EDGE_CURVE('',#1287,#1288,#96,.T.);
#1649=EDGE_CURVE('',#1289,#1288,#48,.T.);
#1650=EDGE_CURVE('',#1289,#1290,#97,.T.);
#1651=EDGE_CURVE('',#1291,#1290,#49,.T.);
#1652=EDGE_CURVE('',#1291,#1292,#98,.T.);
#1653=EDGE_CURVE('',#1293,#1292,#50,.T.);
#1654=EDGE_CURVE('',#1293,#1294,#99,.T.);
#1655=EDGE_CURVE('',#1295,#1294,#51,.T.);
#1656=EDGE_CURVE('',#1295,#1296,#100,.T.);
#1657=EDGE_CURVE('',#1297,#1296,#52,.T.);
#1658=EDGE_CURVE('',#1297,#1298,#101,.T.);
#1659=EDGE_CURVE('',#1299,#1298,#53,.T.);
#1660=EDGE_CURVE('',#1299,#1300,#102,.T.);
#1661=EDGE_CURVE('',#1301,#1300,#54,.T.);
#1662=EDGE_CURVE('',#1301,#1267,#103,.T.);
#1663=EDGE_CURVE('',#1285,#1302,#718,.T.);
#1664=EDGE_CURVE('',#1303,#1302,#515,.T.);
#1665=EDGE_CURVE('',#1303,#1286,#719,.T.);
#1666=EDGE_CURVE('',#1304,#1284,#720,.T.);
#1667=EDGE_CURVE('',#1304,#1302,#721,.T.);
#1668=EDGE_CURVE('',#1283,#1305,#722,.T.);
#1669=EDGE_CURVE('',#1304,#1305,#516,.T.);
#1670=EDGE_CURVE('',#1306,#1282,#723,.T.);
#1671=EDGE_CURVE('',#1305,#1306,#724,.T.);
#1672=EDGE_CURVE('',#1281,#1307,#725,.T.);
#1673=EDGE_CURVE('',#1307,#1306,#517,.F.);
#1674=EDGE_CURVE('',#1308,#1280,#726,.T.);
#1675=EDGE_CURVE('',#1308,#1307,#727,.T.);
#1676=EDGE_CURVE('',#1279,#1309,#728,.T.);
#1677=EDGE_CURVE('',#1308,#1309,#518,.T.);
#1678=EDGE_CURVE('',#1310,#1278,#729,.T.);
#1679=EDGE_CURVE('',#1309,#1310,#730,.T.);
#1680=EDGE_CURVE('',#1277,#1311,#731,.T.);
#1681=EDGE_CURVE('',#1310,#1311,#519,.T.);
#1682=EDGE_CURVE('',#1312,#1276,#732,.T.);
#1683=EDGE_CURVE('',#1312,#1311,#733,.T.);
#1684=EDGE_CURVE('',#1275,#1313,#734,.T.);
#1685=EDGE_CURVE('',#1312,#1313,#520,.T.);
#1686=EDGE_CURVE('',#1314,#1274,#735,.T.);
#1687=EDGE_CURVE('',#1313,#1314,#736,.T.);
#1688=EDGE_CURVE('',#1273,#1315,#737,.T.);
#1689=EDGE_CURVE('',#1315,#1314,#521,.F.);
#1690=EDGE_CURVE('',#1316,#1272,#738,.T.);
#1691=EDGE_CURVE('',#1316,#1315,#739,.T.);
#1692=EDGE_CURVE('',#1271,#1317,#740,.T.);
#1693=EDGE_CURVE('',#1316,#1317,#522,.T.);
#1694=EDGE_CURVE('',#1318,#1270,#741,.T.);
#1695=EDGE_CURVE('',#1317,#1318,#742,.T.);
#1696=EDGE_CURVE('',#1269,#1319,#743,.T.);
#1697=EDGE_CURVE('',#1319,#1318,#523,.F.);
#1698=EDGE_CURVE('',#1249,#1320,#744,.T.);
#1699=EDGE_CURVE('',#1321,#1320,#524,.T.);
#1700=EDGE_CURVE('',#1321,#1250,#745,.T.);
#1701=EDGE_CURVE('',#1322,#1248,#746,.T.);
#1702=EDGE_CURVE('',#1322,#1320,#747,.T.);
#1703=EDGE_CURVE('',#1247,#1323,#748,.T.);
#1704=EDGE_CURVE('',#1322,#1323,#525,.T.);
#1705=EDGE_CURVE('',#1324,#1246,#749,.T.);
#1706=EDGE_CURVE('',#1323,#1324,#750,.T.);
#1707=EDGE_CURVE('',#1245,#1325,#751,.T.);
#1708=EDGE_CURVE('',#1324,#1325,#526,.T.);
#1709=EDGE_CURVE('',#1326,#1244,#752,.T.);
#1710=EDGE_CURVE('',#1326,#1325,#753,.T.);
#1711=EDGE_CURVE('',#1243,#1327,#754,.T.);
#1712=EDGE_CURVE('',#1326,#1327,#527,.T.);
#1713=EDGE_CURVE('',#1328,#1242,#755,.T.);
#1714=EDGE_CURVE('',#1327,#1328,#756,.T.);
#1715=EDGE_CURVE('',#1241,#1329,#757,.T.);
#1716=EDGE_CURVE('',#1329,#1328,#528,.F.);
#1717=EDGE_CURVE('',#1330,#1240,#758,.T.);
#1718=EDGE_CURVE('',#1330,#1329,#759,.T.);
#1719=EDGE_CURVE('',#1239,#1331,#760,.T.);
#1720=EDGE_CURVE('',#1330,#1331,#529,.T.);
#1721=EDGE_CURVE('',#1332,#1238,#761,.T.);
#1722=EDGE_CURVE('',#1331,#1332,#762,.T.);
#1723=EDGE_CURVE('',#1237,#1333,#763,.T.);
#1724=EDGE_CURVE('',#1333,#1332,#530,.F.);
#1725=EDGE_CURVE('',#1334,#1236,#764,.T.);
#1726=EDGE_CURVE('',#1334,#1333,#765,.T.);
#1727=EDGE_CURVE('',#1235,#1335,#766,.T.);
#1728=EDGE_CURVE('',#1334,#1335,#531,.T.);
#1729=EDGE_CURVE('',#1336,#1234,#767,.T.);
#1730=EDGE_CURVE('',#1335,#1336,#768,.T.);
#1731=EDGE_CURVE('',#1233,#1337,#769,.T.);
#1732=EDGE_CURVE('',#1336,#1337,#532,.T.);
#1733=EDGE_CURVE('',#1338,#1231,#770,.T.);
#1734=EDGE_CURVE('',#1338,#1337,#771,.T.);
#1735=EDGE_CURVE('',#1230,#1232,#772,.T.);
#1736=EDGE_CURVE('',#1339,#1267,#773,.T.);
#1737=EDGE_CURVE('',#1339,#1319,#774,.T.);
#1738=EDGE_CURVE('',#1266,#1268,#775,.T.);
#1739=EDGE_CURVE('',#1301,#1340,#776,.T.);
#1740=EDGE_CURVE('',#1340,#1339,#533,.F.);
#1741=EDGE_CURVE('',#1341,#1342,#534,.T.);
#1742=EDGE_CURVE('',#1343,#1342,#535,.T.);
#1743=EDGE_CURVE('',#1344,#1343,#536,.T.);
#1744=EDGE_CURVE('',#1345,#1344,#537,.T.);
#1745=EDGE_CURVE('',#1346,#1345,#538,.T.);
#1746=EDGE_CURVE('',#1347,#1346,#539,.T.);
#1747=EDGE_CURVE('',#1348,#1347,#540,.T.);
#1748=EDGE_CURVE('',#1341,#1348,#541,.T.);
#1749=EDGE_CURVE('',#1349,#1338,#542,.F.);
#1750=EDGE_CURVE('',#1350,#1349,#777,.T.);
#1751=EDGE_CURVE('',#1350,#1351,#543,.T.);
#1752=EDGE_CURVE('',#1351,#1352,#778,.T.);
#1753=EDGE_CURVE('',#1353,#1352,#544,.F.);
#1754=EDGE_CURVE('',#1354,#1353,#779,.T.);
#1755=EDGE_CURVE('',#1354,#1355,#545,.T.);
#1756=EDGE_CURVE('',#1355,#1356,#780,.T.);
#1757=EDGE_CURVE('',#1357,#1356,#546,.F.);
#1758=EDGE_CURVE('',#1358,#1357,#781,.T.);
#1759=EDGE_CURVE('',#1358,#1359,#547,.T.);
#1760=EDGE_CURVE('',#1359,#1360,#782,.T.);
#1761=EDGE_CURVE('',#1361,#1360,#548,.F.);
#1762=EDGE_CURVE('',#1362,#1361,#783,.T.);
#1763=EDGE_CURVE('',#1362,#1363,#549,.T.);
#1764=EDGE_CURVE('',#1363,#1321,#784,.T.);
#1765=EDGE_CURVE('',#1364,#1340,#785,.T.);
#1766=EDGE_CURVE('',#1364,#1365,#550,.T.);
#1767=EDGE_CURVE('',#1365,#1366,#786,.T.);
#1768=EDGE_CURVE('',#1366,#1367,#551,.T.);
#1769=EDGE_CURVE('',#1368,#1367,#787,.T.);
#1770=EDGE_CURVE('',#1368,#1369,#552,.T.);
#1771=EDGE_CURVE('',#1369,#1370,#788,.T.);
#1772=EDGE_CURVE('',#1371,#1370,#553,.F.);
#1773=EDGE_CURVE('',#1372,#1371,#789,.T.);
#1774=EDGE_CURVE('',#1372,#1373,#554,.T.);
#1775=EDGE_CURVE('',#1373,#1374,#790,.T.);
#1776=EDGE_CURVE('',#1374,#1375,#555,.T.);
#1777=EDGE_CURVE('',#1376,#1375,#791,.T.);
#1778=EDGE_CURVE('',#1376,#1377,#556,.T.);
#1779=EDGE_CURVE('',#1377,#1303,#792,.T.);
#1780=EDGE_CURVE('',#1299,#1365,#793,.T.);
#1781=EDGE_CURVE('',#1364,#1300,#794,.T.);
#1782=EDGE_CURVE('',#1297,#1367,#795,.T.);
#1783=EDGE_CURVE('',#1366,#1298,#796,.T.);
#1784=EDGE_CURVE('',#1368,#1296,#797,.T.);
#1785=EDGE_CURVE('',#1295,#1369,#798,.T.);
#1786=EDGE_CURVE('',#1370,#1294,#799,.T.);
#1787=EDGE_CURVE('',#1293,#1371,#800,.T.);
#1788=EDGE_CURVE('',#1291,#1373,#801,.T.);
#1789=EDGE_CURVE('',#1372,#1292,#802,.T.);
#1790=EDGE_CURVE('',#1289,#1375,#803,.T.);
#1791=EDGE_CURVE('',#1374,#1290,#804,.T.);
#1792=EDGE_CURVE('',#1376,#1288,#805,.T.);
#1793=EDGE_CURVE('',#1287,#1377,#806,.T.);
#1794=EDGE_CURVE('',#1265,#1349,#807,.T.);
#1795=EDGE_CURVE('',#1350,#1264,#808,.T.);
#1796=EDGE_CURVE('',#1263,#1351,#809,.T.);
#1797=EDGE_CURVE('',#1352,#1262,#810,.T.);
#1798=EDGE_CURVE('',#1261,#1353,#811,.T.);
#1799=EDGE_CURVE('',#1259,#1355,#812,.T.);
#1800=EDGE_CURVE('',#1354,#1260,#813,.T.);
#1801=EDGE_CURVE('',#1257,#1357,#814,.T.);
#1802=EDGE_CURVE('',#1356,#1258,#815,.T.);
#1803=EDGE_CURVE('',#1358,#1256,#816,.T.);
#1804=EDGE_CURVE('',#1255,#1359,#817,.T.);
#1805=EDGE_CURVE('',#1360,#1254,#818,.T.);
#1806=EDGE_CURVE('',#1253,#1361,#819,.T.);
#1807=EDGE_CURVE('',#1251,#1363,#820,.T.);
#1808=EDGE_CURVE('',#1362,#1252,#821,.T.);
#1809=EDGE_CURVE('',#1348,#1229,#822,.T.);
#1810=ORIENTED_EDGE('',*,*,#1378,.T.);
#1811=ORIENTED_EDGE('',*,*,#1379,.T.);
#1812=ORIENTED_EDGE('',*,*,#1380,.T.);
#1813=ORIENTED_EDGE('',*,*,#1381,.T.);
#1814=ORIENTED_EDGE('',*,*,#1382,.T.);
#1815=ORIENTED_EDGE('',*,*,#1383,.T.);
#1816=ORIENTED_EDGE('',*,*,#1384,.T.);
#1817=ORIENTED_EDGE('',*,*,#1385,.T.);
#1818=ORIENTED_EDGE('',*,*,#1386,.T.);
#1819=ORIENTED_EDGE('',*,*,#1387,.T.);
#1820=ORIENTED_EDGE('',*,*,#1388,.T.);
#1821=ORIENTED_EDGE('',*,*,#1378,.F.);
#1822=ORIENTED_EDGE('',*,*,#1389,.F.);
#1823=ORIENTED_EDGE('',*,*,#1390,.T.);
#1824=ORIENTED_EDGE('',*,*,#1391,.T.);
#1825=ORIENTED_EDGE('',*,*,#1392,.T.);
#1826=ORIENTED_EDGE('',*,*,#1379,.F.);
#1827=ORIENTED_EDGE('',*,*,#1388,.F.);
#1828=ORIENTED_EDGE('',*,*,#1393,.T.);
#1829=ORIENTED_EDGE('',*,*,#1394,.T.);
#1830=ORIENTED_EDGE('',*,*,#1395,.T.);
#1831=ORIENTED_EDGE('',*,*,#1396,.F.);
#1832=ORIENTED_EDGE('',*,*,#1397,.T.);
#1833=ORIENTED_EDGE('',*,*,#1398,.F.);
#1834=ORIENTED_EDGE('',*,*,#1399,.T.);
#1835=ORIENTED_EDGE('',*,*,#1381,.F.);
#1836=ORIENTED_EDGE('',*,*,#1400,.F.);
#1837=ORIENTED_EDGE('',*,*,#1401,.F.);
#1838=ORIENTED_EDGE('',*,*,#1402,.F.);
#1839=ORIENTED_EDGE('',*,*,#1403,.T.);
#1840=ORIENTED_EDGE('',*,*,#1404,.T.);
#1841=ORIENTED_EDGE('',*,*,#1382,.F.);
#1842=ORIENTED_EDGE('',*,*,#1399,.F.);
#1843=ORIENTED_EDGE('',*,*,#1405,.T.);
#1844=ORIENTED_EDGE('',*,*,#1406,.T.);
#1845=ORIENTED_EDGE('',*,*,#1407,.T.);
#1846=ORIENTED_EDGE('',*,*,#1383,.F.);
#1847=ORIENTED_EDGE('',*,*,#1404,.F.);
#1848=ORIENTED_EDGE('',*,*,#1408,.T.);
#1849=ORIENTED_EDGE('',*,*,#1409,.T.);
#1850=ORIENTED_EDGE('',*,*,#1410,.T.);
#1851=ORIENTED_EDGE('',*,*,#1411,.F.);
#1852=ORIENTED_EDGE('',*,*,#1412,.T.);
#1853=ORIENTED_EDGE('',*,*,#1413,.F.);
#1854=ORIENTED_EDGE('',*,*,#1389,.T.);
#1855=ORIENTED_EDGE('',*,*,#1385,.F.);
#1856=ORIENTED_EDGE('',*,*,#1414,.F.);
#1857=ORIENTED_EDGE('',*,*,#1415,.F.);
#1858=ORIENTED_EDGE('',*,*,#1416,.F.);
#1859=ORIENTED_EDGE('',*,*,#1417,.T.);
#1860=ORIENTED_EDGE('',*,*,#1414,.T.);
#1861=ORIENTED_EDGE('',*,*,#1384,.F.);
#1862=ORIENTED_EDGE('',*,*,#1407,.F.);
#1863=ORIENTED_EDGE('',*,*,#1418,.T.);
#1864=ORIENTED_EDGE('',*,*,#1419,.T.);
#1865=ORIENTED_EDGE('',*,*,#1415,.T.);
#1866=ORIENTED_EDGE('',*,*,#1417,.F.);
#1867=ORIENTED_EDGE('',*,*,#1406,.F.);
#1868=ORIENTED_EDGE('',*,*,#1396,.T.);
#1869=ORIENTED_EDGE('',*,*,#1420,.T.);
#1870=ORIENTED_EDGE('',*,*,#1411,.T.);
#1871=ORIENTED_EDGE('',*,*,#1421,.F.);
#1872=ORIENTED_EDGE('',*,*,#1422,.F.);
#1873=ORIENTED_EDGE('',*,*,#1423,.F.);
#1874=ORIENTED_EDGE('',*,*,#1424,.F.);
#1875=ORIENTED_EDGE('',*,*,#1425,.F.);
#1876=ORIENTED_EDGE('',*,*,#1426,.T.);
#1877=ORIENTED_EDGE('',*,*,#1427,.T.);
#1878=ORIENTED_EDGE('',*,*,#1428,.T.);
#1879=ORIENTED_EDGE('',*,*,#1429,.T.);
#1880=ORIENTED_EDGE('',*,*,#1400,.T.);
#1881=ORIENTED_EDGE('',*,*,#1380,.F.);
#1882=ORIENTED_EDGE('',*,*,#1392,.F.);
#1883=ORIENTED_EDGE('',*,*,#1430,.T.);
#1884=ORIENTED_EDGE('',*,*,#1408,.F.);
#1885=ORIENTED_EDGE('',*,*,#1403,.F.);
#1886=ORIENTED_EDGE('',*,*,#1398,.T.);
#1887=ORIENTED_EDGE('',*,*,#1431,.T.);
#1888=ORIENTED_EDGE('',*,*,#1430,.F.);
#1889=ORIENTED_EDGE('',*,*,#1432,.T.);
#1890=ORIENTED_EDGE('',*,*,#1433,.F.);
#1891=ORIENTED_EDGE('',*,*,#1409,.F.);
#1892=ORIENTED_EDGE('',*,*,#1418,.F.);
#1893=ORIENTED_EDGE('',*,*,#1405,.F.);
#1894=ORIENTED_EDGE('',*,*,#1434,.F.);
#1895=ORIENTED_EDGE('',*,*,#1435,.F.);
#1896=ORIENTED_EDGE('',*,*,#1436,.T.);
#1897=ORIENTED_EDGE('',*,*,#1437,.T.);
#1898=ORIENTED_EDGE('',*,*,#1401,.T.);
#1899=ORIENTED_EDGE('',*,*,#1429,.F.);
#1900=ORIENTED_EDGE('',*,*,#1391,.F.);
#1901=ORIENTED_EDGE('',*,*,#1438,.T.);
#1902=ORIENTED_EDGE('',*,*,#1393,.F.);
#1903=ORIENTED_EDGE('',*,*,#1387,.F.);
#1904=ORIENTED_EDGE('',*,*,#1413,.T.);
#1905=ORIENTED_EDGE('',*,*,#1439,.T.);
#1906=ORIENTED_EDGE('',*,*,#1440,.T.);
#1907=ORIENTED_EDGE('',*,*,#1395,.F.);
#1908=ORIENTED_EDGE('',*,*,#1441,.T.);
#1909=ORIENTED_EDGE('',*,*,#1442,.T.);
#1910=ORIENTED_EDGE('',*,*,#1436,.F.);
#1911=ORIENTED_EDGE('',*,*,#1390,.F.);
#1912=ORIENTED_EDGE('',*,*,#1440,.F.);
#1913=ORIENTED_EDGE('',*,*,#1443,.F.);
#1914=ORIENTED_EDGE('',*,*,#1438,.F.);
#1915=ORIENTED_EDGE('',*,*,#1444,.T.);
#1916=ORIENTED_EDGE('',*,*,#1441,.F.);
#1917=ORIENTED_EDGE('',*,*,#1394,.F.);
#1918=ORIENTED_EDGE('',*,*,#1445,.T.);
#1919=ORIENTED_EDGE('',*,*,#1445,.F.);
#1920=ORIENTED_EDGE('',*,*,#1446,.T.);
#1921=ORIENTED_EDGE('',*,*,#1386,.F.);
#1922=ORIENTED_EDGE('',*,*,#1446,.F.);
#1923=ORIENTED_EDGE('',*,*,#1447,.F.);
#1924=ORIENTED_EDGE('',*,*,#1448,.F.);
#1925=ORIENTED_EDGE('',*,*,#1449,.F.);
#1926=ORIENTED_EDGE('',*,*,#1450,.T.);
#1927=ORIENTED_EDGE('',*,*,#1451,.T.);
#1928=ORIENTED_EDGE('',*,*,#1452,.T.);
#1929=ORIENTED_EDGE('',*,*,#1453,.T.);
#1930=ORIENTED_EDGE('',*,*,#1454,.T.);
#1931=ORIENTED_EDGE('',*,*,#1451,.F.);
#1932=ORIENTED_EDGE('',*,*,#1455,.F.);
#1933=ORIENTED_EDGE('',*,*,#1456,.F.);
#1934=ORIENTED_EDGE('',*,*,#1457,.T.);
#1935=ORIENTED_EDGE('',*,*,#1458,.T.);
#1936=ORIENTED_EDGE('',*,*,#1459,.T.);
#1937=ORIENTED_EDGE('',*,*,#1460,.T.);
#1938=ORIENTED_EDGE('',*,*,#1461,.F.);
#1939=ORIENTED_EDGE('',*,*,#1462,.F.);
#1940=ORIENTED_EDGE('',*,*,#1463,.T.);
#1941=ORIENTED_EDGE('',*,*,#1464,.T.);
#1942=ORIENTED_EDGE('',*,*,#1465,.T.);
#1943=ORIENTED_EDGE('',*,*,#1466,.T.);
#1944=ORIENTED_EDGE('',*,*,#1467,.T.);
#1945=ORIENTED_EDGE('',*,*,#1468,.T.);
#1946=ORIENTED_EDGE('',*,*,#1469,.T.);
#1947=ORIENTED_EDGE('',*,*,#1470,.T.);
#1948=ORIENTED_EDGE('',*,*,#1471,.F.);
#1949=ORIENTED_EDGE('',*,*,#1472,.T.);
#1950=ORIENTED_EDGE('',*,*,#1473,.T.);
#1951=ORIENTED_EDGE('',*,*,#1474,.T.);
#1952=ORIENTED_EDGE('',*,*,#1475,.T.);
#1953=ORIENTED_EDGE('',*,*,#1476,.F.);
#1954=ORIENTED_EDGE('',*,*,#1477,.F.);
#1955=ORIENTED_EDGE('',*,*,#1478,.T.);
#1956=ORIENTED_EDGE('',*,*,#1426,.F.);
#1957=ORIENTED_EDGE('',*,*,#1478,.F.);
#1958=ORIENTED_EDGE('',*,*,#1479,.F.);
#1959=ORIENTED_EDGE('',*,*,#1480,.F.);
#1960=ORIENTED_EDGE('',*,*,#1481,.T.);
#1961=ORIENTED_EDGE('',*,*,#1424,.T.);
#1962=ORIENTED_EDGE('',*,*,#1482,.T.);
#1963=ORIENTED_EDGE('',*,*,#1472,.F.);
#1964=ORIENTED_EDGE('',*,*,#1483,.F.);
#1965=ORIENTED_EDGE('',*,*,#1423,.T.);
#1966=ORIENTED_EDGE('',*,*,#1484,.T.);
#1967=ORIENTED_EDGE('',*,*,#1469,.F.);
#1968=ORIENTED_EDGE('',*,*,#1485,.F.);
#1969=ORIENTED_EDGE('',*,*,#1465,.F.);
#1970=ORIENTED_EDGE('',*,*,#1486,.F.);
#1971=ORIENTED_EDGE('',*,*,#1458,.F.);
#1972=ORIENTED_EDGE('',*,*,#1487,.F.);
#1973=ORIENTED_EDGE('',*,*,#1473,.F.);
#1974=ORIENTED_EDGE('',*,*,#1482,.F.);
#1975=ORIENTED_EDGE('',*,*,#1422,.T.);
#1976=ORIENTED_EDGE('',*,*,#1488,.F.);
#1977=ORIENTED_EDGE('',*,*,#1470,.F.);
#1978=ORIENTED_EDGE('',*,*,#1484,.F.);
#1979=ORIENTED_EDGE('',*,*,#1489,.F.);
#1980=ORIENTED_EDGE('',*,*,#1490,.T.);
#1981=ORIENTED_EDGE('',*,*,#1428,.F.);
#1982=ORIENTED_EDGE('',*,*,#1490,.F.);
#1983=ORIENTED_EDGE('',*,*,#1491,.F.);
#1984=ORIENTED_EDGE('',*,*,#1492,.T.);
#1985=ORIENTED_EDGE('',*,*,#1427,.F.);
#1986=ORIENTED_EDGE('',*,*,#1492,.F.);
#1987=ORIENTED_EDGE('',*,*,#1493,.T.);
#1988=ORIENTED_EDGE('',*,*,#1481,.F.);
#1989=ORIENTED_EDGE('',*,*,#1494,.T.);
#1990=ORIENTED_EDGE('',*,*,#1495,.T.);
#1991=ORIENTED_EDGE('',*,*,#1496,.T.);
#1992=ORIENTED_EDGE('',*,*,#1497,.T.);
#1993=ORIENTED_EDGE('',*,*,#1434,.T.);
#1994=ORIENTED_EDGE('',*,*,#1410,.F.);
#1995=ORIENTED_EDGE('',*,*,#1433,.T.);
#1996=ORIENTED_EDGE('',*,*,#1498,.T.);
#1997=ORIENTED_EDGE('',*,*,#1499,.T.);
#1998=ORIENTED_EDGE('',*,*,#1500,.T.);
#1999=ORIENTED_EDGE('',*,*,#1501,.T.);
#2000=ORIENTED_EDGE('',*,*,#1502,.T.);
#2001=ORIENTED_EDGE('',*,*,#1496,.F.);
#2002=ORIENTED_EDGE('',*,*,#1503,.T.);
#2003=ORIENTED_EDGE('',*,*,#1501,.F.);
#2004=ORIENTED_EDGE('',*,*,#1504,.F.);
#2005=ORIENTED_EDGE('',*,*,#1495,.F.);
#2006=ORIENTED_EDGE('',*,*,#1505,.T.);
#2007=ORIENTED_EDGE('',*,*,#1502,.F.);
#2008=ORIENTED_EDGE('',*,*,#1503,.F.);
#2009=ORIENTED_EDGE('',*,*,#1494,.F.);
#2010=ORIENTED_EDGE('',*,*,#1506,.T.);
#2011=ORIENTED_EDGE('',*,*,#1499,.F.);
#2012=ORIENTED_EDGE('',*,*,#1505,.F.);
#2013=ORIENTED_EDGE('',*,*,#1471,.T.);
#2014=ORIENTED_EDGE('',*,*,#1488,.T.);
#2015=ORIENTED_EDGE('',*,*,#1421,.T.);
#2016=ORIENTED_EDGE('',*,*,#1416,.T.);
#2017=ORIENTED_EDGE('',*,*,#1419,.F.);
#2018=ORIENTED_EDGE('',*,*,#1435,.T.);
#2019=ORIENTED_EDGE('',*,*,#1497,.F.);
#2020=ORIENTED_EDGE('',*,*,#1504,.T.);
#2021=ORIENTED_EDGE('',*,*,#1500,.F.);
#2022=ORIENTED_EDGE('',*,*,#1506,.F.);
#2023=ORIENTED_EDGE('',*,*,#1498,.F.);
#2024=ORIENTED_EDGE('',*,*,#1432,.F.);
#2025=ORIENTED_EDGE('',*,*,#1431,.F.);
#2026=ORIENTED_EDGE('',*,*,#1397,.F.);
#2027=ORIENTED_EDGE('',*,*,#1420,.F.);
#2028=ORIENTED_EDGE('',*,*,#1402,.T.);
#2029=ORIENTED_EDGE('',*,*,#1437,.F.);
#2030=ORIENTED_EDGE('',*,*,#1443,.T.);
#2031=ORIENTED_EDGE('',*,*,#1442,.F.);
#2032=ORIENTED_EDGE('',*,*,#1444,.F.);
#2033=ORIENTED_EDGE('',*,*,#1439,.F.);
#2034=ORIENTED_EDGE('',*,*,#1412,.F.);
#2035=ORIENTED_EDGE('',*,*,#1425,.T.);
#2036=ORIENTED_EDGE('',*,*,#1483,.T.);
#2037=ORIENTED_EDGE('',*,*,#1449,.T.);
#2038=ORIENTED_EDGE('',*,*,#1507,.F.);
#2039=ORIENTED_EDGE('',*,*,#1508,.T.);
#2040=ORIENTED_EDGE('',*,*,#1509,.T.);
#2041=ORIENTED_EDGE('',*,*,#1510,.F.);
#2042=ORIENTED_EDGE('',*,*,#1511,.T.);
#2043=ORIENTED_EDGE('',*,*,#1456,.T.);
#2044=ORIENTED_EDGE('',*,*,#1512,.F.);
#2045=ORIENTED_EDGE('',*,*,#1508,.F.);
#2046=ORIENTED_EDGE('',*,*,#1513,.F.);
#2047=ORIENTED_EDGE('',*,*,#1448,.T.);
#2048=ORIENTED_EDGE('',*,*,#1447,.T.);
#2049=ORIENTED_EDGE('',*,*,#1514,.T.);
#2050=ORIENTED_EDGE('',*,*,#1510,.T.);
#2051=ORIENTED_EDGE('',*,*,#1513,.T.);
#2052=ORIENTED_EDGE('',*,*,#1507,.T.);
#2053=ORIENTED_EDGE('',*,*,#1509,.F.);
#2054=ORIENTED_EDGE('',*,*,#1512,.T.);
#2055=ORIENTED_EDGE('',*,*,#1455,.T.);
#2056=ORIENTED_EDGE('',*,*,#1450,.F.);
#2057=ORIENTED_EDGE('',*,*,#1485,.T.);
#2058=ORIENTED_EDGE('',*,*,#1515,.F.);
#2059=ORIENTED_EDGE('',*,*,#1516,.F.);
#2060=ORIENTED_EDGE('',*,*,#1517,.T.);
#2061=ORIENTED_EDGE('',*,*,#1518,.T.);
#2062=ORIENTED_EDGE('',*,*,#1519,.T.);
#2063=ORIENTED_EDGE('',*,*,#1520,.F.);
#2064=ORIENTED_EDGE('',*,*,#1521,.F.);
#2065=ORIENTED_EDGE('',*,*,#1522,.T.);
#2066=ORIENTED_EDGE('',*,*,#1523,.T.);
#2067=ORIENTED_EDGE('',*,*,#1524,.T.);
#2068=ORIENTED_EDGE('',*,*,#1525,.T.);
#2069=ORIENTED_EDGE('',*,*,#1526,.T.);
#2070=ORIENTED_EDGE('',*,*,#1527,.T.);
#2071=ORIENTED_EDGE('',*,*,#1528,.T.);
#2072=ORIENTED_EDGE('',*,*,#1529,.T.);
#2073=ORIENTED_EDGE('',*,*,#1491,.T.);
#2074=ORIENTED_EDGE('',*,*,#1516,.T.);
#2075=ORIENTED_EDGE('',*,*,#1530,.T.);
#2076=ORIENTED_EDGE('',*,*,#1522,.F.);
#2077=ORIENTED_EDGE('',*,*,#1531,.F.);
#2078=ORIENTED_EDGE('',*,*,#1515,.T.);
#2079=ORIENTED_EDGE('',*,*,#1468,.F.);
#2080=ORIENTED_EDGE('',*,*,#1532,.T.);
#2081=ORIENTED_EDGE('',*,*,#1523,.F.);
#2082=ORIENTED_EDGE('',*,*,#1530,.F.);
#2083=ORIENTED_EDGE('',*,*,#1467,.F.);
#2084=ORIENTED_EDGE('',*,*,#1533,.T.);
#2085=ORIENTED_EDGE('',*,*,#1524,.F.);
#2086=ORIENTED_EDGE('',*,*,#1532,.F.);
#2087=ORIENTED_EDGE('',*,*,#1466,.F.);
#2088=ORIENTED_EDGE('',*,*,#1521,.T.);
#2089=ORIENTED_EDGE('',*,*,#1534,.T.);
#2090=ORIENTED_EDGE('',*,*,#1525,.F.);
#2091=ORIENTED_EDGE('',*,*,#1533,.F.);
#2092=ORIENTED_EDGE('',*,*,#1520,.T.);
#2093=ORIENTED_EDGE('',*,*,#1535,.T.);
#2094=ORIENTED_EDGE('',*,*,#1526,.F.);
#2095=ORIENTED_EDGE('',*,*,#1534,.F.);
#2096=ORIENTED_EDGE('',*,*,#1519,.F.);
#2097=ORIENTED_EDGE('',*,*,#1536,.T.);
#2098=ORIENTED_EDGE('',*,*,#1527,.F.);
#2099=ORIENTED_EDGE('',*,*,#1535,.F.);
#2100=ORIENTED_EDGE('',*,*,#1518,.F.);
#2101=ORIENTED_EDGE('',*,*,#1537,.T.);
#2102=ORIENTED_EDGE('',*,*,#1528,.F.);
#2103=ORIENTED_EDGE('',*,*,#1536,.F.);
#2104=ORIENTED_EDGE('',*,*,#1517,.F.);
#2105=ORIENTED_EDGE('',*,*,#1531,.T.);
#2106=ORIENTED_EDGE('',*,*,#1529,.F.);
#2107=ORIENTED_EDGE('',*,*,#1537,.F.);
#2108=ORIENTED_EDGE('',*,*,#1514,.F.);
#2109=ORIENTED_EDGE('',*,*,#1452,.F.);
#2110=ORIENTED_EDGE('',*,*,#1454,.F.);
#2111=ORIENTED_EDGE('',*,*,#1538,.T.);
#2112=ORIENTED_EDGE('',*,*,#1461,.T.);
#2113=ORIENTED_EDGE('',*,*,#1539,.T.);
#2114=ORIENTED_EDGE('',*,*,#1540,.T.);
#2115=ORIENTED_EDGE('',*,*,#1476,.T.);
#2116=ORIENTED_EDGE('',*,*,#1493,.F.);
#2117=ORIENTED_EDGE('',*,*,#1480,.T.);
#2118=ORIENTED_EDGE('',*,*,#1541,.T.);
#2119=ORIENTED_EDGE('',*,*,#1542,.T.);
#2120=ORIENTED_EDGE('',*,*,#1462,.T.);
#2121=ORIENTED_EDGE('',*,*,#1538,.F.);
#2122=ORIENTED_EDGE('',*,*,#1453,.F.);
#2123=ORIENTED_EDGE('',*,*,#1511,.F.);
#2124=ORIENTED_EDGE('',*,*,#1540,.F.);
#2125=ORIENTED_EDGE('',*,*,#1543,.T.);
#2126=ORIENTED_EDGE('',*,*,#1544,.T.);
#2127=ORIENTED_EDGE('',*,*,#1545,.T.);
#2128=ORIENTED_EDGE('',*,*,#1546,.T.);
#2129=ORIENTED_EDGE('',*,*,#1547,.T.);
#2130=ORIENTED_EDGE('',*,*,#1548,.T.);
#2131=ORIENTED_EDGE('',*,*,#1549,.T.);
#2132=ORIENTED_EDGE('',*,*,#1550,.T.);
#2133=ORIENTED_EDGE('',*,*,#1551,.T.);
#2134=ORIENTED_EDGE('',*,*,#1541,.F.);
#2135=ORIENTED_EDGE('',*,*,#1479,.T.);
#2136=ORIENTED_EDGE('',*,*,#1477,.T.);
#2137=ORIENTED_EDGE('',*,*,#1552,.T.);
#2138=ORIENTED_EDGE('',*,*,#1553,.T.);
#2139=ORIENTED_EDGE('',*,*,#1549,.F.);
#2140=ORIENTED_EDGE('',*,*,#1554,.F.);
#2141=ORIENTED_EDGE('',*,*,#1555,.T.);
#2142=ORIENTED_EDGE('',*,*,#1464,.F.);
#2143=ORIENTED_EDGE('',*,*,#1556,.T.);
#2144=ORIENTED_EDGE('',*,*,#1550,.F.);
#2145=ORIENTED_EDGE('',*,*,#1553,.F.);
#2146=ORIENTED_EDGE('',*,*,#1459,.F.);
#2147=ORIENTED_EDGE('',*,*,#1557,.T.);
#2148=ORIENTED_EDGE('',*,*,#1558,.T.);
#2149=ORIENTED_EDGE('',*,*,#1544,.F.);
#2150=ORIENTED_EDGE('',*,*,#1559,.F.);
#2151=ORIENTED_EDGE('',*,*,#1560,.T.);
#2152=ORIENTED_EDGE('',*,*,#1561,.T.);
#2153=ORIENTED_EDGE('',*,*,#1545,.F.);
#2154=ORIENTED_EDGE('',*,*,#1558,.F.);
#2155=ORIENTED_EDGE('',*,*,#1562,.F.);
#2156=ORIENTED_EDGE('',*,*,#1563,.T.);
#2157=ORIENTED_EDGE('',*,*,#1546,.F.);
#2158=ORIENTED_EDGE('',*,*,#1561,.F.);
#2159=ORIENTED_EDGE('',*,*,#1564,.F.);
#2160=ORIENTED_EDGE('',*,*,#1565,.T.);
#2161=ORIENTED_EDGE('',*,*,#1547,.F.);
#2162=ORIENTED_EDGE('',*,*,#1563,.F.);
#2163=ORIENTED_EDGE('',*,*,#1566,.F.);
#2164=ORIENTED_EDGE('',*,*,#1554,.T.);
#2165=ORIENTED_EDGE('',*,*,#1548,.F.);
#2166=ORIENTED_EDGE('',*,*,#1565,.F.);
#2167=ORIENTED_EDGE('',*,*,#1539,.F.);
#2168=ORIENTED_EDGE('',*,*,#1460,.F.);
#2169=ORIENTED_EDGE('',*,*,#1559,.T.);
#2170=ORIENTED_EDGE('',*,*,#1543,.F.);
#2171=ORIENTED_EDGE('',*,*,#1542,.F.);
#2172=ORIENTED_EDGE('',*,*,#1551,.F.);
#2173=ORIENTED_EDGE('',*,*,#1556,.F.);
#2174=ORIENTED_EDGE('',*,*,#1463,.F.);
#2175=ORIENTED_EDGE('',*,*,#1486,.T.);
#2176=ORIENTED_EDGE('',*,*,#1555,.F.);
#2177=ORIENTED_EDGE('',*,*,#1552,.F.);
#2178=ORIENTED_EDGE('',*,*,#1566,.T.);
#2179=ORIENTED_EDGE('',*,*,#1564,.T.);
#2180=ORIENTED_EDGE('',*,*,#1562,.T.);
#2181=ORIENTED_EDGE('',*,*,#1560,.F.);
#2182=ORIENTED_EDGE('',*,*,#1557,.F.);
#2183=ORIENTED_EDGE('',*,*,#1487,.T.);
#2184=ORIENTED_EDGE('',*,*,#1567,.F.);
#2185=ORIENTED_EDGE('',*,*,#1568,.F.);
#2186=ORIENTED_EDGE('',*,*,#1569,.T.);
#2187=ORIENTED_EDGE('',*,*,#1570,.T.);
#2188=ORIENTED_EDGE('',*,*,#1571,.T.);
#2189=ORIENTED_EDGE('',*,*,#1572,.F.);
#2190=ORIENTED_EDGE('',*,*,#1573,.F.);
#2191=ORIENTED_EDGE('',*,*,#1574,.T.);
#2192=ORIENTED_EDGE('',*,*,#1575,.T.);
#2193=ORIENTED_EDGE('',*,*,#1576,.T.);
#2194=ORIENTED_EDGE('',*,*,#1577,.T.);
#2195=ORIENTED_EDGE('',*,*,#1578,.T.);
#2196=ORIENTED_EDGE('',*,*,#1579,.T.);
#2197=ORIENTED_EDGE('',*,*,#1580,.T.);
#2198=ORIENTED_EDGE('',*,*,#1581,.T.);
#2199=ORIENTED_EDGE('',*,*,#1489,.T.);
#2200=ORIENTED_EDGE('',*,*,#1568,.T.);
#2201=ORIENTED_EDGE('',*,*,#1582,.T.);
#2202=ORIENTED_EDGE('',*,*,#1574,.F.);
#2203=ORIENTED_EDGE('',*,*,#1583,.F.);
#2204=ORIENTED_EDGE('',*,*,#1567,.T.);
#2205=ORIENTED_EDGE('',*,*,#1457,.F.);
#2206=ORIENTED_EDGE('',*,*,#1584,.T.);
#2207=ORIENTED_EDGE('',*,*,#1575,.F.);
#2208=ORIENTED_EDGE('',*,*,#1582,.F.);
#2209=ORIENTED_EDGE('',*,*,#1475,.F.);
#2210=ORIENTED_EDGE('',*,*,#1585,.T.);
#2211=ORIENTED_EDGE('',*,*,#1576,.F.);
#2212=ORIENTED_EDGE('',*,*,#1584,.F.);
#2213=ORIENTED_EDGE('',*,*,#1474,.F.);
#2214=ORIENTED_EDGE('',*,*,#1573,.T.);
#2215=ORIENTED_EDGE('',*,*,#1586,.T.);
#2216=ORIENTED_EDGE('',*,*,#1577,.F.);
#2217=ORIENTED_EDGE('',*,*,#1585,.F.);
#2218=ORIENTED_EDGE('',*,*,#1572,.T.);
#2219=ORIENTED_EDGE('',*,*,#1587,.T.);
#2220=ORIENTED_EDGE('',*,*,#1578,.F.);
#2221=ORIENTED_EDGE('',*,*,#1586,.F.);
#2222=ORIENTED_EDGE('',*,*,#1571,.F.);
#2223=ORIENTED_EDGE('',*,*,#1588,.T.);
#2224=ORIENTED_EDGE('',*,*,#1579,.F.);
#2225=ORIENTED_EDGE('',*,*,#1587,.F.);
#2226=ORIENTED_EDGE('',*,*,#1570,.F.);
#2227=ORIENTED_EDGE('',*,*,#1589,.T.);
#2228=ORIENTED_EDGE('',*,*,#1580,.F.);
#2229=ORIENTED_EDGE('',*,*,#1588,.F.);
#2230=ORIENTED_EDGE('',*,*,#1569,.F.);
#2231=ORIENTED_EDGE('',*,*,#1583,.T.);
#2232=ORIENTED_EDGE('',*,*,#1581,.F.);
#2233=ORIENTED_EDGE('',*,*,#1589,.F.);
#2234=ORIENTED_EDGE('',*,*,#1590,.F.);
#2235=ORIENTED_EDGE('',*,*,#1591,.F.);
#2236=ORIENTED_EDGE('',*,*,#1592,.F.);
#2237=ORIENTED_EDGE('',*,*,#1593,.F.);
#2238=ORIENTED_EDGE('',*,*,#1594,.T.);
#2239=ORIENTED_EDGE('',*,*,#1595,.F.);
#2240=ORIENTED_EDGE('',*,*,#1596,.T.);
#2241=ORIENTED_EDGE('',*,*,#1597,.F.);
#2242=ORIENTED_EDGE('',*,*,#1598,.T.);
#2243=ORIENTED_EDGE('',*,*,#1599,.F.);
#2244=ORIENTED_EDGE('',*,*,#1600,.T.);
#2245=ORIENTED_EDGE('',*,*,#1601,.F.);
#2246=ORIENTED_EDGE('',*,*,#1602,.T.);
#2247=ORIENTED_EDGE('',*,*,#1603,.F.);
#2248=ORIENTED_EDGE('',*,*,#1604,.T.);
#2249=ORIENTED_EDGE('',*,*,#1605,.F.);
#2250=ORIENTED_EDGE('',*,*,#1606,.T.);
#2251=ORIENTED_EDGE('',*,*,#1607,.F.);
#2252=ORIENTED_EDGE('',*,*,#1608,.T.);
#2253=ORIENTED_EDGE('',*,*,#1609,.F.);
#2254=ORIENTED_EDGE('',*,*,#1610,.T.);
#2255=ORIENTED_EDGE('',*,*,#1611,.F.);
#2256=ORIENTED_EDGE('',*,*,#1612,.T.);
#2257=ORIENTED_EDGE('',*,*,#1613,.F.);
#2258=ORIENTED_EDGE('',*,*,#1614,.T.);
#2259=ORIENTED_EDGE('',*,*,#1615,.F.);
#2260=ORIENTED_EDGE('',*,*,#1616,.T.);
#2261=ORIENTED_EDGE('',*,*,#1617,.F.);
#2262=ORIENTED_EDGE('',*,*,#1618,.T.);
#2263=ORIENTED_EDGE('',*,*,#1619,.F.);
#2264=ORIENTED_EDGE('',*,*,#1620,.T.);
#2265=ORIENTED_EDGE('',*,*,#1621,.F.);
#2266=ORIENTED_EDGE('',*,*,#1622,.T.);
#2267=ORIENTED_EDGE('',*,*,#1623,.F.);
#2268=ORIENTED_EDGE('',*,*,#1624,.T.);
#2269=ORIENTED_EDGE('',*,*,#1625,.F.);
#2270=ORIENTED_EDGE('',*,*,#1626,.T.);
#2271=ORIENTED_EDGE('',*,*,#1627,.F.);
#2272=ORIENTED_EDGE('',*,*,#1628,.F.);
#2273=ORIENTED_EDGE('',*,*,#1629,.F.);
#2274=ORIENTED_EDGE('',*,*,#1630,.T.);
#2275=ORIENTED_EDGE('',*,*,#1631,.F.);
#2276=ORIENTED_EDGE('',*,*,#1632,.T.);
#2277=ORIENTED_EDGE('',*,*,#1633,.F.);
#2278=ORIENTED_EDGE('',*,*,#1634,.T.);
#2279=ORIENTED_EDGE('',*,*,#1635,.F.);
#2280=ORIENTED_EDGE('',*,*,#1636,.T.);
#2281=ORIENTED_EDGE('',*,*,#1637,.F.);
#2282=ORIENTED_EDGE('',*,*,#1638,.T.);
#2283=ORIENTED_EDGE('',*,*,#1639,.F.);
#2284=ORIENTED_EDGE('',*,*,#1640,.T.);
#2285=ORIENTED_EDGE('',*,*,#1641,.F.);
#2286=ORIENTED_EDGE('',*,*,#1642,.T.);
#2287=ORIENTED_EDGE('',*,*,#1643,.F.);
#2288=ORIENTED_EDGE('',*,*,#1644,.T.);
#2289=ORIENTED_EDGE('',*,*,#1645,.F.);
#2290=ORIENTED_EDGE('',*,*,#1646,.T.);
#2291=ORIENTED_EDGE('',*,*,#1647,.F.);
#2292=ORIENTED_EDGE('',*,*,#1648,.T.);
#2293=ORIENTED_EDGE('',*,*,#1649,.F.);
#2294=ORIENTED_EDGE('',*,*,#1650,.T.);
#2295=ORIENTED_EDGE('',*,*,#1651,.F.);
#2296=ORIENTED_EDGE('',*,*,#1652,.T.);
#2297=ORIENTED_EDGE('',*,*,#1653,.F.);
#2298=ORIENTED_EDGE('',*,*,#1654,.T.);
#2299=ORIENTED_EDGE('',*,*,#1655,.F.);
#2300=ORIENTED_EDGE('',*,*,#1656,.T.);
#2301=ORIENTED_EDGE('',*,*,#1657,.F.);
#2302=ORIENTED_EDGE('',*,*,#1658,.T.);
#2303=ORIENTED_EDGE('',*,*,#1659,.F.);
#2304=ORIENTED_EDGE('',*,*,#1660,.T.);
#2305=ORIENTED_EDGE('',*,*,#1661,.F.);
#2306=ORIENTED_EDGE('',*,*,#1662,.T.);
#2307=ORIENTED_EDGE('',*,*,#1646,.F.);
#2308=ORIENTED_EDGE('',*,*,#1663,.T.);
#2309=ORIENTED_EDGE('',*,*,#1664,.F.);
#2310=ORIENTED_EDGE('',*,*,#1665,.T.);
#2311=ORIENTED_EDGE('',*,*,#1645,.T.);
#2312=ORIENTED_EDGE('',*,*,#1666,.F.);
#2313=ORIENTED_EDGE('',*,*,#1667,.T.);
#2314=ORIENTED_EDGE('',*,*,#1663,.F.);
#2315=ORIENTED_EDGE('',*,*,#1644,.F.);
#2316=ORIENTED_EDGE('',*,*,#1668,.T.);
#2317=ORIENTED_EDGE('',*,*,#1669,.F.);
#2318=ORIENTED_EDGE('',*,*,#1666,.T.);
#2319=ORIENTED_EDGE('',*,*,#1643,.T.);
#2320=ORIENTED_EDGE('',*,*,#1670,.F.);
#2321=ORIENTED_EDGE('',*,*,#1671,.F.);
#2322=ORIENTED_EDGE('',*,*,#1668,.F.);
#2323=ORIENTED_EDGE('',*,*,#1642,.F.);
#2324=ORIENTED_EDGE('',*,*,#1672,.T.);
#2325=ORIENTED_EDGE('',*,*,#1673,.T.);
#2326=ORIENTED_EDGE('',*,*,#1670,.T.);
#2327=ORIENTED_EDGE('',*,*,#1641,.T.);
#2328=ORIENTED_EDGE('',*,*,#1674,.F.);
#2329=ORIENTED_EDGE('',*,*,#1675,.T.);
#2330=ORIENTED_EDGE('',*,*,#1672,.F.);
#2331=ORIENTED_EDGE('',*,*,#1640,.F.);
#2332=ORIENTED_EDGE('',*,*,#1676,.T.);
#2333=ORIENTED_EDGE('',*,*,#1677,.F.);
#2334=ORIENTED_EDGE('',*,*,#1674,.T.);
#2335=ORIENTED_EDGE('',*,*,#1639,.T.);
#2336=ORIENTED_EDGE('',*,*,#1678,.F.);
#2337=ORIENTED_EDGE('',*,*,#1679,.F.);
#2338=ORIENTED_EDGE('',*,*,#1676,.F.);
#2339=ORIENTED_EDGE('',*,*,#1638,.F.);
#2340=ORIENTED_EDGE('',*,*,#1680,.T.);
#2341=ORIENTED_EDGE('',*,*,#1681,.F.);
#2342=ORIENTED_EDGE('',*,*,#1678,.T.);
#2343=ORIENTED_EDGE('',*,*,#1637,.T.);
#2344=ORIENTED_EDGE('',*,*,#1682,.F.);
#2345=ORIENTED_EDGE('',*,*,#1683,.T.);
#2346=ORIENTED_EDGE('',*,*,#1680,.F.);
#2347=ORIENTED_EDGE('',*,*,#1636,.F.);
#2348=ORIENTED_EDGE('',*,*,#1684,.T.);
#2349=ORIENTED_EDGE('',*,*,#1685,.F.);
#2350=ORIENTED_EDGE('',*,*,#1682,.T.);
#2351=ORIENTED_EDGE('',*,*,#1635,.T.);
#2352=ORIENTED_EDGE('',*,*,#1686,.F.);
#2353=ORIENTED_EDGE('',*,*,#1687,.F.);
#2354=ORIENTED_EDGE('',*,*,#1684,.F.);
#2355=ORIENTED_EDGE('',*,*,#1634,.F.);
#2356=ORIENTED_EDGE('',*,*,#1688,.T.);
#2357=ORIENTED_EDGE('',*,*,#1689,.T.);
#2358=ORIENTED_EDGE('',*,*,#1686,.T.);
#2359=ORIENTED_EDGE('',*,*,#1633,.T.);
#2360=ORIENTED_EDGE('',*,*,#1690,.F.);
#2361=ORIENTED_EDGE('',*,*,#1691,.T.);
#2362=ORIENTED_EDGE('',*,*,#1688,.F.);
#2363=ORIENTED_EDGE('',*,*,#1632,.F.);
#2364=ORIENTED_EDGE('',*,*,#1692,.T.);
#2365=ORIENTED_EDGE('',*,*,#1693,.F.);
#2366=ORIENTED_EDGE('',*,*,#1690,.T.);
#2367=ORIENTED_EDGE('',*,*,#1631,.T.);
#2368=ORIENTED_EDGE('',*,*,#1694,.F.);
#2369=ORIENTED_EDGE('',*,*,#1695,.F.);
#2370=ORIENTED_EDGE('',*,*,#1692,.F.);
#2371=ORIENTED_EDGE('',*,*,#1630,.F.);
#2372=ORIENTED_EDGE('',*,*,#1696,.T.);
#2373=ORIENTED_EDGE('',*,*,#1697,.T.);
#2374=ORIENTED_EDGE('',*,*,#1694,.T.);
#2375=ORIENTED_EDGE('',*,*,#1610,.F.);
#2376=ORIENTED_EDGE('',*,*,#1698,.T.);
#2377=ORIENTED_EDGE('',*,*,#1699,.F.);
#2378=ORIENTED_EDGE('',*,*,#1700,.T.);
#2379=ORIENTED_EDGE('',*,*,#1609,.T.);
#2380=ORIENTED_EDGE('',*,*,#1701,.F.);
#2381=ORIENTED_EDGE('',*,*,#1702,.T.);
#2382=ORIENTED_EDGE('',*,*,#1698,.F.);
#2383=ORIENTED_EDGE('',*,*,#1608,.F.);
#2384=ORIENTED_EDGE('',*,*,#1703,.T.);
#2385=ORIENTED_EDGE('',*,*,#1704,.F.);
#2386=ORIENTED_EDGE('',*,*,#1701,.T.);
#2387=ORIENTED_EDGE('',*,*,#1607,.T.);
#2388=ORIENTED_EDGE('',*,*,#1705,.F.);
#2389=ORIENTED_EDGE('',*,*,#1706,.F.);
#2390=ORIENTED_EDGE('',*,*,#1703,.F.);
#2391=ORIENTED_EDGE('',*,*,#1606,.F.);
#2392=ORIENTED_EDGE('',*,*,#1707,.T.);
#2393=ORIENTED_EDGE('',*,*,#1708,.F.);
#2394=ORIENTED_EDGE('',*,*,#1705,.T.);
#2395=ORIENTED_EDGE('',*,*,#1605,.T.);
#2396=ORIENTED_EDGE('',*,*,#1709,.F.);
#2397=ORIENTED_EDGE('',*,*,#1710,.T.);
#2398=ORIENTED_EDGE('',*,*,#1707,.F.);
#2399=ORIENTED_EDGE('',*,*,#1604,.F.);
#2400=ORIENTED_EDGE('',*,*,#1711,.T.);
#2401=ORIENTED_EDGE('',*,*,#1712,.F.);
#2402=ORIENTED_EDGE('',*,*,#1709,.T.);
#2403=ORIENTED_EDGE('',*,*,#1603,.T.);
#2404=ORIENTED_EDGE('',*,*,#1713,.F.);
#2405=ORIENTED_EDGE('',*,*,#1714,.F.);
#2406=ORIENTED_EDGE('',*,*,#1711,.F.);
#2407=ORIENTED_EDGE('',*,*,#1602,.F.);
#2408=ORIENTED_EDGE('',*,*,#1715,.T.);
#2409=ORIENTED_EDGE('',*,*,#1716,.T.);
#2410=ORIENTED_EDGE('',*,*,#1713,.T.);
#2411=ORIENTED_EDGE('',*,*,#1601,.T.);
#2412=ORIENTED_EDGE('',*,*,#1717,.F.);
#2413=ORIENTED_EDGE('',*,*,#1718,.T.);
#2414=ORIENTED_EDGE('',*,*,#1715,.F.);
#2415=ORIENTED_EDGE('',*,*,#1600,.F.);
#2416=ORIENTED_EDGE('',*,*,#1719,.T.);
#2417=ORIENTED_EDGE('',*,*,#1720,.F.);
#2418=ORIENTED_EDGE('',*,*,#1717,.T.);
#2419=ORIENTED_EDGE('',*,*,#1599,.T.);
#2420=ORIENTED_EDGE('',*,*,#1721,.F.);
#2421=ORIENTED_EDGE('',*,*,#1722,.F.);
#2422=ORIENTED_EDGE('',*,*,#1719,.F.);
#2423=ORIENTED_EDGE('',*,*,#1598,.F.);
#2424=ORIENTED_EDGE('',*,*,#1723,.T.);
#2425=ORIENTED_EDGE('',*,*,#1724,.T.);
#2426=ORIENTED_EDGE('',*,*,#1721,.T.);
#2427=ORIENTED_EDGE('',*,*,#1597,.T.);
#2428=ORIENTED_EDGE('',*,*,#1725,.F.);
#2429=ORIENTED_EDGE('',*,*,#1726,.T.);
#2430=ORIENTED_EDGE('',*,*,#1723,.F.);
#2431=ORIENTED_EDGE('',*,*,#1596,.F.);
#2432=ORIENTED_EDGE('',*,*,#1727,.T.);
#2433=ORIENTED_EDGE('',*,*,#1728,.F.);
#2434=ORIENTED_EDGE('',*,*,#1725,.T.);
#2435=ORIENTED_EDGE('',*,*,#1595,.T.);
#2436=ORIENTED_EDGE('',*,*,#1729,.F.);
#2437=ORIENTED_EDGE('',*,*,#1730,.F.);
#2438=ORIENTED_EDGE('',*,*,#1727,.F.);
#2439=ORIENTED_EDGE('',*,*,#1594,.F.);
#2440=ORIENTED_EDGE('',*,*,#1731,.T.);
#2441=ORIENTED_EDGE('',*,*,#1732,.F.);
#2442=ORIENTED_EDGE('',*,*,#1729,.T.);
#2443=ORIENTED_EDGE('',*,*,#1591,.T.);
#2444=ORIENTED_EDGE('',*,*,#1733,.F.);
#2445=ORIENTED_EDGE('',*,*,#1734,.T.);
#2446=ORIENTED_EDGE('',*,*,#1731,.F.);
#2447=ORIENTED_EDGE('',*,*,#1593,.T.);
#2448=ORIENTED_EDGE('',*,*,#1735,.F.);
#2449=ORIENTED_EDGE('',*,*,#1627,.T.);
#2450=ORIENTED_EDGE('',*,*,#1736,.F.);
#2451=ORIENTED_EDGE('',*,*,#1737,.T.);
#2452=ORIENTED_EDGE('',*,*,#1696,.F.);
#2453=ORIENTED_EDGE('',*,*,#1629,.T.);
#2454=ORIENTED_EDGE('',*,*,#1738,.F.);
#2455=ORIENTED_EDGE('',*,*,#1662,.F.);
#2456=ORIENTED_EDGE('',*,*,#1739,.T.);
#2457=ORIENTED_EDGE('',*,*,#1740,.T.);
#2458=ORIENTED_EDGE('',*,*,#1736,.T.);
#2459=ORIENTED_EDGE('',*,*,#1628,.T.);
#2460=ORIENTED_EDGE('',*,*,#1738,.T.);
#2461=ORIENTED_EDGE('',*,*,#1592,.T.);
#2462=ORIENTED_EDGE('',*,*,#1735,.T.);
#2463=ORIENTED_EDGE('',*,*,#1741,.T.);
#2464=ORIENTED_EDGE('',*,*,#1742,.F.);
#2465=ORIENTED_EDGE('',*,*,#1743,.F.);
#2466=ORIENTED_EDGE('',*,*,#1744,.F.);
#2467=ORIENTED_EDGE('',*,*,#1745,.F.);
#2468=ORIENTED_EDGE('',*,*,#1746,.F.);
#2469=ORIENTED_EDGE('',*,*,#1747,.F.);
#2470=ORIENTED_EDGE('',*,*,#1748,.F.);
#2471=ORIENTED_EDGE('',*,*,#1749,.F.);
#2472=ORIENTED_EDGE('',*,*,#1750,.F.);
#2473=ORIENTED_EDGE('',*,*,#1751,.T.);
#2474=ORIENTED_EDGE('',*,*,#1752,.T.);
#2475=ORIENTED_EDGE('',*,*,#1753,.F.);
#2476=ORIENTED_EDGE('',*,*,#1754,.F.);
#2477=ORIENTED_EDGE('',*,*,#1755,.T.);
#2478=ORIENTED_EDGE('',*,*,#1756,.T.);
#2479=ORIENTED_EDGE('',*,*,#1757,.F.);
#2480=ORIENTED_EDGE('',*,*,#1758,.F.);
#2481=ORIENTED_EDGE('',*,*,#1759,.T.);
#2482=ORIENTED_EDGE('',*,*,#1760,.T.);
#2483=ORIENTED_EDGE('',*,*,#1761,.F.);
#2484=ORIENTED_EDGE('',*,*,#1762,.F.);
#2485=ORIENTED_EDGE('',*,*,#1763,.T.);
#2486=ORIENTED_EDGE('',*,*,#1764,.T.);
#2487=ORIENTED_EDGE('',*,*,#1699,.T.);
#2488=ORIENTED_EDGE('',*,*,#1702,.F.);
#2489=ORIENTED_EDGE('',*,*,#1704,.T.);
#2490=ORIENTED_EDGE('',*,*,#1706,.T.);
#2491=ORIENTED_EDGE('',*,*,#1708,.T.);
#2492=ORIENTED_EDGE('',*,*,#1710,.F.);
#2493=ORIENTED_EDGE('',*,*,#1712,.T.);
#2494=ORIENTED_EDGE('',*,*,#1714,.T.);
#2495=ORIENTED_EDGE('',*,*,#1716,.F.);
#2496=ORIENTED_EDGE('',*,*,#1718,.F.);
#2497=ORIENTED_EDGE('',*,*,#1720,.T.);
#2498=ORIENTED_EDGE('',*,*,#1722,.T.);
#2499=ORIENTED_EDGE('',*,*,#1724,.F.);
#2500=ORIENTED_EDGE('',*,*,#1726,.F.);
#2501=ORIENTED_EDGE('',*,*,#1728,.T.);
#2502=ORIENTED_EDGE('',*,*,#1730,.T.);
#2503=ORIENTED_EDGE('',*,*,#1732,.T.);
#2504=ORIENTED_EDGE('',*,*,#1734,.F.);
#2505=ORIENTED_EDGE('',*,*,#1737,.F.);
#2506=ORIENTED_EDGE('',*,*,#1740,.F.);
#2507=ORIENTED_EDGE('',*,*,#1765,.F.);
#2508=ORIENTED_EDGE('',*,*,#1766,.T.);
#2509=ORIENTED_EDGE('',*,*,#1767,.T.);
#2510=ORIENTED_EDGE('',*,*,#1768,.T.);
#2511=ORIENTED_EDGE('',*,*,#1769,.F.);
#2512=ORIENTED_EDGE('',*,*,#1770,.T.);
#2513=ORIENTED_EDGE('',*,*,#1771,.T.);
#2514=ORIENTED_EDGE('',*,*,#1772,.F.);
#2515=ORIENTED_EDGE('',*,*,#1773,.F.);
#2516=ORIENTED_EDGE('',*,*,#1774,.T.);
#2517=ORIENTED_EDGE('',*,*,#1775,.T.);
#2518=ORIENTED_EDGE('',*,*,#1776,.T.);
#2519=ORIENTED_EDGE('',*,*,#1777,.F.);
#2520=ORIENTED_EDGE('',*,*,#1778,.T.);
#2521=ORIENTED_EDGE('',*,*,#1779,.T.);
#2522=ORIENTED_EDGE('',*,*,#1664,.T.);
#2523=ORIENTED_EDGE('',*,*,#1667,.F.);
#2524=ORIENTED_EDGE('',*,*,#1669,.T.);
#2525=ORIENTED_EDGE('',*,*,#1671,.T.);
#2526=ORIENTED_EDGE('',*,*,#1673,.F.);
#2527=ORIENTED_EDGE('',*,*,#1675,.F.);
#2528=ORIENTED_EDGE('',*,*,#1677,.T.);
#2529=ORIENTED_EDGE('',*,*,#1679,.T.);
#2530=ORIENTED_EDGE('',*,*,#1681,.T.);
#2531=ORIENTED_EDGE('',*,*,#1683,.F.);
#2532=ORIENTED_EDGE('',*,*,#1685,.T.);
#2533=ORIENTED_EDGE('',*,*,#1687,.T.);
#2534=ORIENTED_EDGE('',*,*,#1689,.F.);
#2535=ORIENTED_EDGE('',*,*,#1691,.F.);
#2536=ORIENTED_EDGE('',*,*,#1693,.T.);
#2537=ORIENTED_EDGE('',*,*,#1695,.T.);
#2538=ORIENTED_EDGE('',*,*,#1697,.F.);
#2539=ORIENTED_EDGE('',*,*,#1660,.F.);
#2540=ORIENTED_EDGE('',*,*,#1780,.T.);
#2541=ORIENTED_EDGE('',*,*,#1766,.F.);
#2542=ORIENTED_EDGE('',*,*,#1781,.T.);
#2543=ORIENTED_EDGE('',*,*,#1661,.T.);
#2544=ORIENTED_EDGE('',*,*,#1781,.F.);
#2545=ORIENTED_EDGE('',*,*,#1765,.T.);
#2546=ORIENTED_EDGE('',*,*,#1739,.F.);
#2547=ORIENTED_EDGE('',*,*,#1658,.F.);
#2548=ORIENTED_EDGE('',*,*,#1782,.T.);
#2549=ORIENTED_EDGE('',*,*,#1768,.F.);
#2550=ORIENTED_EDGE('',*,*,#1783,.T.);
#2551=ORIENTED_EDGE('',*,*,#1657,.T.);
#2552=ORIENTED_EDGE('',*,*,#1784,.F.);
#2553=ORIENTED_EDGE('',*,*,#1769,.T.);
#2554=ORIENTED_EDGE('',*,*,#1782,.F.);
#2555=ORIENTED_EDGE('',*,*,#1656,.F.);
#2556=ORIENTED_EDGE('',*,*,#1785,.T.);
#2557=ORIENTED_EDGE('',*,*,#1770,.F.);
#2558=ORIENTED_EDGE('',*,*,#1784,.T.);
#2559=ORIENTED_EDGE('',*,*,#1655,.T.);
#2560=ORIENTED_EDGE('',*,*,#1786,.F.);
#2561=ORIENTED_EDGE('',*,*,#1771,.F.);
#2562=ORIENTED_EDGE('',*,*,#1785,.F.);
#2563=ORIENTED_EDGE('',*,*,#1654,.F.);
#2564=ORIENTED_EDGE('',*,*,#1787,.T.);
#2565=ORIENTED_EDGE('',*,*,#1772,.T.);
#2566=ORIENTED_EDGE('',*,*,#1786,.T.);
#2567=ORIENTED_EDGE('',*,*,#1652,.F.);
#2568=ORIENTED_EDGE('',*,*,#1788,.T.);
#2569=ORIENTED_EDGE('',*,*,#1774,.F.);
#2570=ORIENTED_EDGE('',*,*,#1789,.T.);
#2571=ORIENTED_EDGE('',*,*,#1653,.T.);
#2572=ORIENTED_EDGE('',*,*,#1789,.F.);
#2573=ORIENTED_EDGE('',*,*,#1773,.T.);
#2574=ORIENTED_EDGE('',*,*,#1787,.F.);
#2575=ORIENTED_EDGE('',*,*,#1650,.F.);
#2576=ORIENTED_EDGE('',*,*,#1790,.T.);
#2577=ORIENTED_EDGE('',*,*,#1776,.F.);
#2578=ORIENTED_EDGE('',*,*,#1791,.T.);
#2579=ORIENTED_EDGE('',*,*,#1649,.T.);
#2580=ORIENTED_EDGE('',*,*,#1792,.F.);
#2581=ORIENTED_EDGE('',*,*,#1777,.T.);
#2582=ORIENTED_EDGE('',*,*,#1790,.F.);
#2583=ORIENTED_EDGE('',*,*,#1648,.F.);
#2584=ORIENTED_EDGE('',*,*,#1793,.T.);
#2585=ORIENTED_EDGE('',*,*,#1778,.F.);
#2586=ORIENTED_EDGE('',*,*,#1792,.T.);
#2587=ORIENTED_EDGE('',*,*,#1647,.T.);
#2588=ORIENTED_EDGE('',*,*,#1665,.F.);
#2589=ORIENTED_EDGE('',*,*,#1779,.F.);
#2590=ORIENTED_EDGE('',*,*,#1793,.F.);
#2591=ORIENTED_EDGE('',*,*,#1626,.F.);
#2592=ORIENTED_EDGE('',*,*,#1794,.T.);
#2593=ORIENTED_EDGE('',*,*,#1749,.T.);
#2594=ORIENTED_EDGE('',*,*,#1733,.T.);
#2595=ORIENTED_EDGE('',*,*,#1625,.T.);
#2596=ORIENTED_EDGE('',*,*,#1795,.F.);
#2597=ORIENTED_EDGE('',*,*,#1750,.T.);
#2598=ORIENTED_EDGE('',*,*,#1794,.F.);
#2599=ORIENTED_EDGE('',*,*,#1624,.F.);
#2600=ORIENTED_EDGE('',*,*,#1796,.T.);
#2601=ORIENTED_EDGE('',*,*,#1751,.F.);
#2602=ORIENTED_EDGE('',*,*,#1795,.T.);
#2603=ORIENTED_EDGE('',*,*,#1623,.T.);
#2604=ORIENTED_EDGE('',*,*,#1797,.F.);
#2605=ORIENTED_EDGE('',*,*,#1752,.F.);
#2606=ORIENTED_EDGE('',*,*,#1796,.F.);
#2607=ORIENTED_EDGE('',*,*,#1622,.F.);
#2608=ORIENTED_EDGE('',*,*,#1798,.T.);
#2609=ORIENTED_EDGE('',*,*,#1753,.T.);
#2610=ORIENTED_EDGE('',*,*,#1797,.T.);
#2611=ORIENTED_EDGE('',*,*,#1620,.F.);
#2612=ORIENTED_EDGE('',*,*,#1799,.T.);
#2613=ORIENTED_EDGE('',*,*,#1755,.F.);
#2614=ORIENTED_EDGE('',*,*,#1800,.T.);
#2615=ORIENTED_EDGE('',*,*,#1621,.T.);
#2616=ORIENTED_EDGE('',*,*,#1800,.F.);
#2617=ORIENTED_EDGE('',*,*,#1754,.T.);
#2618=ORIENTED_EDGE('',*,*,#1798,.F.);
#2619=ORIENTED_EDGE('',*,*,#1618,.F.);
#2620=ORIENTED_EDGE('',*,*,#1801,.T.);
#2621=ORIENTED_EDGE('',*,*,#1757,.T.);
#2622=ORIENTED_EDGE('',*,*,#1802,.T.);
#2623=ORIENTED_EDGE('',*,*,#1617,.T.);
#2624=ORIENTED_EDGE('',*,*,#1803,.F.);
#2625=ORIENTED_EDGE('',*,*,#1758,.T.);
#2626=ORIENTED_EDGE('',*,*,#1801,.F.);
#2627=ORIENTED_EDGE('',*,*,#1616,.F.);
#2628=ORIENTED_EDGE('',*,*,#1804,.T.);
#2629=ORIENTED_EDGE('',*,*,#1759,.F.);
#2630=ORIENTED_EDGE('',*,*,#1803,.T.);
#2631=ORIENTED_EDGE('',*,*,#1615,.T.);
#2632=ORIENTED_EDGE('',*,*,#1805,.F.);
#2633=ORIENTED_EDGE('',*,*,#1760,.F.);
#2634=ORIENTED_EDGE('',*,*,#1804,.F.);
#2635=ORIENTED_EDGE('',*,*,#1614,.F.);
#2636=ORIENTED_EDGE('',*,*,#1806,.T.);
#2637=ORIENTED_EDGE('',*,*,#1761,.T.);
#2638=ORIENTED_EDGE('',*,*,#1805,.T.);
#2639=ORIENTED_EDGE('',*,*,#1612,.F.);
#2640=ORIENTED_EDGE('',*,*,#1807,.T.);
#2641=ORIENTED_EDGE('',*,*,#1763,.F.);
#2642=ORIENTED_EDGE('',*,*,#1808,.T.);
#2643=ORIENTED_EDGE('',*,*,#1613,.T.);
#2644=ORIENTED_EDGE('',*,*,#1808,.F.);
#2645=ORIENTED_EDGE('',*,*,#1762,.T.);
#2646=ORIENTED_EDGE('',*,*,#1806,.F.);
#2647=ORIENTED_EDGE('',*,*,#1651,.T.);
#2648=ORIENTED_EDGE('',*,*,#1791,.F.);
#2649=ORIENTED_EDGE('',*,*,#1775,.F.);
#2650=ORIENTED_EDGE('',*,*,#1788,.F.);
#2651=ORIENTED_EDGE('',*,*,#1659,.T.);
#2652=ORIENTED_EDGE('',*,*,#1783,.F.);
#2653=ORIENTED_EDGE('',*,*,#1767,.F.);
#2654=ORIENTED_EDGE('',*,*,#1780,.F.);
#2655=ORIENTED_EDGE('',*,*,#1619,.T.);
#2656=ORIENTED_EDGE('',*,*,#1802,.F.);
#2657=ORIENTED_EDGE('',*,*,#1756,.F.);
#2658=ORIENTED_EDGE('',*,*,#1799,.F.);
#2659=ORIENTED_EDGE('',*,*,#1611,.T.);
#2660=ORIENTED_EDGE('',*,*,#1700,.F.);
#2661=ORIENTED_EDGE('',*,*,#1764,.F.);
#2662=ORIENTED_EDGE('',*,*,#1807,.F.);
#2663=ORIENTED_EDGE('',*,*,#1741,.F.);
#2664=ORIENTED_EDGE('',*,*,#1748,.T.);
#2665=ORIENTED_EDGE('',*,*,#1809,.T.);
#2666=ORIENTED_EDGE('',*,*,#1590,.T.);
#2667=ORIENTED_EDGE('',*,*,#1809,.F.);
#2668=ORIENTED_EDGE('',*,*,#1747,.T.);
#2669=ORIENTED_EDGE('',*,*,#1746,.T.);
#2670=ORIENTED_EDGE('',*,*,#1745,.T.);
#2671=ORIENTED_EDGE('',*,*,#1744,.T.);
#2672=ORIENTED_EDGE('',*,*,#1743,.T.);
#2673=ORIENTED_EDGE('',*,*,#1742,.T.);
#2674=PLANE('',#2949);
#2675=PLANE('',#2953);
#2676=PLANE('',#2958);
#2677=PLANE('',#2959);
#2678=PLANE('',#2964);
#2679=PLANE('',#2965);
#2680=PLANE('',#2966);
#2681=PLANE('',#2968);
#2682=PLANE('',#2970);
#2683=PLANE('',#2976);
#2684=PLANE('',#2977);
#2685=PLANE('',#2979);
#2686=PLANE('',#2980);
#2687=PLANE('',#2981);
#2688=PLANE('',#2983);
#2689=PLANE('',#2985);
#2690=PLANE('',#2987);
#2691=PLANE('',#2988);
#2692=PLANE('',#2989);
#2693=PLANE('',#2992);
#2694=PLANE('',#2993);
#2695=PLANE('',#2996);
#2696=PLANE('',#3008);
#2697=PLANE('',#3009);
#2698=PLANE('',#3010);
#2699=PLANE('',#3015);
#2700=PLANE('',#3017);
#2701=PLANE('',#3020);
#2702=PLANE('',#3022);
#2703=PLANE('',#3023);
#2704=PLANE('',#3024);
#2705=PLANE('',#3026);
#2706=PLANE('',#3028);
#2707=PLANE('',#3031);
#2708=PLANE('',#3032);
#2709=PLANE('',#3033);
#2710=PLANE('',#3035);
#2711=PLANE('',#3036);
#2712=PLANE('',#3038);
#2713=PLANE('',#3039);
#2714=PLANE('',#3040);
#2715=PLANE('',#3041);
#2716=PLANE('',#3042);
#2717=PLANE('',#3046);
#2718=PLANE('',#3049);
#2719=PLANE('',#3050);
#2720=PLANE('',#3051);
#2721=PLANE('',#3052);
#2722=PLANE('',#3053);
#2723=PLANE('',#3054);
#2724=PLANE('',#3055);
#2725=PLANE('',#3058);
#2726=PLANE('',#3059);
#2727=PLANE('',#3060);
#2728=PLANE('',#3062);
#2729=PLANE('',#3063);
#2730=PLANE('',#3065);
#2731=PLANE('',#3066);
#2732=PLANE('',#3067);
#2733=PLANE('',#3068);
#2734=PLANE('',#3069);
#2735=PLANE('',#3071);
#2736=PLANE('',#3079);
#2737=PLANE('',#3082);
#2738=PLANE('',#3085);
#2739=PLANE('',#3088);
#2740=PLANE('',#3091);
#2741=PLANE('',#3094);
#2742=PLANE('',#3097);
#2743=PLANE('',#3100);
#2744=PLANE('',#3105);
#2745=PLANE('',#3108);
#2746=PLANE('',#3111);
#2747=PLANE('',#3114);
#2748=PLANE('',#3117);
#2749=PLANE('',#3120);
#2750=PLANE('',#3123);
#2751=PLANE('',#3126);
#2752=PLANE('',#3129);
#2753=PLANE('',#3130);
#2754=PLANE('',#3133);
#2755=PLANE('',#3134);
#2756=PLANE('',#3135);
#2757=PLANE('',#3160);
#2758=PLANE('',#3162);
#2759=PLANE('',#3164);
#2760=PLANE('',#3167);
#2761=PLANE('',#3169);
#2762=PLANE('',#3171);
#2763=PLANE('',#3173);
#2764=PLANE('',#3175);
#2765=PLANE('',#3178);
#2766=PLANE('',#3180);
#2767=PLANE('',#3182);
#2768=PLANE('',#3185);
#2769=PLANE('',#3186);
#2770=PLANE('',#3187);
#2771=PLANE('',#3188);
#2772=PLANE('',#3189);
#2773=ADVANCED_FACE('',(#159,#151),#2674,.T.);
#2774=ADVANCED_FACE('',(#160),#2675,.T.);
#2775=ADVANCED_FACE('',(#161),#104,.T.);
#2776=ADVANCED_FACE('',(#162),#2676,.T.);
#2777=ADVANCED_FACE('',(#163),#2677,.T.);
#2778=ADVANCED_FACE('',(#164),#105,.T.);
#2779=ADVANCED_FACE('',(#165),#2678,.T.);
#2780=ADVANCED_FACE('',(#166),#2679,.T.);
#2781=ADVANCED_FACE('',(#167),#2680,.T.);
#2782=ADVANCED_FACE('',(#168),#2681,.T.);
#2783=ADVANCED_FACE('',(#169,#152,#153,#154),#2682,.T.);
#2784=ADVANCED_FACE('',(#170),#2683,.T.);
#2785=ADVANCED_FACE('',(#171),#2684,.T.);
#2786=ADVANCED_FACE('',(#172),#2685,.T.);
#2787=ADVANCED_FACE('',(#173),#2686,.T.);
#2788=ADVANCED_FACE('',(#174),#2687,.T.);
#2789=ADVANCED_FACE('',(#175),#2688,.T.);
#2790=ADVANCED_FACE('',(#176),#2689,.T.);
#2791=ADVANCED_FACE('',(#177),#2690,.T.);
#2792=ADVANCED_FACE('',(#178),#2691,.T.);
#2793=ADVANCED_FACE('',(#179),#2692,.T.);
#2794=ADVANCED_FACE('',(#180),#106,.T.);
#2795=ADVANCED_FACE('',(#181),#2693,.T.);
#2796=ADVANCED_FACE('',(#182),#2694,.F.);
#2797=ADVANCED_FACE('',(#183),#2695,.F.);
#2798=ADVANCED_FACE('',(#184),#107,.F.);
#2799=ADVANCED_FACE('',(#185),#2696,.T.);
#2800=ADVANCED_FACE('',(#186),#2697,.T.);
#2801=ADVANCED_FACE('',(#187),#2698,.T.);
#2802=ADVANCED_FACE('',(#188),#108,.F.);
#2803=ADVANCED_FACE('',(#189),#109,.F.);
#2804=ADVANCED_FACE('',(#190),#2699,.T.);
#2805=ADVANCED_FACE('',(#191),#2700,.T.);
#2806=ADVANCED_FACE('',(#192),#2701,.T.);
#2807=ADVANCED_FACE('',(#193),#2702,.T.);
#2808=ADVANCED_FACE('',(#194),#2703,.T.);
#2809=ADVANCED_FACE('',(#195),#2704,.T.);
#2810=ADVANCED_FACE('',(#196),#110,.T.);
#2811=ADVANCED_FACE('',(#197),#2705,.F.);
#2812=ADVANCED_FACE('',(#198),#2706,.T.);
#2813=ADVANCED_FACE('',(#199),#65,.T.);
#2814=ADVANCED_FACE('',(#200),#2707,.F.);
#2815=ADVANCED_FACE('',(#201),#2708,.F.);
#2816=ADVANCED_FACE('',(#202,#155),#2709,.T.);
#2817=ADVANCED_FACE('',(#203),#2710,.T.);
#2818=ADVANCED_FACE('',(#204),#2711,.T.);
#2819=ADVANCED_FACE('',(#205),#111,.T.);
#2820=ADVANCED_FACE('',(#206),#2712,.T.);
#2821=ADVANCED_FACE('',(#207),#2713,.T.);
#2822=ADVANCED_FACE('',(#208),#2714,.T.);
#2823=ADVANCED_FACE('',(#209),#2715,.T.);
#2824=ADVANCED_FACE('',(#210),#2716,.T.);
#2825=ADVANCED_FACE('',(#211),#112,.T.);
#2826=ADVANCED_FACE('',(#212),#2717,.T.);
#2827=ADVANCED_FACE('',(#213),#2718,.T.);
#2828=ADVANCED_FACE('',(#214),#2719,.T.);
#2829=ADVANCED_FACE('',(#215),#2720,.T.);
#2830=ADVANCED_FACE('',(#216),#2721,.T.);
#2831=ADVANCED_FACE('',(#217),#2722,.T.);
#2832=ADVANCED_FACE('',(#218),#2723,.T.);
#2833=ADVANCED_FACE('',(#219),#2724,.T.);
#2834=ADVANCED_FACE('',(#220),#113,.T.);
#2835=ADVANCED_FACE('',(#221),#114,.T.);
#2836=ADVANCED_FACE('',(#222),#2725,.F.);
#2837=ADVANCED_FACE('',(#223),#2726,.F.);
#2838=ADVANCED_FACE('',(#224,#156),#2727,.T.);
#2839=ADVANCED_FACE('',(#225),#2728,.T.);
#2840=ADVANCED_FACE('',(#226),#2729,.T.);
#2841=ADVANCED_FACE('',(#227),#115,.T.);
#2842=ADVANCED_FACE('',(#228),#2730,.T.);
#2843=ADVANCED_FACE('',(#229),#2731,.T.);
#2844=ADVANCED_FACE('',(#230),#2732,.T.);
#2845=ADVANCED_FACE('',(#231),#2733,.T.);
#2846=ADVANCED_FACE('',(#232),#2734,.T.);
#2847=ADVANCED_FACE('',(#233),#2735,.F.);
#2848=ADVANCED_FACE('',(#234),#55,.T.);
#2849=ADVANCED_FACE('',(#235),#56,.T.);
#2850=ADVANCED_FACE('',(#236),#116,.T.);
#2851=ADVANCED_FACE('',(#237),#2736,.F.);
#2852=ADVANCED_FACE('',(#238),#117,.F.);
#2853=ADVANCED_FACE('',(#239),#2737,.F.);
#2854=ADVANCED_FACE('',(#240),#118,.T.);
#2855=ADVANCED_FACE('',(#241),#2738,.F.);
#2856=ADVANCED_FACE('',(#242),#119,.F.);
#2857=ADVANCED_FACE('',(#243),#2739,.F.);
#2858=ADVANCED_FACE('',(#244),#120,.T.);
#2859=ADVANCED_FACE('',(#245),#2740,.F.);
#2860=ADVANCED_FACE('',(#246),#121,.F.);
#2861=ADVANCED_FACE('',(#247),#2741,.F.);
#2862=ADVANCED_FACE('',(#248),#122,.T.);
#2863=ADVANCED_FACE('',(#249),#2742,.F.);
#2864=ADVANCED_FACE('',(#250),#123,.F.);
#2865=ADVANCED_FACE('',(#251),#2743,.F.);
#2866=ADVANCED_FACE('',(#252),#124,.T.);
#2867=ADVANCED_FACE('',(#253),#125,.T.);
#2868=ADVANCED_FACE('',(#254),#2744,.F.);
#2869=ADVANCED_FACE('',(#255),#126,.F.);
#2870=ADVANCED_FACE('',(#256),#2745,.F.);
#2871=ADVANCED_FACE('',(#257),#127,.T.);
#2872=ADVANCED_FACE('',(#258),#2746,.F.);
#2873=ADVANCED_FACE('',(#259),#128,.F.);
#2874=ADVANCED_FACE('',(#260),#2747,.F.);
#2875=ADVANCED_FACE('',(#261),#129,.T.);
#2876=ADVANCED_FACE('',(#262),#2748,.F.);
#2877=ADVANCED_FACE('',(#263),#130,.F.);
#2878=ADVANCED_FACE('',(#264),#2749,.F.);
#2879=ADVANCED_FACE('',(#265),#131,.T.);
#2880=ADVANCED_FACE('',(#266),#2750,.F.);
#2881=ADVANCED_FACE('',(#267),#132,.F.);
#2882=ADVANCED_FACE('',(#268),#2751,.F.);
#2883=ADVANCED_FACE('',(#269),#133,.T.);
#2884=ADVANCED_FACE('',(#270),#2752,.F.);
#2885=ADVANCED_FACE('',(#271),#2753,.F.);
#2886=ADVANCED_FACE('',(#272),#134,.T.);
#2887=ADVANCED_FACE('',(#273),#2754,.T.);
#2888=ADVANCED_FACE('',(#274),#2755,.T.);
#2889=ADVANCED_FACE('',(#275,#157,#158),#2756,.T.);
#2890=ADVANCED_FACE('',(#276),#135,.F.);
#2891=ADVANCED_FACE('',(#277),#2757,.F.);
#2892=ADVANCED_FACE('',(#278),#136,.T.);
#2893=ADVANCED_FACE('',(#279),#2758,.F.);
#2894=ADVANCED_FACE('',(#280),#137,.F.);
#2895=ADVANCED_FACE('',(#281),#2759,.F.);
#2896=ADVANCED_FACE('',(#282),#138,.T.);
#2897=ADVANCED_FACE('',(#283),#139,.F.);
#2898=ADVANCED_FACE('',(#284),#2760,.F.);
#2899=ADVANCED_FACE('',(#285),#140,.T.);
#2900=ADVANCED_FACE('',(#286),#2761,.F.);
#2901=ADVANCED_FACE('',(#287),#141,.F.);
#2902=ADVANCED_FACE('',(#288),#2762,.F.);
#2903=ADVANCED_FACE('',(#289),#142,.T.);
#2904=ADVANCED_FACE('',(#290),#2763,.F.);
#2905=ADVANCED_FACE('',(#291),#143,.F.);
#2906=ADVANCED_FACE('',(#292),#2764,.F.);
#2907=ADVANCED_FACE('',(#293),#144,.T.);
#2908=ADVANCED_FACE('',(#294),#145,.F.);
#2909=ADVANCED_FACE('',(#295),#2765,.F.);
#2910=ADVANCED_FACE('',(#296),#146,.T.);
#2911=ADVANCED_FACE('',(#297),#2766,.F.);
#2912=ADVANCED_FACE('',(#298),#147,.F.);
#2913=ADVANCED_FACE('',(#299),#2767,.F.);
#2914=ADVANCED_FACE('',(#300),#148,.T.);
#2915=ADVANCED_FACE('',(#301),#149,.F.);
#2916=ADVANCED_FACE('',(#302),#2768,.F.);
#2917=ADVANCED_FACE('',(#303),#2769,.F.);
#2918=ADVANCED_FACE('',(#304),#2770,.F.);
#2919=ADVANCED_FACE('',(#305),#2771,.F.);
#2920=ADVANCED_FACE('',(#306),#2772,.F.);
#2921=ADVANCED_FACE('',(#307),#150,.T.);
#2922=CLOSED_SHELL('',(#2773,#2774,#2775,#2776,#2777,#2778,#2779,#2780,
#2781,#2782,#2783,#2784,#2785,#2786,#2787,#2788,#2789,#2790,#2791,#2792,
#2793,#2794,#2795,#2796,#2797,#2798,#2799,#2800,#2801,#2802,#2803,#2804,
#2805,#2806,#2807,#2808,#2809,#2810,#2811,#2812,#2813,#2814,#2815,#2816,
#2817,#2818,#2819,#2820,#2821,#2822,#2823,#2824,#2825,#2826,#2827,#2828,
#2829,#2830,#2831,#2832,#2833,#2834,#2835,#2836,#2837,#2838,#2839,#2840,
#2841,#2842,#2843,#2844,#2845,#2846));
#2923=CLOSED_SHELL('',(#2847,#2848,#2849,#2850,#2851,#2852,#2853,#2854,
#2855,#2856,#2857,#2858,#2859,#2860,#2861,#2862,#2863,#2864,#2865,#2866,
#2867,#2868,#2869,#2870,#2871,#2872,#2873,#2874,#2875,#2876,#2877,#2878,
#2879,#2880,#2881,#2882,#2883,#2884,#2885,#2886,#2887,#2888,#2889,#2890,
#2891,#2892,#2893,#2894,#2895,#2896,#2897,#2898,#2899,#2900,#2901,#2902,
#2903,#2904,#2905,#2906,#2907,#2908,#2909,#2910,#2911,#2912,#2913,#2914,
#2915,#2916,#2917,#2918,#2919,#2920,#2921));
#2924=DERIVED_UNIT_ELEMENT(#2928,1.);
#2925=DERIVED_UNIT_ELEMENT(#5477,-3.);
#2926=DERIVED_UNIT_ELEMENT(#2928,1.);
#2927=DERIVED_UNIT_ELEMENT(#5477,-3.);
#2928=(
MASS_UNIT()
NAMED_UNIT(*)
SI_UNIT(.KILO.,.GRAM.)
);
#2929=DERIVED_UNIT((#2924,#2925));
#2930=DERIVED_UNIT((#2926,#2927));
#2931=MEASURE_REPRESENTATION_ITEM('density measure',
POSITIVE_RATIO_MEASURE(7850.),#2929);
#2932=MEASURE_REPRESENTATION_ITEM('density measure',
POSITIVE_RATIO_MEASURE(7850.),#2930);
#2933=PROPERTY_DEFINITION_REPRESENTATION(#2943,#2937);
#2934=PROPERTY_DEFINITION_REPRESENTATION(#2944,#2938);
#2935=PROPERTY_DEFINITION_REPRESENTATION(#2945,#2939);
#2936=PROPERTY_DEFINITION_REPRESENTATION(#2946,#2940);
#2937=REPRESENTATION('material name',(#2941),#5473);
#2938=REPRESENTATION('density',(#2931),#5473);
#2939=REPRESENTATION('material name',(#2942),#5474);
#2940=REPRESENTATION('density',(#2932),#5474);
#2941=DESCRIPTIVE_REPRESENTATION_ITEM('Steel','Steel');
#2942=DESCRIPTIVE_REPRESENTATION_ITEM('Steel','Steel');
#2943=PROPERTY_DEFINITION('material property','material name',#5493);
#2944=PROPERTY_DEFINITION('material property','density of part',#5493);
#2945=PROPERTY_DEFINITION('material property','material name',#5494);
#2946=PROPERTY_DEFINITION('material property','density of part',#5494);
#2947=AXIS2_PLACEMENT_3D('',#3951,#3193,#3194);
#2948=AXIS2_PLACEMENT_3D('',#3952,#3195,#3196);
#2949=AXIS2_PLACEMENT_3D('',#3953,#3197,#3198);
#2950=AXIS2_PLACEMENT_3D('',#3958,#3200,#3201);
#2951=AXIS2_PLACEMENT_3D('',#3966,#3205,#3206);
#2952=AXIS2_PLACEMENT_3D('',#3971,#3209,#3210);
#2953=AXIS2_PLACEMENT_3D('',#3972,#3211,#3212);
#2954=AXIS2_PLACEMENT_3D('',#3978,#3216,#3217);
#2955=AXIS2_PLACEMENT_3D('',#3983,#3219,#3220);
#2956=AXIS2_PLACEMENT_3D('',#3986,#3222,#3223);
#2957=AXIS2_PLACEMENT_3D('',#3989,#3225,#3226);
#2958=AXIS2_PLACEMENT_3D('',#3990,#3227,#3228);
#2959=AXIS2_PLACEMENT_3D('',#4004,#3236,#3237);
#2960=AXIS2_PLACEMENT_3D('',#4008,#3240,#3241);
#2961=AXIS2_PLACEMENT_3D('',#4013,#3243,#3244);
#2962=AXIS2_PLACEMENT_3D('',#4016,#3246,#3247);
#2963=AXIS2_PLACEMENT_3D('',#4019,#3249,#3250);
#2964=AXIS2_PLACEMENT_3D('',#4020,#3251,#3252);
#2965=AXIS2_PLACEMENT_3D('',#4032,#3259,#3260);
#2966=AXIS2_PLACEMENT_3D('',#4034,#3262,#3263);
#2967=AXIS2_PLACEMENT_3D('',#4037,#3265,#3266);
#2968=AXIS2_PLACEMENT_3D('',#4038,#3267,#3268);
#2969=AXIS2_PLACEMENT_3D('',#4039,#3269,#3270);
#2970=AXIS2_PLACEMENT_3D('',#4040,#3271,#3272);
#2971=AXIS2_PLACEMENT_3D('',#4042,#3273,#3274);
#2972=AXIS2_PLACEMENT_3D('',#4049,#3278,#3279);
#2973=AXIS2_PLACEMENT_3D('',#4051,#3280,#3281);
#2974=AXIS2_PLACEMENT_3D('',#4053,#3282,#3283);
#2975=AXIS2_PLACEMENT_3D('',#4055,#3284,#3285);
#2976=AXIS2_PLACEMENT_3D('',#4056,#3286,#3287);
#2977=AXIS2_PLACEMENT_3D('',#4058,#3289,#3290);
#2978=AXIS2_PLACEMENT_3D('',#4061,#3292,#3293);
#2979=AXIS2_PLACEMENT_3D('',#4062,#3294,#3295);
#2980=AXIS2_PLACEMENT_3D('',#4066,#3298,#3299);
#2981=AXIS2_PLACEMENT_3D('',#4070,#3302,#3303);
#2982=AXIS2_PLACEMENT_3D('',#4073,#3305,#3306);
#2983=AXIS2_PLACEMENT_3D('',#4074,#3307,#3308);
#2984=AXIS2_PLACEMENT_3D('',#4077,#3310,#3311);
#2985=AXIS2_PLACEMENT_3D('',#4078,#3312,#3313);
#2986=AXIS2_PLACEMENT_3D('',#4083,#3316,#3317);
#2987=AXIS2_PLACEMENT_3D('',#4084,#3318,#3319);
#2988=AXIS2_PLACEMENT_3D('',#4086,#3321,#3322);
#2989=AXIS2_PLACEMENT_3D('',#4088,#3324,#3325);
#2990=AXIS2_PLACEMENT_3D('',#4090,#3326,#3327);
#2991=AXIS2_PLACEMENT_3D('',#4091,#3328,#3329);
#2992=AXIS2_PLACEMENT_3D('',#4093,#3331,#3332);
#2993=AXIS2_PLACEMENT_3D('',#4118,#3337,#3338);
#2994=AXIS2_PLACEMENT_3D('',#4121,#3339,#3340);
#2995=AXIS2_PLACEMENT_3D('',#4122,#3341,#3342);
#2996=AXIS2_PLACEMENT_3D('',#4126,#3345,#3346);
#2997=AXIS2_PLACEMENT_3D('',#4135,#3350,#3351);
#2998=AXIS2_PLACEMENT_3D('',#4137,#3352,#3353);
#2999=AXIS2_PLACEMENT_3D('',#4139,#3354,#3355);
#3000=AXIS2_PLACEMENT_3D('',#4141,#3356,#3357);
#3001=AXIS2_PLACEMENT_3D('',#4149,#3361,#3362);
#3002=AXIS2_PLACEMENT_3D('',#4157,#3366,#3367);
#3003=AXIS2_PLACEMENT_3D('',#4164,#3371,#3372);
#3004=AXIS2_PLACEMENT_3D('',#4165,#3373,#3374);
#3005=AXIS2_PLACEMENT_3D('',#4170,#3376,#3377);
#3006=AXIS2_PLACEMENT_3D('',#4173,#3379,#3380);
#3007=AXIS2_PLACEMENT_3D('',#4176,#3382,#3383);
#3008=AXIS2_PLACEMENT_3D('',#4177,#3384,#3385);
#3009=AXIS2_PLACEMENT_3D('',#4180,#3388,#3389);
#3010=AXIS2_PLACEMENT_3D('',#4185,#3394,#3395);
#3011=AXIS2_PLACEMENT_3D('',#4187,#3397,#3398);
#3012=AXIS2_PLACEMENT_3D('',#4189,#3399,#3400);
#3013=AXIS2_PLACEMENT_3D('',#4191,#3402,#3403);
#3014=AXIS2_PLACEMENT_3D('',#4193,#3404,#3405);
#3015=AXIS2_PLACEMENT_3D('',#4195,#3407,#3408);
#3016=AXIS2_PLACEMENT_3D('',#4196,#3409,#3410);
#3017=AXIS2_PLACEMENT_3D('',#4197,#3411,#3412);
#3018=AXIS2_PLACEMENT_3D('',#4205,#3416,#3417);
#3019=AXIS2_PLACEMENT_3D('',#4206,#3418,#3419);
#3020=AXIS2_PLACEMENT_3D('',#4207,#3420,#3421);
#3021=AXIS2_PLACEMENT_3D('',#4212,#3423,#3424);
#3022=AXIS2_PLACEMENT_3D('',#4216,#3427,#3428);
#3023=AXIS2_PLACEMENT_3D('',#4219,#3431,#3432);
#3024=AXIS2_PLACEMENT_3D('',#4221,#3434,#3435);
#3025=AXIS2_PLACEMENT_3D('',#4223,#3437,#3438);
#3026=AXIS2_PLACEMENT_3D('',#4224,#3439,#3440);
#3027=AXIS2_PLACEMENT_3D('',#4226,#3441,#3442);
#3028=AXIS2_PLACEMENT_3D('',#4230,#3445,#3446);
#3029=AXIS2_PLACEMENT_3D('',#4249,#3449,#3450);
#3030=AXIS2_PLACEMENT_3D('',#4250,#3451,#3452);
#3031=AXIS2_PLACEMENT_3D('',#4251,#3453,#3454);
#3032=AXIS2_PLACEMENT_3D('',#4252,#3455,#3456);
#3033=AXIS2_PLACEMENT_3D('',#4266,#3464,#3465);
#3034=AXIS2_PLACEMENT_3D('',#4273,#3468,#3469);
#3035=AXIS2_PLACEMENT_3D('',#4283,#3475,#3476);
#3036=AXIS2_PLACEMENT_3D('',#4286,#3479,#3480);
#3037=AXIS2_PLACEMENT_3D('',#4288,#3482,#3483);
#3038=AXIS2_PLACEMENT_3D('',#4290,#3485,#3486);
#3039=AXIS2_PLACEMENT_3D('',#4292,#3488,#3489);
#3040=AXIS2_PLACEMENT_3D('',#4294,#3491,#3492);
#3041=AXIS2_PLACEMENT_3D('',#4296,#3494,#3495);
#3042=AXIS2_PLACEMENT_3D('',#4298,#3497,#3498);
#3043=AXIS2_PLACEMENT_3D('',#4299,#3499,#3500);
#3044=AXIS2_PLACEMENT_3D('',#4303,#3503,#3504);
#3045=AXIS2_PLACEMENT_3D('',#4305,#3505,#3506);
#3046=AXIS2_PLACEMENT_3D('',#4307,#3508,#3509);
#3047=AXIS2_PLACEMENT_3D('',#4309,#3510,#3511);
#3048=AXIS2_PLACEMENT_3D('',#4324,#3519,#3520);
#3049=AXIS2_PLACEMENT_3D('',#4325,#3521,#3522);
#3050=AXIS2_PLACEMENT_3D('',#4331,#3526,#3527);
#3051=AXIS2_PLACEMENT_3D('',#4334,#3530,#3531);
#3052=AXIS2_PLACEMENT_3D('',#4339,#3535,#3536);
#3053=AXIS2_PLACEMENT_3D('',#4343,#3539,#3540);
#3054=AXIS2_PLACEMENT_3D('',#4347,#3543,#3544);
#3055=AXIS2_PLACEMENT_3D('',#4351,#3547,#3548);
#3056=AXIS2_PLACEMENT_3D('',#4353,#3550,#3551);
#3057=AXIS2_PLACEMENT_3D('',#4354,#3552,#3553);
#3058=AXIS2_PLACEMENT_3D('',#4355,#3554,#3555);
#3059=AXIS2_PLACEMENT_3D('',#4356,#3556,#3557);
#3060=AXIS2_PLACEMENT_3D('',#4370,#3565,#3566);
#3061=AXIS2_PLACEMENT_3D('',#4377,#3569,#3570);
#3062=AXIS2_PLACEMENT_3D('',#4387,#3576,#3577);
#3063=AXIS2_PLACEMENT_3D('',#4390,#3580,#3581);
#3064=AXIS2_PLACEMENT_3D('',#4392,#3583,#3584);
#3065=AXIS2_PLACEMENT_3D('',#4394,#3586,#3587);
#3066=AXIS2_PLACEMENT_3D('',#4396,#3589,#3590);
#3067=AXIS2_PLACEMENT_3D('',#4398,#3592,#3593);
#3068=AXIS2_PLACEMENT_3D('',#4400,#3595,#3596);
#3069=AXIS2_PLACEMENT_3D('',#4402,#3598,#3599);
#3070=AXIS2_PLACEMENT_3D('',#4403,#3600,#3601);
#3071=AXIS2_PLACEMENT_3D('',#4404,#3602,#3603);
#3072=AXIS2_PLACEMENT_3D('',#4406,#3604,#3605);
#3073=AXIS2_PLACEMENT_3D('',#4407,#3606,#3607);
#3074=AXIS2_PLACEMENT_3D('',#4414,#3608,#3609);
#3075=AXIS2_PLACEMENT_3D('',#4789,#3610,#3611);
#3076=AXIS2_PLACEMENT_3D('',#4796,#3612,#3613);
#3077=AXIS2_PLACEMENT_3D('',#5171,#3614,#3615);
#3078=AXIS2_PLACEMENT_3D('',#5175,#3617,#3618);
#3079=AXIS2_PLACEMENT_3D('',#5177,#3620,#3621);
#3080=AXIS2_PLACEMENT_3D('',#5181,#3624,#3625);
#3081=AXIS2_PLACEMENT_3D('',#5184,#3627,#3628);
#3082=AXIS2_PLACEMENT_3D('',#5185,#3629,#3630);
#3083=AXIS2_PLACEMENT_3D('',#5189,#3633,#3634);
#3084=AXIS2_PLACEMENT_3D('',#5192,#3636,#3637);
#3085=AXIS2_PLACEMENT_3D('',#5193,#3638,#3639);
#3086=AXIS2_PLACEMENT_3D('',#5197,#3642,#3643);
#3087=AXIS2_PLACEMENT_3D('',#5200,#3645,#3646);
#3088=AXIS2_PLACEMENT_3D('',#5201,#3647,#3648);
#3089=AXIS2_PLACEMENT_3D('',#5205,#3651,#3652);
#3090=AXIS2_PLACEMENT_3D('',#5208,#3654,#3655);
#3091=AXIS2_PLACEMENT_3D('',#5209,#3656,#3657);
#3092=AXIS2_PLACEMENT_3D('',#5213,#3660,#3661);
#3093=AXIS2_PLACEMENT_3D('',#5216,#3663,#3664);
#3094=AXIS2_PLACEMENT_3D('',#5217,#3665,#3666);
#3095=AXIS2_PLACEMENT_3D('',#5221,#3669,#3670);
#3096=AXIS2_PLACEMENT_3D('',#5224,#3672,#3673);
#3097=AXIS2_PLACEMENT_3D('',#5225,#3674,#3675);
#3098=AXIS2_PLACEMENT_3D('',#5229,#3678,#3679);
#3099=AXIS2_PLACEMENT_3D('',#5232,#3681,#3682);
#3100=AXIS2_PLACEMENT_3D('',#5233,#3683,#3684);
#3101=AXIS2_PLACEMENT_3D('',#5237,#3687,#3688);
#3102=AXIS2_PLACEMENT_3D('',#5240,#3690,#3691);
#3103=AXIS2_PLACEMENT_3D('',#5241,#3692,#3693);
#3104=AXIS2_PLACEMENT_3D('',#5245,#3695,#3696);
#3105=AXIS2_PLACEMENT_3D('',#5247,#3698,#3699);
#3106=AXIS2_PLACEMENT_3D('',#5251,#3702,#3703);
#3107=AXIS2_PLACEMENT_3D('',#5254,#3705,#3706);
#3108=AXIS2_PLACEMENT_3D('',#5255,#3707,#3708);
#3109=AXIS2_PLACEMENT_3D('',#5259,#3711,#3712);
#3110=AXIS2_PLACEMENT_3D('',#5262,#3714,#3715);
#3111=AXIS2_PLACEMENT_3D('',#5263,#3716,#3717);
#3112=AXIS2_PLACEMENT_3D('',#5267,#3720,#3721);
#3113=AXIS2_PLACEMENT_3D('',#5270,#3723,#3724);
#3114=AXIS2_PLACEMENT_3D('',#5271,#3725,#3726);
#3115=AXIS2_PLACEMENT_3D('',#5275,#3729,#3730);
#3116=AXIS2_PLACEMENT_3D('',#5278,#3732,#3733);
#3117=AXIS2_PLACEMENT_3D('',#5279,#3734,#3735);
#3118=AXIS2_PLACEMENT_3D('',#5283,#3738,#3739);
#3119=AXIS2_PLACEMENT_3D('',#5286,#3741,#3742);
#3120=AXIS2_PLACEMENT_3D('',#5287,#3743,#3744);
#3121=AXIS2_PLACEMENT_3D('',#5291,#3747,#3748);
#3122=AXIS2_PLACEMENT_3D('',#5294,#3750,#3751);
#3123=AXIS2_PLACEMENT_3D('',#5295,#3752,#3753);
#3124=AXIS2_PLACEMENT_3D('',#5299,#3756,#3757);
#3125=AXIS2_PLACEMENT_3D('',#5302,#3759,#3760);
#3126=AXIS2_PLACEMENT_3D('',#5303,#3761,#3762);
#3127=AXIS2_PLACEMENT_3D('',#5307,#3765,#3766);
#3128=AXIS2_PLACEMENT_3D('',#5310,#3768,#3769);
#3129=AXIS2_PLACEMENT_3D('',#5311,#3770,#3771);
#3130=AXIS2_PLACEMENT_3D('',#5316,#3775,#3776);
#3131=AXIS2_PLACEMENT_3D('',#5321,#3780,#3781);
#3132=AXIS2_PLACEMENT_3D('',#5324,#3783,#3784);
#3133=AXIS2_PLACEMENT_3D('',#5325,#3785,#3786);
#3134=AXIS2_PLACEMENT_3D('',#5326,#3787,#3788);
#3135=AXIS2_PLACEMENT_3D('',#5327,#3789,#3790);
#3136=AXIS2_PLACEMENT_3D('',#5330,#3791,#3792);
#3137=AXIS2_PLACEMENT_3D('',#5332,#3793,#3794);
#3138=AXIS2_PLACEMENT_3D('',#5334,#3795,#3796);
#3139=AXIS2_PLACEMENT_3D('',#5336,#3797,#3798);
#3140=AXIS2_PLACEMENT_3D('',#5338,#3799,#3800);
#3141=AXIS2_PLACEMENT_3D('',#5340,#3801,#3802);
#3142=AXIS2_PLACEMENT_3D('',#5342,#3803,#3804);
#3143=AXIS2_PLACEMENT_3D('',#5343,#3805,#3806);
#3144=AXIS2_PLACEMENT_3D('',#5345,#3807,#3808);
#3145=AXIS2_PLACEMENT_3D('',#5349,#3810,#3811);
#3146=AXIS2_PLACEMENT_3D('',#5353,#3813,#3814);
#3147=AXIS2_PLACEMENT_3D('',#5357,#3816,#3817);
#3148=AXIS2_PLACEMENT_3D('',#5361,#3819,#3820);
#3149=AXIS2_PLACEMENT_3D('',#5365,#3822,#3823);
#3150=AXIS2_PLACEMENT_3D('',#5369,#3825,#3826);
#3151=AXIS2_PLACEMENT_3D('',#5373,#3828,#3829);
#3152=AXIS2_PLACEMENT_3D('',#5378,#3832,#3833);
#3153=AXIS2_PLACEMENT_3D('',#5382,#3835,#3836);
#3154=AXIS2_PLACEMENT_3D('',#5386,#3838,#3839);
#3155=AXIS2_PLACEMENT_3D('',#5390,#3841,#3842);
#3156=AXIS2_PLACEMENT_3D('',#5394,#3844,#3845);
#3157=AXIS2_PLACEMENT_3D('',#5398,#3847,#3848);
#3158=AXIS2_PLACEMENT_3D('',#5402,#3850,#3851);
#3159=AXIS2_PLACEMENT_3D('',#5404,#3853,#3854);
#3160=AXIS2_PLACEMENT_3D('',#5407,#3857,#3858);
#3161=AXIS2_PLACEMENT_3D('',#5408,#3859,#3860);
#3162=AXIS2_PLACEMENT_3D('',#5411,#3863,#3864);
#3163=AXIS2_PLACEMENT_3D('',#5413,#3866,#3867);
#3164=AXIS2_PLACEMENT_3D('',#5415,#3869,#3870);
#3165=AXIS2_PLACEMENT_3D('',#5417,#3872,#3873);
#3166=AXIS2_PLACEMENT_3D('',#5419,#3875,#3876);
#3167=AXIS2_PLACEMENT_3D('',#5422,#3879,#3880);
#3168=AXIS2_PLACEMENT_3D('',#5423,#3881,#3882);
#3169=AXIS2_PLACEMENT_3D('',#5426,#3885,#3886);
#3170=AXIS2_PLACEMENT_3D('',#5428,#3888,#3889);
#3171=AXIS2_PLACEMENT_3D('',#5430,#3891,#3892);
#3172=AXIS2_PLACEMENT_3D('',#5431,#3893,#3894);
#3173=AXIS2_PLACEMENT_3D('',#5433,#3896,#3897);
#3174=AXIS2_PLACEMENT_3D('',#5435,#3899,#3900);
#3175=AXIS2_PLACEMENT_3D('',#5437,#3902,#3903);
#3176=AXIS2_PLACEMENT_3D('',#5439,#3905,#3906);
#3177=AXIS2_PLACEMENT_3D('',#5441,#3908,#3909);
#3178=AXIS2_PLACEMENT_3D('',#5444,#3912,#3913);
#3179=AXIS2_PLACEMENT_3D('',#5445,#3914,#3915);
#3180=AXIS2_PLACEMENT_3D('',#5448,#3918,#3919);
#3181=AXIS2_PLACEMENT_3D('',#5450,#3921,#3922);
#3182=AXIS2_PLACEMENT_3D('',#5452,#3924,#3925);
#3183=AXIS2_PLACEMENT_3D('',#5454,#3927,#3928);
#3184=AXIS2_PLACEMENT_3D('',#5456,#3930,#3931);
#3185=AXIS2_PLACEMENT_3D('',#5459,#3934,#3935);
#3186=AXIS2_PLACEMENT_3D('',#5460,#3936,#3937);
#3187=AXIS2_PLACEMENT_3D('',#5461,#3938,#3939);
#3188=AXIS2_PLACEMENT_3D('',#5462,#3940,#3941);
#3189=AXIS2_PLACEMENT_3D('',#5463,#3942,#3943);
#3190=AXIS2_PLACEMENT_3D('',#5464,#3944,#3945);
#3191=AXIS2_PLACEMENT_3D('',#5466,#3947,#3948);
#3192=AXIS2_PLACEMENT_3D('',#5467,#3949,#3950);
#3193=DIRECTION('axis',(0.,0.,1.));
#3194=DIRECTION('refdir',(1.,0.,0.));
#3195=DIRECTION('axis',(0.,0.,1.));
#3196=DIRECTION('refdir',(1.,0.,0.));
#3197=DIRECTION('center_axis',(0.,0.,1.));
#3198=DIRECTION('ref_axis',(1.,0.,0.));
#3199=DIRECTION('',(4.33812713274376E-15,1.,0.));
#3200=DIRECTION('center_axis',(0.,0.,1.));
#3201=DIRECTION('ref_axis',(0.445454545454545,-0.895304555966228,0.));
#3202=DIRECTION('',(0.,1.,0.));
#3203=DIRECTION('',(-1.,0.,0.));
#3204=DIRECTION('',(-1.44604237758127E-15,-1.,0.));
#3205=DIRECTION('center_axis',(0.,0.,1.));
#3206=DIRECTION('ref_axis',(-0.445454545454544,0.895304555966229,0.));
#3207=DIRECTION('',(-1.44604237758125E-15,-1.,0.));
#3208=DIRECTION('',(1.,-9.06304509898087E-16,0.));
#3209=DIRECTION('center_axis',(0.,0.,-1.));
#3210=DIRECTION('ref_axis',(1.,0.,0.));
#3211=DIRECTION('center_axis',(1.,-4.33812713274376E-15,0.));
#3212=DIRECTION('ref_axis',(4.33812713274376E-15,1.,0.));
#3213=DIRECTION('',(4.33812713274376E-15,1.,0.));
#3214=DIRECTION('',(0.,0.,1.));
#3215=DIRECTION('',(0.,0.,1.));
#3216=DIRECTION('center_axis',(0.,0.,1.));
#3217=DIRECTION('ref_axis',(0.445454545454545,-0.895304555966228,0.));
#3218=DIRECTION('',(0.,0.,-1.));
#3219=DIRECTION('center_axis',(0.,0.,1.));
#3220=DIRECTION('ref_axis',(0.445454545454545,-0.895304555966228,0.));
#3221=DIRECTION('',(0.,0.,1.));
#3222=DIRECTION('center_axis',(0.,0.,1.));
#3223=DIRECTION('ref_axis',(0.445454545454545,-0.895304555966228,0.));
#3224=DIRECTION('',(0.,0.,1.));
#3225=DIRECTION('center_axis',(0.,0.,1.));
#3226=DIRECTION('ref_axis',(0.445454545454545,-0.895304555966228,0.));
#3227=DIRECTION('center_axis',(0.,1.,0.));
#3228=DIRECTION('ref_axis',(-1.,0.,0.));
#3229=DIRECTION('',(1.,0.,0.));
#3230=DIRECTION('',(0.,0.,1.));
#3231=DIRECTION('',(-1.,0.,0.));
#3232=DIRECTION('',(0.,0.,1.));
#3233=DIRECTION('',(0.,0.,1.));
#3234=DIRECTION('',(-1.,0.,0.));
#3235=DIRECTION('',(0.,0.,1.));
#3236=DIRECTION('center_axis',(-1.,1.44604237758127E-15,0.));
#3237=DIRECTION('ref_axis',(-1.44604237758127E-15,-1.,0.));
#3238=DIRECTION('',(-1.44604237758127E-15,-1.,0.));
#3239=DIRECTION('',(0.,0.,1.));
#3240=DIRECTION('center_axis',(0.,0.,1.));
#3241=DIRECTION('ref_axis',(-0.445454545454544,0.895304555966229,0.));
#3242=DIRECTION('',(0.,0.,-1.));
#3243=DIRECTION('center_axis',(0.,0.,1.));
#3244=DIRECTION('ref_axis',(-0.445454545454544,0.895304555966229,0.));
#3245=DIRECTION('',(0.,0.,1.));
#3246=DIRECTION('center_axis',(0.,0.,1.));
#3247=DIRECTION('ref_axis',(-0.445454545454544,0.895304555966229,0.));
#3248=DIRECTION('',(0.,0.,1.));
#3249=DIRECTION('center_axis',(0.,0.,1.));
#3250=DIRECTION('ref_axis',(-0.445454545454544,0.895304555966229,0.));
#3251=DIRECTION('center_axis',(-9.06304509898087E-16,-1.,0.));
#3252=DIRECTION('ref_axis',(1.,-9.06304509898087E-16,0.));
#3253=DIRECTION('',(-1.,0.,0.));
#3254=DIRECTION('',(0.,0.,1.));
#3255=DIRECTION('',(1.,0.,0.));
#3256=DIRECTION('',(0.,0.,1.));
#3257=DIRECTION('',(1.,0.,0.));
#3258=DIRECTION('',(0.,0.,1.));
#3259=DIRECTION('center_axis',(-1.,1.44604237758125E-15,0.));
#3260=DIRECTION('ref_axis',(-1.44604237758125E-15,-1.,0.));
#3261=DIRECTION('',(-1.44604237758125E-15,-1.,0.));
#3262=DIRECTION('center_axis',(0.,0.,1.));
#3263=DIRECTION('ref_axis',(1.,0.,0.));
#3264=DIRECTION('',(-0.960550243204877,-0.27810650887574,0.));
#3265=DIRECTION('center_axis',(0.,0.,1.));
#3266=DIRECTION('ref_axis',(1.,0.,0.));
#3267=DIRECTION('center_axis',(0.,0.,1.));
#3268=DIRECTION('ref_axis',(1.,0.,0.));
#3269=DIRECTION('center_axis',(0.,0.,1.));
#3270=DIRECTION('ref_axis',(1.,0.,0.));
#3271=DIRECTION('center_axis',(0.,0.,1.));
#3272=DIRECTION('ref_axis',(1.,0.,0.));
#3273=DIRECTION('center_axis',(0.,0.,1.));
#3274=DIRECTION('ref_axis',(1.,0.,0.));
#3275=DIRECTION('',(0.,1.,0.));
#3276=DIRECTION('',(-1.,1.50030138462859E-16,0.));
#3277=DIRECTION('',(0.,-1.,0.));
#3278=DIRECTION('center_axis',(0.,0.,1.));
#3279=DIRECTION('ref_axis',(1.,0.,0.));
#3280=DIRECTION('center_axis',(0.,0.,-1.));
#3281=DIRECTION('ref_axis',(1.,0.,0.));
#3282=DIRECTION('center_axis',(0.,0.,-1.));
#3283=DIRECTION('ref_axis',(1.,0.,0.));
#3284=DIRECTION('center_axis',(0.,0.,-1.));
#3285=DIRECTION('ref_axis',(1.,0.,0.));
#3286=DIRECTION('center_axis',(1.,0.,0.));
#3287=DIRECTION('ref_axis',(0.,1.,0.));
#3288=DIRECTION('',(0.,1.,0.));
#3289=DIRECTION('center_axis',(0.,0.,1.));
#3290=DIRECTION('ref_axis',(1.,0.,0.));
#3291=DIRECTION('',(0.960550243204877,-0.27810650887574,0.));
#3292=DIRECTION('center_axis',(0.,0.,1.));
#3293=DIRECTION('ref_axis',(1.,0.,0.));
#3294=DIRECTION('center_axis',(0.27810650887574,0.960550243204877,0.));
#3295=DIRECTION('ref_axis',(-0.960550243204877,0.27810650887574,0.));
#3296=DIRECTION('',(0.,0.,1.));
#3297=DIRECTION('',(-0.960550243204877,0.27810650887574,0.));
#3298=DIRECTION('center_axis',(0.27810650887574,-0.960550243204877,0.));
#3299=DIRECTION('ref_axis',(0.960550243204877,0.27810650887574,0.));
#3300=DIRECTION('',(0.960550243204877,0.27810650887574,0.));
#3301=DIRECTION('',(0.,0.,1.));
#3302=DIRECTION('center_axis',(0.,0.,1.));
#3303=DIRECTION('ref_axis',(1.,0.,0.));
#3304=DIRECTION('',(0.960550243204877,0.27810650887574,0.));
#3305=DIRECTION('center_axis',(0.,0.,1.));
#3306=DIRECTION('ref_axis',(1.,0.,0.));
#3307=DIRECTION('center_axis',(0.,0.,1.));
#3308=DIRECTION('ref_axis',(1.,0.,0.));
#3309=DIRECTION('',(-0.960550243204877,0.27810650887574,0.));
#3310=DIRECTION('center_axis',(0.,0.,1.));
#3311=DIRECTION('ref_axis',(1.,0.,0.));
#3312=DIRECTION('center_axis',(0.,0.,1.));
#3313=DIRECTION('ref_axis',(1.,0.,0.));
#3314=DIRECTION('',(-0.960550243204877,-0.27810650887574,0.));
#3315=DIRECTION('',(0.960550243204877,-0.27810650887574,0.));
#3316=DIRECTION('center_axis',(0.,0.,1.));
#3317=DIRECTION('ref_axis',(1.,0.,0.));
#3318=DIRECTION('center_axis',(-0.27810650887574,0.960550243204877,0.));
#3319=DIRECTION('ref_axis',(-0.960550243204877,-0.27810650887574,0.));
#3320=DIRECTION('',(0.,0.,1.));
#3321=DIRECTION('center_axis',(-0.27810650887574,-0.960550243204877,0.));
#3322=DIRECTION('ref_axis',(0.960550243204877,-0.27810650887574,0.));
#3323=DIRECTION('',(0.,0.,1.));
#3324=DIRECTION('center_axis',(0.,0.,1.));
#3325=DIRECTION('ref_axis',(1.,0.,0.));
#3326=DIRECTION('center_axis',(0.,0.,-1.));
#3327=DIRECTION('ref_axis',(1.,0.,0.));
#3328=DIRECTION('center_axis',(0.,0.,1.));
#3329=DIRECTION('ref_axis',(1.,0.,0.));
#3330=DIRECTION('',(0.,0.,-1.));
#3331=DIRECTION('center_axis',(-5.12465815762697E-15,-1.,0.));
#3332=DIRECTION('ref_axis',(-1.,5.12465815762697E-15,0.));
#3333=DIRECTION('',(-1.,0.,0.));
#3334=DIRECTION('',(0.,0.,1.));
#3335=DIRECTION('',(-1.,5.12465815762697E-15,0.));
#3336=DIRECTION('',(0.,0.,-1.));
#3337=DIRECTION('center_axis',(0.,0.,1.));
#3338=DIRECTION('ref_axis',(1.,0.,0.));
#3339=DIRECTION('center_axis',(0.,0.,-1.));
#3340=DIRECTION('ref_axis',(1.,0.,0.));
#3341=DIRECTION('center_axis',(0.,0.,-1.));
#3342=DIRECTION('ref_axis',(1.,0.,0.));
#3343=DIRECTION('',(0.,1.,0.));
#3344=DIRECTION('',(1.,1.61671977258394E-16,0.));
#3345=DIRECTION('center_axis',(0.,0.,1.));
#3346=DIRECTION('ref_axis',(1.,0.,0.));
#3347=DIRECTION('',(0.,-1.,0.));
#3348=DIRECTION('',(-1.,1.50030138462859E-16,0.));
#3349=DIRECTION('',(5.55111512312579E-16,1.,0.));
#3350=DIRECTION('center_axis',(0.,0.,1.));
#3351=DIRECTION('ref_axis',(-1.,0.,0.));
#3352=DIRECTION('center_axis',(0.,0.,-1.));
#3353=DIRECTION('ref_axis',(1.,0.,0.));
#3354=DIRECTION('center_axis',(0.,0.,-1.));
#3355=DIRECTION('ref_axis',(1.,0.,0.));
#3356=DIRECTION('center_axis',(0.,0.,1.));
#3357=DIRECTION('ref_axis',(-1.,0.,0.));
#3358=DIRECTION('',(0.,-1.,0.));
#3359=DIRECTION('',(-1.,1.50030138462859E-16,0.));
#3360=DIRECTION('',(5.55111512312579E-16,1.,0.));
#3361=DIRECTION('center_axis',(0.,0.,1.));
#3362=DIRECTION('ref_axis',(-1.,0.,0.));
#3363=DIRECTION('',(0.,-1.,0.));
#3364=DIRECTION('',(-1.,1.50030138462859E-16,0.));
#3365=DIRECTION('',(0.,1.,0.));
#3366=DIRECTION('center_axis',(0.,0.,1.));
#3367=DIRECTION('ref_axis',(1.,0.,0.));
#3368=DIRECTION('',(0.,-1.,0.));
#3369=DIRECTION('',(-1.,1.50030138462859E-16,0.));
#3370=DIRECTION('',(5.55111512312579E-16,1.,0.));
#3371=DIRECTION('center_axis',(0.,0.,1.));
#3372=DIRECTION('ref_axis',(-1.,0.,0.));
#3373=DIRECTION('center_axis',(0.,0.,-1.));
#3374=DIRECTION('ref_axis',(1.,0.,0.));
#3375=DIRECTION('',(0.,0.,1.));
#3376=DIRECTION('center_axis',(0.,0.,1.));
#3377=DIRECTION('ref_axis',(1.,0.,0.));
#3378=DIRECTION('',(0.,0.,1.));
#3379=DIRECTION('center_axis',(0.,0.,1.));
#3380=DIRECTION('ref_axis',(1.,0.,0.));
#3381=DIRECTION('',(0.,0.,-1.));
#3382=DIRECTION('center_axis',(0.,0.,-1.));
#3383=DIRECTION('ref_axis',(1.,0.,0.));
#3384=DIRECTION('center_axis',(1.,0.,0.));
#3385=DIRECTION('ref_axis',(0.,-1.,0.));
#3386=DIRECTION('',(0.,0.,-1.));
#3387=DIRECTION('',(0.,0.,-1.));
#3388=DIRECTION('center_axis',(-1.50030138462859E-16,-1.,0.));
#3389=DIRECTION('ref_axis',(-1.,1.50030138462859E-16,0.));
#3390=DIRECTION('',(0.,0.,-1.));
#3391=DIRECTION('',(-1.,1.50030138462859E-16,0.));
#3392=DIRECTION('',(-1.,1.50030138462859E-16,0.));
#3393=DIRECTION('',(-1.,1.50030138462859E-16,0.));
#3394=DIRECTION('center_axis',(-1.,0.,0.));
#3395=DIRECTION('ref_axis',(0.,1.,0.));
#3396=DIRECTION('',(0.,0.,1.));
#3397=DIRECTION('center_axis',(0.,0.,-1.));
#3398=DIRECTION('ref_axis',(1.,0.,0.));
#3399=DIRECTION('center_axis',(0.,0.,1.));
#3400=DIRECTION('ref_axis',(1.,0.,0.));
#3401=DIRECTION('',(0.,0.,1.));
#3402=DIRECTION('center_axis',(0.,0.,-1.));
#3403=DIRECTION('ref_axis',(1.,0.,0.));
#3404=DIRECTION('center_axis',(0.,0.,1.));
#3405=DIRECTION('ref_axis',(1.,0.,0.));
#3406=DIRECTION('',(0.,0.,1.));
#3407=DIRECTION('center_axis',(0.,0.,1.));
#3408=DIRECTION('ref_axis',(1.,0.,0.));
#3409=DIRECTION('center_axis',(0.,0.,1.));
#3410=DIRECTION('ref_axis',(1.,0.,0.));
#3411=DIRECTION('center_axis',(0.,0.,1.));
#3412=DIRECTION('ref_axis',(1.,0.,0.));
#3413=DIRECTION('',(1.,-5.12465815762697E-15,0.));
#3414=DIRECTION('',(0.,-1.,0.));
#3415=DIRECTION('',(-1.,5.12465815762698E-15,0.));
#3416=DIRECTION('center_axis',(0.,0.,1.));
#3417=DIRECTION('ref_axis',(1.,0.,0.));
#3418=DIRECTION('center_axis',(0.,0.,1.));
#3419=DIRECTION('ref_axis',(1.,0.,0.));
#3420=DIRECTION('center_axis',(0.,0.,1.));
#3421=DIRECTION('ref_axis',(1.,0.,0.));
#3422=DIRECTION('',(-1.,5.12465815762697E-15,0.));
#3423=DIRECTION('center_axis',(0.,0.,1.));
#3424=DIRECTION('ref_axis',(1.,0.,0.));
#3425=DIRECTION('',(1.,-5.12465815762698E-15,0.));
#3426=DIRECTION('',(0.,1.,0.));
#3427=DIRECTION('center_axis',(-5.12465815762698E-15,-1.,0.));
#3428=DIRECTION('ref_axis',(1.,-5.12465815762698E-15,0.));
#3429=DIRECTION('',(0.,0.,1.));
#3430=DIRECTION('',(0.,0.,1.));
#3431=DIRECTION('center_axis',(1.,0.,0.));
#3432=DIRECTION('ref_axis',(0.,1.,0.));
#3433=DIRECTION('',(0.,0.,1.));
#3434=DIRECTION('center_axis',(5.12465815762697E-15,1.,0.));
#3435=DIRECTION('ref_axis',(-1.,5.12465815762697E-15,0.));
#3436=DIRECTION('',(0.,0.,1.));
#3437=DIRECTION('center_axis',(0.,0.,-1.));
#3438=DIRECTION('ref_axis',(-1.83697019872103E-16,1.,0.));
#3439=DIRECTION('center_axis',(0.,0.,1.));
#3440=DIRECTION('ref_axis',(1.,0.,0.));
#3441=DIRECTION('center_axis',(0.,0.,1.));
#3442=DIRECTION('ref_axis',(1.,-4.44089209850063E-16,0.));
#3443=DIRECTION('',(1.,1.61671977258394E-16,0.));
#3444=DIRECTION('',(0.,1.,0.));
#3445=DIRECTION('center_axis',(5.12465815762698E-15,1.,0.));
#3446=DIRECTION('ref_axis',(1.,-5.12465815762698E-15,0.));
#3447=DIRECTION('',(0.,0.,1.));
#3448=DIRECTION('',(0.,0.,1.));
#3449=DIRECTION('center_axis',(0.,0.,-1.));
#3450=DIRECTION('ref_axis',(1.,-3.21624529935327E-16,0.));
#3451=DIRECTION('center_axis',(0.,0.,-1.));
#3452=DIRECTION('ref_axis',(1.,-4.44089209850063E-16,0.));
#3453=DIRECTION('center_axis',(1.,0.,0.));
#3454=DIRECTION('ref_axis',(0.,1.,0.));
#3455=DIRECTION('center_axis',(0.,0.,-1.));
#3456=DIRECTION('ref_axis',(1.,0.,0.));
#3457=DIRECTION('',(0.,1.,0.));
#3458=DIRECTION('',(-1.,0.,0.));
#3459=DIRECTION('',(0.,-1.,0.));
#3460=DIRECTION('',(1.,0.,0.));
#3461=DIRECTION('',(0.,1.,0.));
#3462=DIRECTION('',(-1.,0.,0.));
#3463=DIRECTION('',(-5.55111512312579E-16,-1.,0.));
#3464=DIRECTION('center_axis',(0.,0.,-1.));
#3465=DIRECTION('ref_axis',(1.,0.,0.));
#3466=DIRECTION('',(-1.,0.,0.));
#3467=DIRECTION('',(0.,1.,0.));
#3468=DIRECTION('center_axis',(0.,0.,-1.));
#3469=DIRECTION('ref_axis',(-1.,0.,0.));
#3470=DIRECTION('',(-5.55111512312579E-16,-1.,0.));
#3471=DIRECTION('',(-1.,0.,0.));
#3472=DIRECTION('',(0.,-1.,0.));
#3473=DIRECTION('',(-1.,0.,0.));
#3474=DIRECTION('',(0.,1.,0.));
#3475=DIRECTION('center_axis',(0.,-1.,0.));
#3476=DIRECTION('ref_axis',(-1.,0.,0.));
#3477=DIRECTION('',(0.,0.,-1.));
#3478=DIRECTION('',(0.,0.,-1.));
#3479=DIRECTION('center_axis',(-1.,0.,0.));
#3480=DIRECTION('ref_axis',(0.,1.,0.));
#3481=DIRECTION('',(0.,0.,-1.));
#3482=DIRECTION('center_axis',(0.,0.,-1.));
#3483=DIRECTION('ref_axis',(-1.,0.,0.));
#3484=DIRECTION('',(0.,0.,-1.));
#3485=DIRECTION('center_axis',(1.,-5.55111512312579E-16,0.));
#3486=DIRECTION('ref_axis',(-5.55111512312579E-16,-1.,0.));
#3487=DIRECTION('',(0.,0.,-1.));
#3488=DIRECTION('center_axis',(0.,-1.,0.));
#3489=DIRECTION('ref_axis',(-1.,0.,0.));
#3490=DIRECTION('',(0.,0.,-1.));
#3491=DIRECTION('center_axis',(1.,0.,0.));
#3492=DIRECTION('ref_axis',(0.,-1.,0.));
#3493=DIRECTION('',(0.,0.,-1.));
#3494=DIRECTION('center_axis',(0.,-1.,0.));
#3495=DIRECTION('ref_axis',(-1.,0.,0.));
#3496=DIRECTION('',(0.,0.,-1.));
#3497=DIRECTION('center_axis',(-1.,0.,0.));
#3498=DIRECTION('ref_axis',(0.,1.,0.));
#3499=DIRECTION('center_axis',(0.,0.,1.));
#3500=DIRECTION('ref_axis',(1.,0.,0.));
#3501=DIRECTION('',(0.,0.,1.));
#3502=DIRECTION('',(0.,0.,-1.));
#3503=DIRECTION('center_axis',(0.,0.,-1.));
#3504=DIRECTION('ref_axis',(1.,0.,0.));
#3505=DIRECTION('center_axis',(0.,0.,-1.));
#3506=DIRECTION('ref_axis',(1.,0.,0.));
#3507=DIRECTION('',(0.,0.,1.));
#3508=DIRECTION('center_axis',(0.,0.,-1.));
#3509=DIRECTION('ref_axis',(1.,0.,0.));
#3510=DIRECTION('center_axis',(0.,0.,-1.));
#3511=DIRECTION('ref_axis',(-1.,0.,0.));
#3512=DIRECTION('',(-5.55111512312579E-16,-1.,0.));
#3513=DIRECTION('',(-1.,0.,0.));
#3514=DIRECTION('',(0.,-1.,0.));
#3515=DIRECTION('',(-1.,0.,0.));
#3516=DIRECTION('',(0.,1.,0.));
#3517=DIRECTION('',(-1.,0.,0.));
#3518=DIRECTION('',(0.,1.,0.));
#3519=DIRECTION('center_axis',(0.,0.,-1.));
#3520=DIRECTION('ref_axis',(-1.,0.,0.));
#3521=DIRECTION('center_axis',(0.,-1.,0.));
#3522=DIRECTION('ref_axis',(-1.,0.,0.));
#3523=DIRECTION('',(-1.,0.,0.));
#3524=DIRECTION('',(0.,0.,-1.));
#3525=DIRECTION('',(0.,0.,-1.));
#3526=DIRECTION('center_axis',(-1.,0.,0.));
#3527=DIRECTION('ref_axis',(0.,1.,0.));
#3528=DIRECTION('',(0.,1.,0.));
#3529=DIRECTION('',(0.,0.,-1.));
#3530=DIRECTION('center_axis',(1.,-5.55111512312579E-16,0.));
#3531=DIRECTION('ref_axis',(-5.55111512312579E-16,-1.,0.));
#3532=DIRECTION('',(-5.55111512312579E-16,-1.,0.));
#3533=DIRECTION('',(0.,0.,-1.));
#3534=DIRECTION('',(0.,0.,-1.));
#3535=DIRECTION('center_axis',(0.,-1.,0.));
#3536=DIRECTION('ref_axis',(-1.,0.,0.));
#3537=DIRECTION('',(-1.,0.,0.));
#3538=DIRECTION('',(0.,0.,-1.));
#3539=DIRECTION('center_axis',(1.,0.,0.));
#3540=DIRECTION('ref_axis',(0.,-1.,0.));
#3541=DIRECTION('',(0.,1.,0.));
#3542=DIRECTION('',(0.,0.,-1.));
#3543=DIRECTION('center_axis',(0.,-1.,0.));
#3544=DIRECTION('ref_axis',(-1.,0.,0.));
#3545=DIRECTION('',(1.,0.,0.));
#3546=DIRECTION('',(0.,0.,-1.));
#3547=DIRECTION('center_axis',(-1.,0.,0.));
#3548=DIRECTION('ref_axis',(0.,1.,0.));
#3549=DIRECTION('',(0.,-1.,0.));
#3550=DIRECTION('center_axis',(0.,0.,-1.));
#3551=DIRECTION('ref_axis',(-1.,0.,0.));
#3552=DIRECTION('center_axis',(0.,0.,-1.));
#3553=DIRECTION('ref_axis',(-1.,0.,0.));
#3554=DIRECTION('center_axis',(0.,0.,-1.));
#3555=DIRECTION('ref_axis',(1.,0.,0.));
#3556=DIRECTION('center_axis',(0.,0.,-1.));
#3557=DIRECTION('ref_axis',(1.,0.,0.));
#3558=DIRECTION('',(0.,1.,0.));
#3559=DIRECTION('',(-1.,0.,0.));
#3560=DIRECTION('',(0.,-1.,0.));
#3561=DIRECTION('',(1.,0.,0.));
#3562=DIRECTION('',(0.,1.,0.));
#3563=DIRECTION('',(-1.,0.,0.));
#3564=DIRECTION('',(-5.55111512312579E-16,-1.,0.));
#3565=DIRECTION('center_axis',(0.,0.,-1.));
#3566=DIRECTION('ref_axis',(1.,0.,0.));
#3567=DIRECTION('',(-1.,0.,0.));
#3568=DIRECTION('',(0.,1.,0.));
#3569=DIRECTION('center_axis',(0.,0.,-1.));
#3570=DIRECTION('ref_axis',(-1.,0.,0.));
#3571=DIRECTION('',(-5.55111512312579E-16,-1.,0.));
#3572=DIRECTION('',(-1.,0.,0.));
#3573=DIRECTION('',(0.,-1.,0.));
#3574=DIRECTION('',(-1.,0.,0.));
#3575=DIRECTION('',(0.,1.,0.));
#3576=DIRECTION('center_axis',(0.,-1.,0.));
#3577=DIRECTION('ref_axis',(-1.,0.,0.));
#3578=DIRECTION('',(0.,0.,-1.));
#3579=DIRECTION('',(0.,0.,-1.));
#3580=DIRECTION('center_axis',(-1.,0.,0.));
#3581=DIRECTION('ref_axis',(0.,1.,0.));
#3582=DIRECTION('',(0.,0.,-1.));
#3583=DIRECTION('center_axis',(0.,0.,-1.));
#3584=DIRECTION('ref_axis',(-1.,0.,0.));
#3585=DIRECTION('',(0.,0.,-1.));
#3586=DIRECTION('center_axis',(1.,-5.55111512312579E-16,0.));
#3587=DIRECTION('ref_axis',(-5.55111512312579E-16,-1.,0.));
#3588=DIRECTION('',(0.,0.,-1.));
#3589=DIRECTION('center_axis',(0.,-1.,0.));
#3590=DIRECTION('ref_axis',(-1.,0.,0.));
#3591=DIRECTION('',(0.,0.,-1.));
#3592=DIRECTION('center_axis',(1.,0.,0.));
#3593=DIRECTION('ref_axis',(0.,-1.,0.));
#3594=DIRECTION('',(0.,0.,-1.));
#3595=DIRECTION('center_axis',(0.,-1.,0.));
#3596=DIRECTION('ref_axis',(-1.,0.,0.));
#3597=DIRECTION('',(0.,0.,-1.));
#3598=DIRECTION('center_axis',(-1.,0.,0.));
#3599=DIRECTION('ref_axis',(0.,1.,0.));
#3600=DIRECTION('axis',(0.,0.,1.));
#3601=DIRECTION('refdir',(1.,0.,0.));
#3602=DIRECTION('center_axis',(0.,0.,1.));
#3603=DIRECTION('ref_axis',(-1.,0.,0.));
#3604=DIRECTION('center_axis',(0.,0.,1.));
#3605=DIRECTION('ref_axis',(1.,0.,0.));
#3606=DIRECTION('center_axis',(0.,0.,-1.));
#3607=DIRECTION('ref_axis',(-1.,0.,0.));
#3608=DIRECTION('center_axis',(0.,0.,1.));
#3609=DIRECTION('ref_axis',(-1.,0.,0.));
#3610=DIRECTION('center_axis',(0.,0.,-1.));
#3611=DIRECTION('ref_axis',(0.866025612455813,0.499999638570404,0.));
#3612=DIRECTION('center_axis',(0.,0.,1.));
#3613=DIRECTION('ref_axis',(-1.,0.,0.));
#3614=DIRECTION('center_axis',(0.,0.,1.));
#3615=DIRECTION('ref_axis',(0.86602540378444,0.499999999999997,0.));
#3616=DIRECTION('',(0.,0.,-1.));
#3617=DIRECTION('center_axis',(0.,0.,-1.));
#3618=DIRECTION('ref_axis',(0.86602540378444,0.499999999999997,0.));
#3619=DIRECTION('',(0.,0.,1.));
#3620=DIRECTION('center_axis',(-0.863647559167631,0.504096115382566,0.));
#3621=DIRECTION('ref_axis',(-0.504096115382566,-0.863647559167631,0.));
#3622=DIRECTION('',(0.,0.,1.));
#3623=DIRECTION('',(0.504096115382566,0.863647559167631,0.));
#3624=DIRECTION('center_axis',(0.,0.,1.));
#3625=DIRECTION('ref_axis',(-0.939692620785909,-0.342020143325667,0.));
#3626=DIRECTION('',(0.,0.,-1.));
#3627=DIRECTION('center_axis',(0.,0.,1.));
#3628=DIRECTION('ref_axis',(-0.939692620785909,-0.342020143325667,0.));
#3629=DIRECTION('center_axis',(-0.337565676454604,-0.941301978155653,0.));
#3630=DIRECTION('ref_axis',(0.941301978155653,-0.337565676454604,0.));
#3631=DIRECTION('',(0.,0.,1.));
#3632=DIRECTION('',(0.941301978155653,-0.337565676454604,0.));
#3633=DIRECTION('center_axis',(0.,0.,-1.));
#3634=DIRECTION('ref_axis',(0.984807753012208,0.173648177666931,0.));
#3635=DIRECTION('',(0.,0.,-1.));
#3636=DIRECTION('center_axis',(0.,0.,-1.));
#3637=DIRECTION('ref_axis',(0.984807753012208,0.173648177666931,0.));
#3638=DIRECTION('center_axis',(-0.639152212676526,0.769080261761216,0.));
#3639=DIRECTION('ref_axis',(-0.769080261761216,-0.639152212676526,0.));
#3640=DIRECTION('',(0.,0.,1.));
#3641=DIRECTION('',(0.769080261761216,0.639152212676526,0.));
#3642=DIRECTION('center_axis',(0.,0.,1.));
#3643=DIRECTION('ref_axis',(-1.,-5.23736621912182E-16,0.));
#3644=DIRECTION('',(0.,0.,-1.));
#3645=DIRECTION('center_axis',(0.,0.,1.));
#3646=DIRECTION('ref_axis',(-1.,-5.23736621912182E-16,0.));
#3647=DIRECTION('center_axis',(-0.639152212676527,-0.769080261761215,0.));
#3648=DIRECTION('ref_axis',(0.769080261761215,-0.639152212676527,0.));
#3649=DIRECTION('',(0.,0.,1.));
#3650=DIRECTION('',(0.769080261761215,-0.639152212676527,0.));
#3651=DIRECTION('center_axis',(0.,0.,1.));
#3652=DIRECTION('ref_axis',(0.984807753012208,-0.173648177666928,0.));
#3653=DIRECTION('',(0.,0.,-1.));
#3654=DIRECTION('center_axis',(0.,0.,-1.));
#3655=DIRECTION('ref_axis',(0.984807753012208,-0.173648177666928,0.));
#3656=DIRECTION('center_axis',(-0.337565676454603,0.941301978155653,0.));
#3657=DIRECTION('ref_axis',(-0.941301978155653,-0.337565676454603,0.));
#3658=DIRECTION('',(0.,0.,1.));
#3659=DIRECTION('',(0.941301978155653,0.337565676454603,0.));
#3660=DIRECTION('center_axis',(0.,0.,1.));
#3661=DIRECTION('ref_axis',(-0.939692620785909,0.342020143325668,0.));
#3662=DIRECTION('',(0.,0.,-1.));
#3663=DIRECTION('center_axis',(0.,0.,1.));
#3664=DIRECTION('ref_axis',(-0.939692620785909,0.342020143325668,0.));
#3665=DIRECTION('center_axis',(-0.863647559167632,-0.504096115382564,0.));
#3666=DIRECTION('ref_axis',(0.504096115382564,-0.863647559167632,0.));
#3667=DIRECTION('',(0.,0.,1.));
#3668=DIRECTION('',(0.504096115382564,-0.863647559167632,0.));
#3669=DIRECTION('center_axis',(0.,0.,-1.));
#3670=DIRECTION('ref_axis',(0.866025403784436,-0.500000000000004,0.));
#3671=DIRECTION('',(0.,0.,-1.));
#3672=DIRECTION('center_axis',(0.,0.,-1.));
#3673=DIRECTION('ref_axis',(0.866025403784436,-0.500000000000004,0.));
#3674=DIRECTION('center_axis',(0.00473626228653789,0.999988783846876,0.));
#3675=DIRECTION('ref_axis',(-0.999988783846876,0.00473626228653789,0.));
#3676=DIRECTION('',(0.,0.,1.));
#3677=DIRECTION('',(0.999988783846876,-0.00473626228653789,0.));
#3678=DIRECTION('center_axis',(0.,0.,1.));
#3679=DIRECTION('ref_axis',(-0.766044443118978,0.642787609686539,0.));
#3680=DIRECTION('',(0.,0.,-1.));
#3681=DIRECTION('center_axis',(0.,0.,1.));
#3682=DIRECTION('ref_axis',(-0.766044443118978,0.642787609686539,0.));
#3683=DIRECTION('center_axis',(-0.983974263942642,-0.178310537822461,0.));
#3684=DIRECTION('ref_axis',(0.178310537822461,-0.983974263942642,0.));
#3685=DIRECTION('',(0.,0.,1.));
#3686=DIRECTION('',(0.178310537822461,-0.983974263942642,0.));
#3687=DIRECTION('center_axis',(0.,0.,-1.));
#3688=DIRECTION('ref_axis',(0.983974263942643,0.178310537822459,0.));
#3689=DIRECTION('',(0.,0.,-1.));
#3690=DIRECTION('center_axis',(0.,0.,-1.));
#3691=DIRECTION('ref_axis',(0.983974263942643,0.178310537822459,0.));
#3692=DIRECTION('center_axis',(0.,0.,1.));
#3693=DIRECTION('ref_axis',(-0.863647559167631,0.504096115382565,0.));
#3694=DIRECTION('',(0.,0.,-1.));
#3695=DIRECTION('center_axis',(0.,0.,-1.));
#3696=DIRECTION('ref_axis',(-0.863647559167631,0.504096115382565,0.));
#3697=DIRECTION('',(0.,0.,1.));
#3698=DIRECTION('center_axis',(0.863647559167631,-0.504096115382565,0.));
#3699=DIRECTION('ref_axis',(0.504096115382565,0.863647559167631,0.));
#3700=DIRECTION('',(0.,0.,1.));
#3701=DIRECTION('',(-0.504096115382565,-0.863647559167631,0.));
#3702=DIRECTION('center_axis',(0.,0.,1.));
#3703=DIRECTION('ref_axis',(0.939692620785908,0.34202014332567,0.));
#3704=DIRECTION('',(0.,0.,-1.));
#3705=DIRECTION('center_axis',(0.,0.,1.));
#3706=DIRECTION('ref_axis',(0.939692620785908,0.34202014332567,0.));
#3707=DIRECTION('center_axis',(0.337565676454604,0.941301978155653,0.));
#3708=DIRECTION('ref_axis',(-0.941301978155653,0.337565676454604,0.));
#3709=DIRECTION('',(0.,0.,1.));
#3710=DIRECTION('',(-0.941301978155653,0.337565676454604,0.));
#3711=DIRECTION('center_axis',(0.,0.,1.));
#3712=DIRECTION('ref_axis',(-0.984807753012208,-0.173648177666933,0.));
#3713=DIRECTION('',(0.,0.,-1.));
#3714=DIRECTION('center_axis',(0.,0.,-1.));
#3715=DIRECTION('ref_axis',(-0.984807753012208,-0.173648177666933,0.));
#3716=DIRECTION('center_axis',(0.639152212676527,-0.769080261761216,0.));
#3717=DIRECTION('ref_axis',(0.769080261761216,0.639152212676527,0.));
#3718=DIRECTION('',(0.,0.,1.));
#3719=DIRECTION('',(-0.769080261761216,-0.639152212676527,0.));
#3720=DIRECTION('center_axis',(0.,0.,1.));
#3721=DIRECTION('ref_axis',(1.,1.45882913309951E-15,0.));
#3722=DIRECTION('',(0.,0.,-1.));
#3723=DIRECTION('center_axis',(0.,0.,1.));
#3724=DIRECTION('ref_axis',(1.,1.45882913309951E-15,0.));
#3725=DIRECTION('center_axis',(0.639152212676527,0.769080261761215,0.));
#3726=DIRECTION('ref_axis',(-0.769080261761215,0.639152212676527,0.));
#3727=DIRECTION('',(0.,0.,1.));
#3728=DIRECTION('',(-0.769080261761215,0.639152212676527,0.));
#3729=DIRECTION('center_axis',(0.,0.,-1.));
#3730=DIRECTION('ref_axis',(-0.984807753012208,0.17364817766693,0.));
#3731=DIRECTION('',(0.,0.,-1.));
#3732=DIRECTION('center_axis',(0.,0.,-1.));
#3733=DIRECTION('ref_axis',(-0.984807753012208,0.17364817766693,0.));
#3734=DIRECTION('center_axis',(0.337565676454604,-0.941301978155653,0.));
#3735=DIRECTION('ref_axis',(0.941301978155653,0.337565676454604,0.));
#3736=DIRECTION('',(0.,0.,1.));
#3737=DIRECTION('',(-0.941301978155653,-0.337565676454604,0.));
#3738=DIRECTION('center_axis',(0.,0.,1.));
#3739=DIRECTION('ref_axis',(0.939692620785909,-0.342020143325668,0.));
#3740=DIRECTION('',(0.,0.,-1.));
#3741=DIRECTION('center_axis',(0.,0.,1.));
#3742=DIRECTION('ref_axis',(0.939692620785909,-0.342020143325668,0.));
#3743=DIRECTION('center_axis',(0.863647559167632,0.504096115382564,0.));
#3744=DIRECTION('ref_axis',(-0.504096115382564,0.863647559167632,0.));
#3745=DIRECTION('',(0.,0.,1.));
#3746=DIRECTION('',(-0.504096115382564,0.863647559167632,0.));
#3747=DIRECTION('center_axis',(0.,0.,-1.));
#3748=DIRECTION('ref_axis',(-0.866025403784438,0.500000000000002,0.));
#3749=DIRECTION('',(0.,0.,-1.));
#3750=DIRECTION('center_axis',(0.,0.,-1.));
#3751=DIRECTION('ref_axis',(-0.866025403784438,0.500000000000002,0.));
#3752=DIRECTION('center_axis',(-0.00473626228653754,-0.999988783846876,
0.));
#3753=DIRECTION('ref_axis',(0.999988783846876,-0.00473626228653754,0.));
#3754=DIRECTION('',(0.,0.,1.));
#3755=DIRECTION('',(-0.999988783846876,0.00473626228653754,0.));
#3756=DIRECTION('center_axis',(0.,0.,1.));
#3757=DIRECTION('ref_axis',(0.766044443118978,-0.642787609686539,0.));
#3758=DIRECTION('',(0.,0.,-1.));
#3759=DIRECTION('center_axis',(0.,0.,1.));
#3760=DIRECTION('ref_axis',(0.766044443118978,-0.642787609686539,0.));
#3761=DIRECTION('center_axis',(0.983974263942642,0.178310537822461,0.));
#3762=DIRECTION('ref_axis',(-0.178310537822461,0.983974263942642,0.));
#3763=DIRECTION('',(0.,0.,1.));
#3764=DIRECTION('',(-0.178310537822461,0.983974263942642,0.));
#3765=DIRECTION('center_axis',(0.,0.,1.));
#3766=DIRECTION('ref_axis',(-0.642787609686544,0.766044443118975,0.));
#3767=DIRECTION('',(0.,0.,-1.));
#3768=DIRECTION('center_axis',(0.,0.,-1.));
#3769=DIRECTION('ref_axis',(-0.642787609686544,0.766044443118975,0.));
#3770=DIRECTION('center_axis',(-0.866025403784439,-0.5,0.));
#3771=DIRECTION('ref_axis',(-0.5,0.866025403784439,0.));
#3772=DIRECTION('',(0.,0.,1.));
#3773=DIRECTION('',(-0.5,0.866025403784439,0.));
#3774=DIRECTION('',(-0.5,0.866025403784439,0.));
#3775=DIRECTION('center_axis',(0.866025403784439,0.5,0.));
#3776=DIRECTION('ref_axis',(0.5,-0.866025403784439,0.));
#3777=DIRECTION('',(0.,0.,1.));
#3778=DIRECTION('',(0.5,-0.866025403784439,0.));
#3779=DIRECTION('',(0.5,-0.866025403784439,0.));
#3780=DIRECTION('center_axis',(0.,0.,-1.));
#3781=DIRECTION('ref_axis',(-0.342020143325664,0.93969262078591,0.));
#3782=DIRECTION('',(0.,0.,-1.));
#3783=DIRECTION('center_axis',(0.,0.,-1.));
#3784=DIRECTION('ref_axis',(-0.342020143325664,0.93969262078591,0.));
#3785=DIRECTION('center_axis',(0.,0.,1.));
#3786=DIRECTION('ref_axis',(1.,0.,0.));
#3787=DIRECTION('center_axis',(0.,0.,1.));
#3788=DIRECTION('ref_axis',(1.,0.,0.));
#3789=DIRECTION('center_axis',(0.,0.,1.));
#3790=DIRECTION('ref_axis',(-1.,0.,0.));
#3791=DIRECTION('center_axis',(0.,0.,1.));
#3792=DIRECTION('ref_axis',(1.,0.,0.));
#3793=DIRECTION('center_axis',(0.,0.,-1.));
#3794=DIRECTION('ref_axis',(1.,0.,0.));
#3795=DIRECTION('center_axis',(0.,0.,-1.));
#3796=DIRECTION('ref_axis',(1.,0.,0.));
#3797=DIRECTION('center_axis',(0.,0.,-1.));
#3798=DIRECTION('ref_axis',(1.,0.,0.));
#3799=DIRECTION('center_axis',(0.,0.,-1.));
#3800=DIRECTION('ref_axis',(1.,0.,0.));
#3801=DIRECTION('center_axis',(0.,0.,-1.));
#3802=DIRECTION('ref_axis',(1.,0.,0.));
#3803=DIRECTION('center_axis',(0.,0.,-1.));
#3804=DIRECTION('ref_axis',(1.,0.,0.));
#3805=DIRECTION('center_axis',(0.,0.,-1.));
#3806=DIRECTION('ref_axis',(1.,0.,0.));
#3807=DIRECTION('center_axis',(0.,0.,-1.));
#3808=DIRECTION('ref_axis',(0.985619150572662,-0.168981922182299,0.));
#3809=DIRECTION('',(0.762991440333192,-0.646408587488038,0.));
#3810=DIRECTION('center_axis',(0.,0.,1.));
#3811=DIRECTION('ref_axis',(-0.173648177666928,0.984807753012208,0.));
#3812=DIRECTION('',(-0.495892668464311,-0.868383821454168,0.));
#3813=DIRECTION('center_axis',(0.,0.,-1.));
#3814=DIRECTION('ref_axis',(0.868383821454169,-0.49589266846431,0.));
#3815=DIRECTION('',(0.49589266846431,-0.868383821454169,0.));
#3816=DIRECTION('center_axis',(0.,0.,1.));
#3817=DIRECTION('ref_axis',(0.17364817766693,0.984807753012208,0.));
#3818=DIRECTION('',(-0.762991440333193,-0.646408587488038,0.));
#3819=DIRECTION('center_axis',(0.,0.,-1.));
#3820=DIRECTION('ref_axis',(0.646408587488038,-0.762991440333193,0.));
#3821=DIRECTION('',(0.168981922182298,-0.985619150572662,0.));
#3822=DIRECTION('center_axis',(0.,0.,1.));
#3823=DIRECTION('ref_axis',(0.500000000000002,0.866025403784438,0.));
#3824=DIRECTION('',(-0.938062183943514,-0.346466937896135,0.));
#3825=DIRECTION('center_axis',(0.,0.,-1.));
#3826=DIRECTION('ref_axis',(0.346466937896134,-0.938062183943515,0.));
#3827=DIRECTION('',(-0.178310537822461,-0.983974263942642,0.));
#3828=DIRECTION('center_axis',(0.,0.,1.));
#3829=DIRECTION('ref_axis',(0.766044443118977,0.642787609686541,0.));
#3830=DIRECTION('',(-0.999988783846876,-0.00473626228653648,0.));
#3831=DIRECTION('',(-0.762991440333192,0.646408587488039,0.));
#3832=DIRECTION('center_axis',(0.,0.,1.));
#3833=DIRECTION('ref_axis',(0.173648177666929,-0.984807753012208,0.));
#3834=DIRECTION('',(0.495892668464311,0.868383821454168,0.));
#3835=DIRECTION('center_axis',(0.,0.,-1.));
#3836=DIRECTION('ref_axis',(-1.66163709102767E-15,1.,0.));
#3837=DIRECTION('',(-0.49589266846431,0.868383821454169,0.));
#3838=DIRECTION('center_axis',(0.,0.,1.));
#3839=DIRECTION('ref_axis',(-0.173648177666931,-0.984807753012208,0.));
#3840=DIRECTION('',(0.762991440333193,0.646408587488037,0.));
#3841=DIRECTION('center_axis',(0.,0.,-1.));
#3842=DIRECTION('ref_axis',(0.342020143325669,0.939692620785908,0.));
#3843=DIRECTION('',(-0.168981922182297,0.985619150572662,0.));
#3844=DIRECTION('center_axis',(0.,0.,1.));
#3845=DIRECTION('ref_axis',(-0.500000000000001,-0.866025403784438,0.));
#3846=DIRECTION('',(0.938062183943514,0.346466937896135,0.));
#3847=DIRECTION('center_axis',(0.,0.,-1.));
#3848=DIRECTION('ref_axis',(0.642787609686541,0.766044443118977,0.));
#3849=DIRECTION('',(0.178310537822462,0.983974263942642,0.));
#3850=DIRECTION('center_axis',(0.,0.,1.));
#3851=DIRECTION('ref_axis',(-0.766044443118979,-0.642787609686538,0.));
#3852=DIRECTION('',(0.999988783846876,0.00473626228653719,0.));
#3853=DIRECTION('center_axis',(0.,0.,1.));
#3854=DIRECTION('ref_axis',(0.173648177666929,-0.984807753012208,0.));
#3855=DIRECTION('',(0.,0.,-1.));
#3856=DIRECTION('',(0.,0.,1.));
#3857=DIRECTION('center_axis',(-0.646408587488039,-0.762991440333192,0.));
#3858=DIRECTION('ref_axis',(0.762991440333192,-0.646408587488039,0.));
#3859=DIRECTION('center_axis',(0.,0.,1.));
#3860=DIRECTION('ref_axis',(-1.66163709102767E-15,1.,0.));
#3861=DIRECTION('',(0.,0.,-1.));
#3862=DIRECTION('',(0.,0.,1.));
#3863=DIRECTION('center_axis',(-0.868383821454169,-0.49589266846431,0.));
#3864=DIRECTION('ref_axis',(0.49589266846431,-0.868383821454169,0.));
#3865=DIRECTION('',(0.,0.,1.));
#3866=DIRECTION('center_axis',(0.,0.,1.));
#3867=DIRECTION('ref_axis',(-0.173648177666931,-0.984807753012208,0.));
#3868=DIRECTION('',(0.,0.,-1.));
#3869=DIRECTION('center_axis',(0.646408587488037,-0.762991440333193,0.));
#3870=DIRECTION('ref_axis',(0.762991440333193,0.646408587488037,0.));
#3871=DIRECTION('',(0.,0.,1.));
#3872=DIRECTION('center_axis',(0.,0.,-1.));
#3873=DIRECTION('ref_axis',(0.342020143325669,0.939692620785908,0.));
#3874=DIRECTION('',(0.,0.,-1.));
#3875=DIRECTION('center_axis',(0.,0.,1.));
#3876=DIRECTION('ref_axis',(-0.500000000000001,-0.866025403784438,0.));
#3877=DIRECTION('',(0.,0.,-1.));
#3878=DIRECTION('',(0.,0.,1.));
#3879=DIRECTION('center_axis',(-0.985619150572662,-0.168981922182297,0.));
#3880=DIRECTION('ref_axis',(0.168981922182297,-0.985619150572662,0.));
#3881=DIRECTION('center_axis',(0.,0.,1.));
#3882=DIRECTION('ref_axis',(0.642787609686541,0.766044443118977,0.));
#3883=DIRECTION('',(0.,0.,-1.));
#3884=DIRECTION('',(0.,0.,1.));
#3885=DIRECTION('center_axis',(-0.983974263942642,0.178310537822462,0.));
#3886=DIRECTION('ref_axis',(-0.178310537822462,-0.983974263942642,0.));
#3887=DIRECTION('',(0.,0.,1.));
#3888=DIRECTION('center_axis',(0.,0.,1.));
#3889=DIRECTION('ref_axis',(-0.766044443118979,-0.642787609686538,0.));
#3890=DIRECTION('',(0.,0.,-1.));
#3891=DIRECTION('center_axis',(0.00473626228653719,-0.999988783846876,0.));
#3892=DIRECTION('ref_axis',(0.999988783846876,0.00473626228653718,0.));
#3893=DIRECTION('center_axis',(0.,0.,-1.));
#3894=DIRECTION('ref_axis',(0.985619150572662,-0.168981922182299,0.));
#3895=DIRECTION('',(0.,0.,-1.));
#3896=DIRECTION('center_axis',(0.646408587488038,0.762991440333192,0.));
#3897=DIRECTION('ref_axis',(-0.762991440333192,0.646408587488038,0.));
#3898=DIRECTION('',(0.,0.,1.));
#3899=DIRECTION('center_axis',(0.,0.,1.));
#3900=DIRECTION('ref_axis',(-0.173648177666928,0.984807753012208,0.));
#3901=DIRECTION('',(0.,0.,-1.));
#3902=DIRECTION('center_axis',(-0.868383821454168,0.495892668464311,0.));
#3903=DIRECTION('ref_axis',(-0.495892668464311,-0.868383821454168,0.));
#3904=DIRECTION('',(0.,0.,1.));
#3905=DIRECTION('center_axis',(0.,0.,-1.));
#3906=DIRECTION('ref_axis',(0.868383821454169,-0.49589266846431,0.));
#3907=DIRECTION('',(0.,0.,-1.));
#3908=DIRECTION('center_axis',(0.,0.,1.));
#3909=DIRECTION('ref_axis',(0.17364817766693,0.984807753012208,0.));
#3910=DIRECTION('',(0.,0.,-1.));
#3911=DIRECTION('',(0.,0.,1.));
#3912=DIRECTION('center_axis',(0.868383821454169,0.49589266846431,0.));
#3913=DIRECTION('ref_axis',(-0.49589266846431,0.868383821454169,0.));
#3914=DIRECTION('center_axis',(0.,0.,-1.));
#3915=DIRECTION('ref_axis',(0.646408587488038,-0.762991440333193,0.));
#3916=DIRECTION('',(0.,0.,-1.));
#3917=DIRECTION('',(0.,0.,1.));
#3918=DIRECTION('center_axis',(0.985619150572662,0.168981922182298,0.));
#3919=DIRECTION('ref_axis',(-0.168981922182298,0.985619150572662,0.));
#3920=DIRECTION('',(0.,0.,1.));
#3921=DIRECTION('center_axis',(0.,0.,1.));
#3922=DIRECTION('ref_axis',(0.500000000000002,0.866025403784438,0.));
#3923=DIRECTION('',(0.,0.,-1.));
#3924=DIRECTION('center_axis',(-0.346466937896135,0.938062183943514,0.));
#3925=DIRECTION('ref_axis',(-0.938062183943514,-0.346466937896135,0.));
#3926=DIRECTION('',(0.,0.,1.));
#3927=DIRECTION('center_axis',(0.,0.,-1.));
#3928=DIRECTION('ref_axis',(0.346466937896134,-0.938062183943515,0.));
#3929=DIRECTION('',(0.,0.,-1.));
#3930=DIRECTION('center_axis',(0.,0.,1.));
#3931=DIRECTION('ref_axis',(0.766044443118977,0.642787609686541,0.));
#3932=DIRECTION('',(0.,0.,-1.));
#3933=DIRECTION('',(0.,0.,1.));
#3934=DIRECTION('center_axis',(0.983974263942642,-0.178310537822461,0.));
#3935=DIRECTION('ref_axis',(0.178310537822461,0.983974263942642,0.));
#3936=DIRECTION('center_axis',(0.346466937896135,-0.938062183943514,0.));
#3937=DIRECTION('ref_axis',(0.938062183943514,0.346466937896135,0.));
#3938=DIRECTION('center_axis',(0.868383821454168,-0.495892668464311,0.));
#3939=DIRECTION('ref_axis',(0.495892668464311,0.868383821454168,0.));
#3940=DIRECTION('center_axis',(-0.646408587488038,0.762991440333193,0.));
#3941=DIRECTION('ref_axis',(-0.762991440333193,-0.646408587488038,0.));
#3942=DIRECTION('center_axis',(-0.00473626228653648,0.999988783846876,0.));
#3943=DIRECTION('ref_axis',(-0.999988783846876,-0.00473626228653648,0.));
#3944=DIRECTION('center_axis',(0.,0.,1.));
#3945=DIRECTION('ref_axis',(1.,0.,0.));
#3946=DIRECTION('',(0.,0.,-1.));
#3947=DIRECTION('',(0.,0.,1.));
#3948=DIRECTION('',(1.,0.,0.));
#3949=DIRECTION('',(0.,0.,1.));
#3950=DIRECTION('',(0.866025403784439,0.5,0.));
#3951=CARTESIAN_POINT('',(0.,0.,0.));
#3952=CARTESIAN_POINT('',(0.,0.,0.));
#3953=CARTESIAN_POINT('Origin',(0.,-2.22044604925031E-15,2.));
#3954=CARTESIAN_POINT('',(2.44999999999999,-5.5,2.));
#3955=CARTESIAN_POINT('',(2.45,-4.92417505781425,2.));
#3956=CARTESIAN_POINT('',(2.45,-4.92417505781425,2.));
#3957=CARTESIAN_POINT('',(2.45000000000001,4.92417505781425,2.));
#3958=CARTESIAN_POINT('Origin',(0.,0.,2.));
#3959=CARTESIAN_POINT('',(2.45000000000001,5.5,2.));
#3960=CARTESIAN_POINT('',(2.45000000000001,5.5,2.));
#3961=CARTESIAN_POINT('',(-2.44999999999999,5.5,2.));
#3962=CARTESIAN_POINT('',(-2.44999999999999,5.5,2.));
#3963=CARTESIAN_POINT('',(-2.44999999999999,4.92417505781426,2.));
#3964=CARTESIAN_POINT('',(-2.44999999999999,4.92417505781426,2.));
#3965=CARTESIAN_POINT('',(-2.45,-4.92417505781425,2.));
#3966=CARTESIAN_POINT('Origin',(0.,0.,2.));
#3967=CARTESIAN_POINT('',(-2.45000000000001,-5.5,2.));
#3968=CARTESIAN_POINT('',(-2.45000000000001,-5.5,2.));
#3969=CARTESIAN_POINT('',(2.44999999999999,-5.5,2.));
#3970=CARTESIAN_POINT('',(-3.454,4.22993004425496E-16,2.));
#3971=CARTESIAN_POINT('Origin',(0.,0.,2.));
#3972=CARTESIAN_POINT('Origin',(2.44999999999999,-5.5,0.));
#3973=CARTESIAN_POINT('',(2.44999999999999,-5.5,0.6));
#3974=CARTESIAN_POINT('',(2.45,-4.92417505781425,0.6));
#3975=CARTESIAN_POINT('',(2.45000000000001,-2.75,0.6));
#3976=CARTESIAN_POINT('',(2.45,-4.92417505781425,0.));
#3977=CARTESIAN_POINT('',(2.44999999999999,-5.5,0.));
#3978=CARTESIAN_POINT('Origin',(0.,0.,0.));
#3979=CARTESIAN_POINT('',(5.28302633762682,1.52958579881657,1.5));
#3980=CARTESIAN_POINT('',(5.28302633762682,1.52958579881657,0.6));
#3981=CARTESIAN_POINT('',(5.28302633762682,1.52958579881657,0.));
#3982=CARTESIAN_POINT('',(2.45000000000001,4.92417505781425,0.6));
#3983=CARTESIAN_POINT('Origin',(0.,0.,0.6));
#3984=CARTESIAN_POINT('',(2.45000000000001,4.92417505781425,0.));
#3985=CARTESIAN_POINT('',(5.28302633762682,-1.52958579881657,0.6));
#3986=CARTESIAN_POINT('Origin',(0.,0.,0.6));
#3987=CARTESIAN_POINT('',(5.28302633762682,-1.52958579881657,1.5));
#3988=CARTESIAN_POINT('',(5.28302633762682,-1.52958579881657,0.));
#3989=CARTESIAN_POINT('Origin',(0.,0.,1.5));
#3990=CARTESIAN_POINT('Origin',(2.45000000000001,5.5,0.));
#3991=CARTESIAN_POINT('',(-6.41502143410293,5.5,0.));
#3992=CARTESIAN_POINT('',(6.41502143410293,5.5,0.));
#3993=CARTESIAN_POINT('',(3.20751071705146,5.5,0.));
#3994=CARTESIAN_POINT('',(-6.41502143410293,5.5,0.6));
#3995=CARTESIAN_POINT('',(-6.41502143410293,5.5,0.));
#3996=CARTESIAN_POINT('',(-2.44999999999999,5.5,0.6));
#3997=CARTESIAN_POINT('',(-6.41502143410293,5.5,0.6));
#3998=CARTESIAN_POINT('',(-2.44999999999999,5.5,0.));
#3999=CARTESIAN_POINT('',(2.45000000000001,5.5,0.6));
#4000=CARTESIAN_POINT('',(2.45000000000001,5.5,0.));
#4001=CARTESIAN_POINT('',(6.41502143410293,5.5,0.6));
#4002=CARTESIAN_POINT('',(-6.41502143410293,5.5,0.6));
#4003=CARTESIAN_POINT('',(6.41502143410293,5.5,0.));
#4004=CARTESIAN_POINT('Origin',(-2.44999999999999,5.5,0.));
#4005=CARTESIAN_POINT('',(-2.44999999999999,4.92417505781426,0.6));
#4006=CARTESIAN_POINT('',(-2.44999999999999,2.75,0.6));
#4007=CARTESIAN_POINT('',(-2.44999999999999,4.92417505781426,0.));
#4008=CARTESIAN_POINT('Origin',(0.,0.,0.));
#4009=CARTESIAN_POINT('',(-5.28302633762682,-1.52958579881657,1.5));
#4010=CARTESIAN_POINT('',(-5.28302633762682,-1.52958579881657,0.6));
#4011=CARTESIAN_POINT('',(-5.28302633762682,-1.52958579881657,0.));
#4012=CARTESIAN_POINT('',(-2.45,-4.92417505781425,0.6));
#4013=CARTESIAN_POINT('Origin',(0.,0.,0.6));
#4014=CARTESIAN_POINT('',(-2.45,-4.92417505781425,0.));
#4015=CARTESIAN_POINT('',(-5.28302633762682,1.52958579881657,0.6));
#4016=CARTESIAN_POINT('Origin',(0.,0.,0.6));
#4017=CARTESIAN_POINT('',(-5.28302633762682,1.52958579881657,1.5));
#4018=CARTESIAN_POINT('',(-5.28302633762682,1.52958579881657,0.));
#4019=CARTESIAN_POINT('Origin',(0.,0.,1.5));
#4020=CARTESIAN_POINT('Origin',(-2.45000000000001,-5.5,0.));
#4021=CARTESIAN_POINT('',(6.41502143410293,-5.5,0.));
#4022=CARTESIAN_POINT('',(-6.41502143410293,-5.5,0.));
#4023=CARTESIAN_POINT('',(1.225,-5.5,0.));
#4024=CARTESIAN_POINT('',(6.41502143410293,-5.5,0.6));
#4025=CARTESIAN_POINT('',(6.41502143410293,-5.5,0.));
#4026=CARTESIAN_POINT('',(6.41502143410293,-5.5,0.6));
#4027=CARTESIAN_POINT('',(-2.45000000000001,-5.5,0.6));
#4028=CARTESIAN_POINT('',(-2.45000000000001,-5.5,0.));
#4029=CARTESIAN_POINT('',(-6.41502143410293,-5.5,0.6));
#4030=CARTESIAN_POINT('',(6.41502143410293,-5.5,0.6));
#4031=CARTESIAN_POINT('',(-6.41502143410293,-5.5,0.));
#4032=CARTESIAN_POINT('Origin',(-2.45,-4.92417505781425,0.));
#4033=CARTESIAN_POINT('',(-2.45,-2.46208752890713,0.6));
#4034=CARTESIAN_POINT('Origin',(-5.44999999999999,-2.22044604925031E-15,
0.6));
#4035=CARTESIAN_POINT('',(-8.11664955508121,-2.35,0.6));
#4036=CARTESIAN_POINT('',(-6.57256447503019,-1.90294362365955,0.6));
#4037=CARTESIAN_POINT('Origin',(0.,0.,0.6));
#4038=CARTESIAN_POINT('Origin',(0.,0.00854885057471333,0.));
#4039=CARTESIAN_POINT('Origin',(0.,0.,0.));
#4040=CARTESIAN_POINT('Origin',(0.,0.00854885057471333,0.));
#4041=CARTESIAN_POINT('',(-7.4,-4.07952203082665,0.));
#4042=CARTESIAN_POINT('Origin',(0.,0.,0.));
#4043=CARTESIAN_POINT('',(-7.4,-12.5,0.));
#4044=CARTESIAN_POINT('',(-7.4,-12.5,0.));
#4045=CARTESIAN_POINT('',(7.4,-12.5,0.));
#4046=CARTESIAN_POINT('',(7.4,-12.5,0.));
#4047=CARTESIAN_POINT('',(7.4,-4.07952203082665,0.));
#4048=CARTESIAN_POINT('',(7.4,-4.07952203082665,0.));
#4049=CARTESIAN_POINT('Origin',(0.,0.,0.));
#4050=CARTESIAN_POINT('',(-0.6,-8.7,0.));
#4051=CARTESIAN_POINT('Origin',(0.,-8.7,0.));
#4052=CARTESIAN_POINT('',(-5.6,-8.7,0.));
#4053=CARTESIAN_POINT('Origin',(-5.,-8.7,0.));
#4054=CARTESIAN_POINT('',(4.4,-8.7,0.));
#4055=CARTESIAN_POINT('Origin',(5.,-8.7,0.));
#4056=CARTESIAN_POINT('Origin',(2.45000000000001,4.92417505781425,0.));
#4057=CARTESIAN_POINT('',(2.45000000000001,2.46208752890712,0.6));
#4058=CARTESIAN_POINT('Origin',(-5.44999999999999,-2.22044604925031E-15,
0.6));
#4059=CARTESIAN_POINT('',(-8.11664955508121,2.35,0.6));
#4060=CARTESIAN_POINT('',(-5.15575286630299,1.49273652306784,0.6));
#4061=CARTESIAN_POINT('Origin',(0.,0.,0.6));
#4062=CARTESIAN_POINT('Origin',(-5.28302633762682,1.52958579881657,0.));
#4063=CARTESIAN_POINT('',(-8.11664955508121,2.35,1.5));
#4064=CARTESIAN_POINT('',(-8.11664955508121,2.35,0.));
#4065=CARTESIAN_POINT('',(-8.11664955508121,2.35,1.5));
#4066=CARTESIAN_POINT('Origin',(-8.11664955508121,-2.35,0.));
#4067=CARTESIAN_POINT('',(-8.11664955508121,-2.35,1.5));
#4068=CARTESIAN_POINT('',(-8.11664955508121,-2.35,1.5));
#4069=CARTESIAN_POINT('',(-8.11664955508121,-2.35,0.));
#4070=CARTESIAN_POINT('Origin',(5.45,-2.22044604925031E-15,0.6));
#4071=CARTESIAN_POINT('',(8.11664955508121,2.35,0.6));
#4072=CARTESIAN_POINT('',(6.57256447503019,1.90294362365955,0.6));
#4073=CARTESIAN_POINT('Origin',(0.,0.,0.6));
#4074=CARTESIAN_POINT('Origin',(5.45,-2.22044604925031E-15,0.6));
#4075=CARTESIAN_POINT('',(8.11664955508121,-2.35,0.6));
#4076=CARTESIAN_POINT('',(5.15575286630299,-1.49273652306784,0.6));
#4077=CARTESIAN_POINT('Origin',(0.,0.,0.6));
#4078=CARTESIAN_POINT('Origin',(6.86651316881341,2.77555756156289E-16,1.5));
#4079=CARTESIAN_POINT('',(8.11664955508121,2.35,1.5));
#4080=CARTESIAN_POINT('',(8.11664955508121,2.35,1.5));
#4081=CARTESIAN_POINT('',(8.11664955508121,-2.35,1.5));
#4082=CARTESIAN_POINT('',(8.11664955508121,-2.35,1.5));
#4083=CARTESIAN_POINT('Origin',(0.,0.,1.5));
#4084=CARTESIAN_POINT('Origin',(8.11664955508121,2.35,0.));
#4085=CARTESIAN_POINT('',(8.11664955508121,2.35,0.));
#4086=CARTESIAN_POINT('Origin',(5.28302633762682,-1.52958579881657,0.));
#4087=CARTESIAN_POINT('',(8.11664955508121,-2.35,0.));
#4088=CARTESIAN_POINT('Origin',(0.,0.,8.5));
#4089=CARTESIAN_POINT('',(-3.454,4.22993004425496E-16,8.5));
#4090=CARTESIAN_POINT('Origin',(0.,0.,8.5));
#4091=CARTESIAN_POINT('Origin',(0.,0.,0.));
#4092=CARTESIAN_POINT('',(-3.454,-4.22993004425496E-16,0.));
#4093=CARTESIAN_POINT('Origin',(-7.25,1.4,0.));
#4094=CARTESIAN_POINT('',(-7.25,1.4,-7.08293835932491));
#4095=CARTESIAN_POINT('',(-8.07960395068966,1.4,-6.1));
#4096=CARTESIAN_POINT('Ctrl Pts',(-7.25,1.4,-7.08293835932491));
#4097=CARTESIAN_POINT('Ctrl Pts',(-7.32194898143332,1.4,-7.0697189060236));
#4098=CARTESIAN_POINT('Ctrl Pts',(-7.39278699435903,1.4,-7.0483055611024));
#4099=CARTESIAN_POINT('Ctrl Pts',(-7.57053327509784,1.4,-6.97539044414316));
#4100=CARTESIAN_POINT('Ctrl Pts',(-7.6957458339334,1.4,-6.89275062364357));
#4101=CARTESIAN_POINT('Ctrl Pts',(-7.87244355757671,1.4,-6.71768609662738));
#4102=CARTESIAN_POINT('Ctrl Pts',(-7.95555972741356,1.4,-6.59467564878074));
#4103=CARTESIAN_POINT('Ctrl Pts',(-8.05057005783313,1.4,-6.36722690599194));
#4104=CARTESIAN_POINT('Ctrl Pts',(-8.07960395068966,1.4,-6.22277996683121));
#4105=CARTESIAN_POINT('Ctrl Pts',(-8.07960395068966,1.4,-6.1));
#4106=CARTESIAN_POINT('',(-7.06257743320383,1.4,-7.1));
#4107=CARTESIAN_POINT('Ctrl Pts',(-7.06257743320383,1.4,-7.1));
#4108=CARTESIAN_POINT('Ctrl Pts',(-7.12190901945159,1.4,-7.1));
#4109=CARTESIAN_POINT('Ctrl Pts',(-7.18638060495395,1.4,-7.09462738681516));
#4110=CARTESIAN_POINT('Ctrl Pts',(-7.25,1.4,-7.08293835932491));
#4111=CARTESIAN_POINT('',(-5.53321666584999,1.4,-7.1));
#4112=CARTESIAN_POINT('',(-2.7374124993875,1.4,-7.1));
#4113=CARTESIAN_POINT('',(-5.53321666584999,1.4,-4.8));
#4114=CARTESIAN_POINT('',(-5.53321666584999,1.4,-7.1));
#4115=CARTESIAN_POINT('',(-8.07960395068966,1.40000000000001,-4.8));
#4116=CARTESIAN_POINT('',(-3.625,1.39999999999998,-4.8));
#4117=CARTESIAN_POINT('',(-8.07960395068966,1.4,-7.1));
#4118=CARTESIAN_POINT('Origin',(0.,0.00854885057471333,-4.8));
#4119=CARTESIAN_POINT('',(-8.07960395068966,-1.4,-4.8));
#4120=CARTESIAN_POINT('',(-8.2,-1.00421037530083E-15,-4.8));
#4121=CARTESIAN_POINT('Origin',(0.,0.,-4.8));
#4122=CARTESIAN_POINT('Origin',(0.,0.,-4.8));
#4123=CARTESIAN_POINT('',(-5.53321666584999,-1.4,-4.8));
#4124=CARTESIAN_POINT('',(-5.53321666584999,1.4,-4.8));
#4125=CARTESIAN_POINT('',(-5.53321666584999,-1.4,-4.8));
#4126=CARTESIAN_POINT('Origin',(0.,-8.28976101541332,-1.5));
#4127=CARTESIAN_POINT('',(3.25,-8.7,-1.5));
#4128=CARTESIAN_POINT('',(3.25,-12.5,-1.5));
#4129=CARTESIAN_POINT('',(3.25,-10.9948805077067,-1.5));
#4130=CARTESIAN_POINT('',(1.75,-12.5,-1.5));
#4131=CARTESIAN_POINT('',(7.4,-12.5,-1.5));
#4132=CARTESIAN_POINT('',(1.75,-8.7,-1.5));
#4133=CARTESIAN_POINT('',(1.75,-8.49488050770666,-1.5));
#4134=CARTESIAN_POINT('',(1.62010346836751,-8.03836206896552,-1.5));
#4135=CARTESIAN_POINT('Origin',(0.,-8.7,-1.5));
#4136=CARTESIAN_POINT('',(-8.2,-1.00421037530083E-15,-1.5));
#4137=CARTESIAN_POINT('Origin',(0.,0.,-1.5));
#4138=CARTESIAN_POINT('',(-1.62010346836751,-8.03836206896552,-1.5));
#4139=CARTESIAN_POINT('Origin',(0.,0.,-1.5));
#4140=CARTESIAN_POINT('',(-1.75,-8.7,-1.5));
#4141=CARTESIAN_POINT('Origin',(0.,-8.7,-1.5));
#4142=CARTESIAN_POINT('',(-1.75,-12.5,-1.5));
#4143=CARTESIAN_POINT('',(-1.75,-10.9948805077067,-1.5));
#4144=CARTESIAN_POINT('',(-3.25,-12.5,-1.5));
#4145=CARTESIAN_POINT('',(7.4,-12.5,-1.5));
#4146=CARTESIAN_POINT('',(-3.25,-8.7,-1.5));
#4147=CARTESIAN_POINT('',(-3.25,-8.49488050770666,-1.5));
#4148=CARTESIAN_POINT('',(-6.75,-8.7,-1.5));
#4149=CARTESIAN_POINT('Origin',(-5.,-8.7,-1.5));
#4150=CARTESIAN_POINT('',(-6.75,-12.5,-1.5));
#4151=CARTESIAN_POINT('',(-6.75,-10.9948805077067,-1.5));
#4152=CARTESIAN_POINT('',(-7.4,-12.5,-1.5));
#4153=CARTESIAN_POINT('',(7.4,-12.5,-1.5));
#4154=CARTESIAN_POINT('',(-7.4,-4.07952203082665,-1.5));
#4155=CARTESIAN_POINT('',(-7.4,-12.5,-1.5));
#4156=CARTESIAN_POINT('',(7.4,-4.07952203082665,-1.5));
#4157=CARTESIAN_POINT('Origin',(0.,0.,-1.5));
#4158=CARTESIAN_POINT('',(7.4,-12.5,-1.5));
#4159=CARTESIAN_POINT('',(7.4,-4.07952203082665,-1.5));
#4160=CARTESIAN_POINT('',(6.75,-12.5,-1.5));
#4161=CARTESIAN_POINT('',(7.4,-12.5,-1.5));
#4162=CARTESIAN_POINT('',(6.75,-8.7,-1.5));
#4163=CARTESIAN_POINT('',(6.75,-8.49488050770666,-1.5));
#4164=CARTESIAN_POINT('Origin',(5.,-8.7,-1.5));
#4165=CARTESIAN_POINT('Origin',(0.,-8.7,0.));
#4166=CARTESIAN_POINT('',(0.321928866786096,-8.19367816091954,-1.9));
#4167=CARTESIAN_POINT('',(0.321928866786096,-8.19367816091954,-1.5));
#4168=CARTESIAN_POINT('',(0.321928866786096,-8.19367816091954,-1.5));
#4169=CARTESIAN_POINT('',(-0.6,-8.7,-1.9));
#4170=CARTESIAN_POINT('Origin',(0.,-8.7,-1.9));
#4171=CARTESIAN_POINT('',(-0.6,-8.7,0.));
#4172=CARTESIAN_POINT('',(-0.321928866786096,-8.19367816091954,-1.9));
#4173=CARTESIAN_POINT('Origin',(0.,-8.7,-1.9));
#4174=CARTESIAN_POINT('',(-0.321928866786096,-8.19367816091954,-1.5));
#4175=CARTESIAN_POINT('',(-0.321928866786096,-8.19367816091954,-1.5));
#4176=CARTESIAN_POINT('Origin',(0.,-8.7,-1.5));
#4177=CARTESIAN_POINT('Origin',(7.4,-4.07952203082665,0.));
#4178=CARTESIAN_POINT('',(7.4,-12.5,0.));
#4179=CARTESIAN_POINT('',(7.4,-4.07952203082665,0.));
#4180=CARTESIAN_POINT('Origin',(7.4,-12.5,0.));
#4181=CARTESIAN_POINT('',(-7.4,-12.5,0.));
#4182=CARTESIAN_POINT('',(7.4,-12.5,-1.5));
#4183=CARTESIAN_POINT('',(7.4,-12.5,-1.5));
#4184=CARTESIAN_POINT('',(7.4,-12.5,-1.5));
#4185=CARTESIAN_POINT('Origin',(-7.4,-12.5,0.));
#4186=CARTESIAN_POINT('',(-7.4,-4.07952203082665,0.));
#4187=CARTESIAN_POINT('Origin',(5.,-8.7,0.));
#4188=CARTESIAN_POINT('',(4.4,-8.7,-1.9));
#4189=CARTESIAN_POINT('Origin',(5.,-8.7,-1.9));
#4190=CARTESIAN_POINT('',(4.4,-8.7,0.));
#4191=CARTESIAN_POINT('Origin',(-5.,-8.7,0.));
#4192=CARTESIAN_POINT('',(-5.6,-8.7,-1.9));
#4193=CARTESIAN_POINT('Origin',(-5.,-8.7,-1.9));
#4194=CARTESIAN_POINT('',(-5.6,-8.7,0.));
#4195=CARTESIAN_POINT('Origin',(1.38777878078145E-16,-8.275,-1.5));
#4196=CARTESIAN_POINT('Origin',(0.,0.,-1.5));
#4197=CARTESIAN_POINT('Origin',(-6.86651316881341,2.77555756156289E-16,
1.5));
#4198=CARTESIAN_POINT('',(-8.33321666585002,1.4,1.5));
#4199=CARTESIAN_POINT('',(-7.25,1.4,1.5));
#4200=CARTESIAN_POINT('',(-7.0582565844067,1.4,1.5));
#4201=CARTESIAN_POINT('',(-7.25,-1.4,1.5));
#4202=CARTESIAN_POINT('',(-7.25,-0.7,1.5));
#4203=CARTESIAN_POINT('',(-8.33321666584999,-1.4,1.5));
#4204=CARTESIAN_POINT('',(-7.59986491733172,-1.4,1.5));
#4205=CARTESIAN_POINT('Origin',(0.,0.,1.5));
#4206=CARTESIAN_POINT('Origin',(0.,0.,1.5));
#4207=CARTESIAN_POINT('Origin',(-7.85,1.94289029309402E-15,3.6));
#4208=CARTESIAN_POINT('',(-7.25,1.4,3.6));
#4209=CARTESIAN_POINT('',(-8.33321666585002,1.4,3.6));
#4210=CARTESIAN_POINT('',(-7.25,1.4,3.6));
#4211=CARTESIAN_POINT('',(-8.33321666585002,-1.4,3.6));
#4212=CARTESIAN_POINT('Origin',(0.,0.,3.6));
#4213=CARTESIAN_POINT('',(-7.25,-1.4,3.6));
#4214=CARTESIAN_POINT('',(-7.25,-1.4,3.6));
#4215=CARTESIAN_POINT('',(-7.25,1.4,3.6));
#4216=CARTESIAN_POINT('Origin',(-8.33321666585002,-1.4,0.));
#4217=CARTESIAN_POINT('',(-7.25,-1.4,0.));
#4218=CARTESIAN_POINT('',(-8.33321666585002,-1.4,0.));
#4219=CARTESIAN_POINT('Origin',(-7.25,-1.4,0.));
#4220=CARTESIAN_POINT('',(-7.25,1.4,0.));
#4221=CARTESIAN_POINT('Origin',(-7.25,1.4,0.));
#4222=CARTESIAN_POINT('',(-8.33321666585002,1.4,0.));
#4223=CARTESIAN_POINT('Origin',(0.,0.,0.));
#4224=CARTESIAN_POINT('Origin',(0.0583916670749918,0.,-7.1));
#4225=CARTESIAN_POINT('',(-7.06257743320383,-1.4,-7.1));
#4226=CARTESIAN_POINT('Origin',(0.,0.,-7.1));
#4227=CARTESIAN_POINT('',(-5.53321666584999,-1.4,-7.1));
#4228=CARTESIAN_POINT('',(-3.5958041664625,-1.4,-7.1));
#4229=CARTESIAN_POINT('',(-5.53321666584999,-0.700000000000001,-7.1));
#4230=CARTESIAN_POINT('Origin',(-8.33321666585002,-1.4,0.));
#4231=CARTESIAN_POINT('',(-8.07960395068966,-1.4,-6.1));
#4232=CARTESIAN_POINT('',(-7.25,-1.4,-7.08293835932491));
#4233=CARTESIAN_POINT('Ctrl Pts',(-8.07960395068966,-1.4,-6.1));
#4234=CARTESIAN_POINT('Ctrl Pts',(-8.07960395068966,-1.4,-6.22277996683121));
#4235=CARTESIAN_POINT('Ctrl Pts',(-8.05057005783314,-1.4,-6.36722690599194));
#4236=CARTESIAN_POINT('Ctrl Pts',(-7.95555972741356,-1.4,-6.59467564878074));
#4237=CARTESIAN_POINT('Ctrl Pts',(-7.87244355757671,-1.4,-6.71768609662738));
#4238=CARTESIAN_POINT('Ctrl Pts',(-7.6957458339334,-1.4,-6.89275062364357));
#4239=CARTESIAN_POINT('Ctrl Pts',(-7.57053327509784,-1.4,-6.97539044414316));
#4240=CARTESIAN_POINT('Ctrl Pts',(-7.39278699435903,-1.4,-7.0483055611024));
#4241=CARTESIAN_POINT('Ctrl Pts',(-7.32194898143332,-1.4,-7.0697189060236));
#4242=CARTESIAN_POINT('Ctrl Pts',(-7.25,-1.4,-7.08293835932491));
#4243=CARTESIAN_POINT('',(-8.07960395068966,-1.4,-7.1));
#4244=CARTESIAN_POINT('',(-5.53321666584999,-1.4,-7.1));
#4245=CARTESIAN_POINT('Ctrl Pts',(-7.25,-1.4,-7.08293835932491));
#4246=CARTESIAN_POINT('Ctrl Pts',(-7.18638060495395,-1.4,-7.09462738681516));
#4247=CARTESIAN_POINT('Ctrl Pts',(-7.12190901945159,-1.4,-7.1));
#4248=CARTESIAN_POINT('Ctrl Pts',(-7.06257743320383,-1.4,-7.1));
#4249=CARTESIAN_POINT('Origin',(0.,0.,-6.1));
#4250=CARTESIAN_POINT('Origin',(0.,0.,-6.1));
#4251=CARTESIAN_POINT('Origin',(-5.53321666584999,-1.4,-7.1));
#4252=CARTESIAN_POINT('Origin',(-5.,-12.325,-1.5));
#4253=CARTESIAN_POINT('',(-6.75,-13.7,-1.5));
#4254=CARTESIAN_POINT('',(-6.75,-13.7,-1.5));
#4255=CARTESIAN_POINT('',(-5.5,-13.7,-1.5));
#4256=CARTESIAN_POINT('',(-3.25,-13.7,-1.5));
#4257=CARTESIAN_POINT('',(-5.5,-17.7,-1.5));
#4258=CARTESIAN_POINT('',(-5.5,-13.7,-1.5));
#4259=CARTESIAN_POINT('',(-4.5,-17.7,-1.5));
#4260=CARTESIAN_POINT('',(-5.5,-17.7,-1.5));
#4261=CARTESIAN_POINT('',(-4.5,-13.7,-1.5));
#4262=CARTESIAN_POINT('',(-4.5,-17.7,-1.5));
#4263=CARTESIAN_POINT('',(-3.25,-13.7,-1.5));
#4264=CARTESIAN_POINT('',(-3.25,-13.7,-1.5));
#4265=CARTESIAN_POINT('',(-3.25,-8.7,-1.5));
#4266=CARTESIAN_POINT('Origin',(-5.,-12.325,-1.9));
#4267=CARTESIAN_POINT('',(-5.5,-13.7,-1.9));
#4268=CARTESIAN_POINT('',(-6.75,-13.7,-1.9));
#4269=CARTESIAN_POINT('',(-3.25,-13.7,-1.9));
#4270=CARTESIAN_POINT('',(-6.75,-8.7,-1.9));
#4271=CARTESIAN_POINT('',(-6.75,-13.7,-1.9));
#4272=CARTESIAN_POINT('',(-3.25,-8.7,-1.9));
#4273=CARTESIAN_POINT('Origin',(-5.,-8.7,-1.9));
#4274=CARTESIAN_POINT('',(-3.25,-13.7,-1.9));
#4275=CARTESIAN_POINT('',(-3.25,-8.7,-1.9));
#4276=CARTESIAN_POINT('',(-4.5,-13.7,-1.9));
#4277=CARTESIAN_POINT('',(-3.25,-13.7,-1.9));
#4278=CARTESIAN_POINT('',(-4.5,-17.7,-1.9));
#4279=CARTESIAN_POINT('',(-4.5,-17.7,-1.9));
#4280=CARTESIAN_POINT('',(-5.5,-17.7,-1.9));
#4281=CARTESIAN_POINT('',(-5.5,-17.7,-1.9));
#4282=CARTESIAN_POINT('',(-5.5,-13.7,-1.9));
#4283=CARTESIAN_POINT('Origin',(-5.5,-13.7,-1.5));
#4284=CARTESIAN_POINT('',(-6.75,-13.7,-1.5));
#4285=CARTESIAN_POINT('',(-5.5,-13.7,-1.5));
#4286=CARTESIAN_POINT('Origin',(-6.75,-13.7,-1.5));
#4287=CARTESIAN_POINT('',(-6.75,-8.7,-1.5));
#4288=CARTESIAN_POINT('Origin',(-5.,-8.7,-1.5));
#4289=CARTESIAN_POINT('',(-3.25,-8.7,-1.5));
#4290=CARTESIAN_POINT('Origin',(-3.25,-8.7,-1.5));
#4291=CARTESIAN_POINT('',(-3.25,-13.7,-1.5));
#4292=CARTESIAN_POINT('Origin',(-3.25,-13.7,-1.5));
#4293=CARTESIAN_POINT('',(-4.5,-13.7,-1.5));
#4294=CARTESIAN_POINT('Origin',(-4.5,-13.7,-1.5));
#4295=CARTESIAN_POINT('',(-4.5,-17.7,-1.5));
#4296=CARTESIAN_POINT('Origin',(-4.5,-17.7,-1.5));
#4297=CARTESIAN_POINT('',(-5.5,-17.7,-1.5));
#4298=CARTESIAN_POINT('Origin',(-5.5,-17.7,-1.5));
#4299=CARTESIAN_POINT('Origin',(0.,0.,-7.1));
#4300=CARTESIAN_POINT('',(-8.2,-1.00421037530083E-15,-7.1));
#4301=CARTESIAN_POINT('',(1.62010346836751,-8.03836206896552,-1.9));
#4302=CARTESIAN_POINT('',(1.62010346836751,-8.03836206896552,-1.5));
#4303=CARTESIAN_POINT('Origin',(0.,0.,-1.9));
#4304=CARTESIAN_POINT('',(-1.62010346836751,-8.03836206896552,-1.9));
#4305=CARTESIAN_POINT('Origin',(0.,0.,-1.9));
#4306=CARTESIAN_POINT('',(-1.62010346836751,-8.03836206896552,-1.5));
#4307=CARTESIAN_POINT('Origin',(0.,-12.325,-1.9));
#4308=CARTESIAN_POINT('',(1.75,-8.7,-1.9));
#4309=CARTESIAN_POINT('Origin',(0.,-8.7,-1.9));
#4310=CARTESIAN_POINT('',(1.75,-13.7,-1.9));
#4311=CARTESIAN_POINT('',(1.75,-8.7,-1.9));
#4312=CARTESIAN_POINT('',(0.499999999999999,-13.7,-1.9));
#4313=CARTESIAN_POINT('',(1.75,-13.7,-1.9));
#4314=CARTESIAN_POINT('',(0.499999999999999,-17.7,-1.9));
#4315=CARTESIAN_POINT('',(0.499999999999999,-17.7,-1.9));
#4316=CARTESIAN_POINT('',(-0.500000000000002,-17.7,-1.9));
#4317=CARTESIAN_POINT('',(-0.500000000000002,-17.7,-1.9));
#4318=CARTESIAN_POINT('',(-0.500000000000002,-13.7,-1.9));
#4319=CARTESIAN_POINT('',(-0.500000000000002,-13.7,-1.9));
#4320=CARTESIAN_POINT('',(-1.75,-13.7,-1.9));
#4321=CARTESIAN_POINT('',(1.75,-13.7,-1.9));
#4322=CARTESIAN_POINT('',(-1.75,-8.7,-1.9));
#4323=CARTESIAN_POINT('',(-1.75,-13.7,-1.9));
#4324=CARTESIAN_POINT('Origin',(0.,-8.7,-1.9));
#4325=CARTESIAN_POINT('Origin',(-0.500000000000002,-13.7,-1.5));
#4326=CARTESIAN_POINT('',(-0.500000000000002,-13.7,-1.5));
#4327=CARTESIAN_POINT('',(-1.75,-13.7,-1.5));
#4328=CARTESIAN_POINT('',(1.75,-13.7,-1.5));
#4329=CARTESIAN_POINT('',(-1.75,-13.7,-1.5));
#4330=CARTESIAN_POINT('',(-0.500000000000002,-13.7,-1.5));
#4331=CARTESIAN_POINT('Origin',(-1.75,-13.7,-1.5));
#4332=CARTESIAN_POINT('',(-1.75,-13.7,-1.5));
#4333=CARTESIAN_POINT('',(-1.75,-8.7,-1.5));
#4334=CARTESIAN_POINT('Origin',(1.75,-8.7,-1.5));
#4335=CARTESIAN_POINT('',(1.75,-13.7,-1.5));
#4336=CARTESIAN_POINT('',(1.75,-8.7,-1.5));
#4337=CARTESIAN_POINT('',(1.75,-13.7,-1.5));
#4338=CARTESIAN_POINT('',(1.75,-8.7,-1.5));
#4339=CARTESIAN_POINT('Origin',(1.75,-13.7,-1.5));
#4340=CARTESIAN_POINT('',(0.499999999999999,-13.7,-1.5));
#4341=CARTESIAN_POINT('',(1.75,-13.7,-1.5));
#4342=CARTESIAN_POINT('',(0.499999999999999,-13.7,-1.5));
#4343=CARTESIAN_POINT('Origin',(0.499999999999999,-13.7,-1.5));
#4344=CARTESIAN_POINT('',(0.499999999999999,-17.7,-1.5));
#4345=CARTESIAN_POINT('',(0.499999999999999,-17.7,-1.5));
#4346=CARTESIAN_POINT('',(0.499999999999999,-17.7,-1.5));
#4347=CARTESIAN_POINT('Origin',(0.499999999999999,-17.7,-1.5));
#4348=CARTESIAN_POINT('',(-0.500000000000002,-17.7,-1.5));
#4349=CARTESIAN_POINT('',(-0.500000000000002,-17.7,-1.5));
#4350=CARTESIAN_POINT('',(-0.500000000000002,-17.7,-1.5));
#4351=CARTESIAN_POINT('Origin',(-0.500000000000002,-17.7,-1.5));
#4352=CARTESIAN_POINT('',(-0.500000000000002,-13.7,-1.5));
#4353=CARTESIAN_POINT('Origin',(0.,-8.7,-1.5));
#4354=CARTESIAN_POINT('Origin',(0.,-8.7,-1.5));
#4355=CARTESIAN_POINT('Origin',(0.,-12.325,-1.5));
#4356=CARTESIAN_POINT('Origin',(5.,-12.325,-1.5));
#4357=CARTESIAN_POINT('',(3.25,-13.7,-1.5));
#4358=CARTESIAN_POINT('',(3.25,-13.7,-1.5));
#4359=CARTESIAN_POINT('',(4.5,-13.7,-1.5));
#4360=CARTESIAN_POINT('',(6.75,-13.7,-1.5));
#4361=CARTESIAN_POINT('',(4.5,-17.7,-1.5));
#4362=CARTESIAN_POINT('',(4.5,-13.7,-1.5));
#4363=CARTESIAN_POINT('',(5.5,-17.7,-1.5));
#4364=CARTESIAN_POINT('',(4.5,-17.7,-1.5));
#4365=CARTESIAN_POINT('',(5.5,-13.7,-1.5));
#4366=CARTESIAN_POINT('',(5.5,-17.7,-1.5));
#4367=CARTESIAN_POINT('',(6.75,-13.7,-1.5));
#4368=CARTESIAN_POINT('',(6.75,-13.7,-1.5));
#4369=CARTESIAN_POINT('',(6.75,-8.7,-1.5));
#4370=CARTESIAN_POINT('Origin',(5.,-12.325,-1.9));
#4371=CARTESIAN_POINT('',(4.5,-13.7,-1.9));
#4372=CARTESIAN_POINT('',(3.25,-13.7,-1.9));
#4373=CARTESIAN_POINT('',(6.75,-13.7,-1.9));
#4374=CARTESIAN_POINT('',(3.25,-8.7,-1.9));
#4375=CARTESIAN_POINT('',(3.25,-13.7,-1.9));
#4376=CARTESIAN_POINT('',(6.75,-8.7,-1.9));
#4377=CARTESIAN_POINT('Origin',(5.,-8.7,-1.9));
#4378=CARTESIAN_POINT('',(6.75,-13.7,-1.9));
#4379=CARTESIAN_POINT('',(6.75,-8.7,-1.9));
#4380=CARTESIAN_POINT('',(5.5,-13.7,-1.9));
#4381=CARTESIAN_POINT('',(6.75,-13.7,-1.9));
#4382=CARTESIAN_POINT('',(5.5,-17.7,-1.9));
#4383=CARTESIAN_POINT('',(5.5,-17.7,-1.9));
#4384=CARTESIAN_POINT('',(4.5,-17.7,-1.9));
#4385=CARTESIAN_POINT('',(4.5,-17.7,-1.9));
#4386=CARTESIAN_POINT('',(4.5,-13.7,-1.9));
#4387=CARTESIAN_POINT('Origin',(4.5,-13.7,-1.5));
#4388=CARTESIAN_POINT('',(3.25,-13.7,-1.5));
#4389=CARTESIAN_POINT('',(4.5,-13.7,-1.5));
#4390=CARTESIAN_POINT('Origin',(3.25,-13.7,-1.5));
#4391=CARTESIAN_POINT('',(3.25,-8.7,-1.5));
#4392=CARTESIAN_POINT('Origin',(5.,-8.7,-1.5));
#4393=CARTESIAN_POINT('',(6.75,-8.7,-1.5));
#4394=CARTESIAN_POINT('Origin',(6.75,-8.7,-1.5));
#4395=CARTESIAN_POINT('',(6.75,-13.7,-1.5));
#4396=CARTESIAN_POINT('Origin',(6.75,-13.7,-1.5));
#4397=CARTESIAN_POINT('',(5.5,-13.7,-1.5));
#4398=CARTESIAN_POINT('Origin',(5.5,-13.7,-1.5));
#4399=CARTESIAN_POINT('',(5.5,-17.7,-1.5));
#4400=CARTESIAN_POINT('Origin',(5.5,-17.7,-1.5));
#4401=CARTESIAN_POINT('',(4.5,-17.7,-1.5));
#4402=CARTESIAN_POINT('Origin',(4.5,-17.7,-1.5));
#4403=CARTESIAN_POINT('',(0.,0.,0.));
#4404=CARTESIAN_POINT('Origin',(0.,0.,8.6));
#4405=CARTESIAN_POINT('',(-2.9,-3.55147571752732E-16,8.6));
#4406=CARTESIAN_POINT('Origin',(0.,0.,8.6));
#4407=CARTESIAN_POINT('Origin',(0.,0.,16.25));
#4408=CARTESIAN_POINT('',(0.638201562389207,-2.10539753152795,16.8));
#4409=CARTESIAN_POINT('',(0.943134829662446,-2.63355744336318,15.8613180712985));
#4410=CARTESIAN_POINT('Ctrl Pts',(0.638201562389207,-2.10539753152795,16.8));
#4411=CARTESIAN_POINT('Ctrl Pts',(0.772443534951679,-2.33791144851442,16.3891373832166));
#4412=CARTESIAN_POINT('Ctrl Pts',(0.943134829662446,-2.63355744336318,15.8613180712985));
#4413=CARTESIAN_POINT('',(-1.50422696617365,1.60539753152795,16.8));
#4414=CARTESIAN_POINT('Origin',(0.,0.,16.8));
#4415=CARTESIAN_POINT('',(-1.80915370196506,2.1335461305048,15.8613382682393));
#4416=CARTESIAN_POINT('Ctrl Pts',(-1.80915370196506,2.1335461305048,15.8613382682393));
#4417=CARTESIAN_POINT('Ctrl Pts',(-1.6384664086043,1.83790706619755,16.3891451269689));
#4418=CARTESIAN_POINT('Ctrl Pts',(-1.50422696617365,1.60539753152795,16.8));
#4419=CARTESIAN_POINT('',(-1.83286401665948,2.04921819449537,15.9368042196735));
#4420=CARTESIAN_POINT('Ctrl Pts',(-1.80915370196506,2.1335461305048,15.8613382682394));
#4421=CARTESIAN_POINT('Ctrl Pts',(-1.81009080508719,2.13249360708998,15.8616473731983));
#4422=CARTESIAN_POINT('Ctrl Pts',(-1.81100257824479,2.13142372580606,15.8620013332361));
#4423=CARTESIAN_POINT('Ctrl Pts',(-1.81584000584658,2.12551186212989,15.8641533314362));
#4424=CARTESIAN_POINT('Ctrl Pts',(-1.81917729847331,2.12045518938629,15.8667751830968));
#4425=CARTESIAN_POINT('Ctrl Pts',(-1.82957240329981,2.10185161485602,15.8782705722526));
#4426=CARTESIAN_POINT('Ctrl Pts',(-1.83339131892635,2.08610722381467,15.8929002851183));
#4427=CARTESIAN_POINT('Ctrl Pts',(-1.8348138559556,2.06544252051912,15.9157438373498));
#4428=CARTESIAN_POINT('Ctrl Pts',(-1.83429963474372,2.05714039171934,15.9260211551993));
#4429=CARTESIAN_POINT('Ctrl Pts',(-1.83286401665948,2.04921819449537,15.9368042196735));
#4430=CARTESIAN_POINT('',(-1.74505578053584,1.56466441790429,16.5740299197822));
#4431=CARTESIAN_POINT('Ctrl Pts',(-1.74505578053584,1.56466441790429,16.5740299197822));
#4432=CARTESIAN_POINT('Ctrl Pts',(-1.78546430271458,1.78765149625307,16.2928279958683));
#4433=CARTESIAN_POINT('Ctrl Pts',(-1.83286401665948,2.04921819449537,15.9368042196735));
#4434=CARTESIAN_POINT('',(-1.84392683315876,1.44683448573735,16.5740293239679));
#4435=CARTESIAN_POINT('Ctrl Pts',(-1.74505578053584,1.56466441790429,16.5740299197822));
#4436=CARTESIAN_POINT('Ctrl Pts',(-1.74373724414577,1.55738831470955,16.5832055824803));
#4437=CARTESIAN_POINT('Ctrl Pts',(-1.74317230941549,1.5497277036998,16.5918834498749));
#4438=CARTESIAN_POINT('Ctrl Pts',(-1.74402957585662,1.53305411976405,16.6082301338689));
#4439=CARTESIAN_POINT('Ctrl Pts',(-1.74571141538217,1.52296271903543,16.6167107234262));
#4440=CARTESIAN_POINT('Ctrl Pts',(-1.75135600396078,1.50750433292634,16.6258870118138));
#4441=CARTESIAN_POINT('Ctrl Pts',(-1.75372729374931,1.5022960726455,16.6283948636762));
#4442=CARTESIAN_POINT('Ctrl Pts',(-1.75953112105758,1.49214176471502,16.631804372886));
#4443=CARTESIAN_POINT('Ctrl Pts',(-1.76295520265114,1.48719478985575,16.6327176476624));
#4444=CARTESIAN_POINT('Ctrl Pts',(-1.77074201394354,1.47791478427682,16.6327176476624));
#4445=CARTESIAN_POINT('Ctrl Pts',(-1.77501922729384,1.47368366846965,16.631804372886));
#4446=CARTESIAN_POINT('Ctrl Pts',(-1.78401140852359,1.46620469409461,16.6283948636762));
#4447=CARTESIAN_POINT('Ctrl Pts',(-1.78872875792165,1.46296500196869,16.6258870118138));
#4448=CARTESIAN_POINT('Ctrl Pts',(-1.80297208430992,1.45472177840525,16.6167107234262));
#4449=CARTESIAN_POINT('Ctrl Pts',(-1.81261810925036,1.45131309013796,16.6082301338689));
#4450=CARTESIAN_POINT('Ctrl Pts',(-1.82888967288365,1.44757339292312,16.5918832794757));
#4451=CARTESIAN_POINT('Ctrl Pts',(-1.83653215959975,1.44679946223103,16.5832052070345));
#4452=CARTESIAN_POINT('Ctrl Pts',(-1.84392683315876,1.44683448573735,16.5740293239679));
#4453=CARTESIAN_POINT('',(-2.33636688928402,1.44916683716357,15.9368016330043));
#4454=CARTESIAN_POINT('Ctrl Pts',(-2.33636688928402,1.44916683716357,15.9368016330043));
#4455=CARTESIAN_POINT('Ctrl Pts',(-2.07054304952841,1.44790781161505,16.2928263897454));
#4456=CARTESIAN_POINT('Ctrl Pts',(-1.84392683315876,1.44683448573735,16.5740293239679));
#4457=CARTESIAN_POINT('',(-2.42320527142944,1.29875834724063,15.9368009846317));
#4458=CARTESIAN_POINT('Ctrl Pts',(-2.33636688928402,1.44916683716357,15.9368016330043));
#4459=CARTESIAN_POINT('Ctrl Pts',(-2.344418156744,1.44920497050571,15.9260183618668));
#4460=CARTESIAN_POINT('Ctrl Pts',(-2.35268359232296,1.44826969816612,15.9157408479215));
#4461=CARTESIAN_POINT('Ctrl Pts',(-2.37278745442989,1.44328026376578,15.8928971317574));
#4462=CARTESIAN_POINT('Ctrl Pts',(-2.38762947734654,1.4367853185932,15.8782674190156));
#4463=CARTESIAN_POINT('Ctrl Pts',(-2.40414527361642,1.42331759240095,15.8667720299664));
#4464=CARTESIAN_POINT('Ctrl Pts',(-2.40854559168331,1.41915290024261,15.8641501783376));
#4465=CARTESIAN_POINT('Ctrl Pts',(-2.41668956529752,1.4096872472981,15.8606323608862));
#4466=CARTESIAN_POINT('Ctrl Pts',(-2.42043177528534,1.40438367894046,15.8597400664765));
#4467=CARTESIAN_POINT('Ctrl Pts',(-2.4264545785513,1.39395181936562,15.8597400664765));
#4468=CARTESIAN_POINT('Ctrl Pts',(-2.42917646995897,1.38805917309404,15.8606323608862));
#4469=CARTESIAN_POINT('Ctrl Pts',(-2.43330192200937,1.37627343861227,15.8641501783376));
#4470=CARTESIAN_POINT('Ctrl Pts',(-2.43470846365473,1.37038029849317,15.8667720299664));
#4471=CARTESIAN_POINT('Ctrl Pts',(-2.43811385669146,1.34934331977751,15.8782674190156));
#4472=CARTESIAN_POINT('Ctrl Pts',(-2.43631755480207,1.33324228699774,15.8928971317574));
#4473=CARTESIAN_POINT('Ctrl Pts',(-2.43058655141275,1.3133373057819,15.9157406602397));
#4474=CARTESIAN_POINT('Ctrl Pts',(-2.42726385245738,1.30571175055301,15.9260179498858));
#4475=CARTESIAN_POINT('Ctrl Pts',(-2.42320527142944,1.29875834724063,15.9368009846317));
#4476=CARTESIAN_POINT('',(-2.17496536778115,0.873458924508222,16.5740264246604));
#4477=CARTESIAN_POINT('Ctrl Pts',(-2.17496536778115,0.873458924508222,16.5740264246604));
#4478=CARTESIAN_POINT('Ctrl Pts',(-2.28920304272949,1.06917772916364,16.2928245993274));
#4479=CARTESIAN_POINT('Ctrl Pts',(-2.42320527142944,1.29875834724063,15.9368009846317));
#4480=CARTESIAN_POINT('',(-2.22757355605245,0.728919115154401,16.5740256937866));
#4481=CARTESIAN_POINT('Ctrl Pts',(-2.17496536778115,0.873458924508222,16.5740264246604));
#4482=CARTESIAN_POINT('Ctrl Pts',(-2.17123778383667,0.86707260515958,16.5832020614172));
#4483=CARTESIAN_POINT('Ctrl Pts',(-2.16808684159958,0.860067222461042,16.5918799046722));
#4484=CARTESIAN_POINT('Ctrl Pts',(-2.16318970389961,0.844105998307586,16.6082265688243));
#4485=CARTESIAN_POINT('Ctrl Pts',(-2.16131864807922,0.834047961242019,16.6167071585665));
#4486=CARTESIAN_POINT('Ctrl Pts',(-2.1613357377615,0.817591266391828,16.6258834471296));
#4487=CARTESIAN_POINT('Ctrl Pts',(-2.16178268821434,0.811886073350377,16.6283912990355));
#4488=CARTESIAN_POINT('Ctrl Pts',(-2.1637635177799,0.800359117851936,16.6318008083017));
#4489=CARTESIAN_POINT('Ctrl Pts',(-2.1652891337973,0.794539376204529,16.6327140830915));
#4490=CARTESIAN_POINT('Ctrl Pts',(-2.16943238799048,0.783155774554518,16.6327140830915));
#4491=CARTESIAN_POINT('Ctrl Pts',(-2.17200452410551,0.777716931581894,16.6318008083017));
#4492=CARTESIAN_POINT('Ctrl Pts',(-2.17789644528611,0.767613483970686,16.6283912990355));
#4493=CARTESIAN_POINT('Ctrl Pts',(-2.18122126133897,0.762955738747709,16.6258834471296));
#4494=CARTESIAN_POINT('Ctrl Pts',(-2.19178625511073,0.750338131841001,16.6167071585665));
#4495=CARTESIAN_POINT('Ctrl Pts',(-2.19968471032971,0.743835873414183,16.6082265688243));
#4496=CARTESIAN_POINT('Ctrl Pts',(-2.21369593825585,0.734756487159599,16.5918796956469));
#4497=CARTESIAN_POINT('Ctrl Pts',(-2.22061284176488,0.731415336645083,16.5832016008652));
#4498=CARTESIAN_POINT('Ctrl Pts',(-2.22757355605245,0.728919115154401,16.5740256937866));
#4499=CARTESIAN_POINT('',(-2.69111355414184,0.562686390003434,15.9367978116148));
#4500=CARTESIAN_POINT('Ctrl Pts',(-2.69111355414184,0.562686390003434,15.9367978116148));
#4501=CARTESIAN_POINT('Ctrl Pts',(-2.44089025303967,0.652420396583087,16.2928226291288));
#4502=CARTESIAN_POINT('Ctrl Pts',(-2.22757355605245,0.728919115154401,16.5740256937866));
#4503=CARTESIAN_POINT('',(-2.72127220776404,0.391648166011747,15.9367970743134));
#4504=CARTESIAN_POINT('Ctrl Pts',(-2.69111355414184,0.562686390003434,15.9367978116148));
#4505=CARTESIAN_POINT('Ctrl Pts',(-2.69869232351794,0.559968524248867,15.926014523359));
#4506=CARTESIAN_POINT('Ctrl Pts',(-2.70613942040374,0.556262703820553,15.9157369931661));
#4507=CARTESIAN_POINT('Ctrl Pts',(-2.72332439014441,0.544698230626111,15.8928932635907));
#4508=CARTESIAN_POINT('Ctrl Pts',(-2.73504992337804,0.533518703951015,15.8782635510009));
#4509=CARTESIAN_POINT('Ctrl Pts',(-2.74596345517075,0.515214442662596,15.8667681620826));
#4510=CARTESIAN_POINT('Ctrl Pts',(-2.74867399107788,0.509795913970907,15.8641463104928));
#4511=CARTESIAN_POINT('Ctrl Pts',(-2.75308937497882,0.498115705513576,15.8606284930913));
#4512=CARTESIAN_POINT('Ctrl Pts',(-2.75479197274846,0.491852069843411,15.8597361986927));
#4513=CARTESIAN_POINT('Ctrl Pts',(-2.75688364644086,0.479989407920185,15.8597361986927));
#4514=CARTESIAN_POINT('Ctrl Pts',(-2.75742598184211,0.473521189982739,15.8606284930913));
#4515=CARTESIAN_POINT('Ctrl Pts',(-2.75727167600682,0.461035234900784,15.8641463104928));
#4516=CARTESIAN_POINT('Ctrl Pts',(-2.75657781824218,0.455016429413896,15.8667681620826));
#4517=CARTESIAN_POINT('Ctrl Pts',(-2.75258276378109,0.434083424437115,15.8782635510009));
#4518=CARTESIAN_POINT('Ctrl Pts',(-2.74538791013237,0.419567776767598,15.8928932635907));
#4519=CARTESIAN_POINT('Ctrl Pts',(-2.73319462539754,0.402823344396047,15.9157367797424));
#4520=CARTESIAN_POINT('Ctrl Pts',(-2.72746422274616,0.396794104964448,15.9260140548719));
#4521=CARTESIAN_POINT('Ctrl Pts',(-2.72127220776404,0.391648166011747,15.9367970743134));
#4522=CARTESIAN_POINT('',(-2.34254203260187,0.0769004842705373,16.5740223968192));
#4523=CARTESIAN_POINT('Ctrl Pts',(-2.34254203260187,0.0769004842705373,
16.5740223968192));
#4524=CARTESIAN_POINT('Ctrl Pts',(-2.51683012412095,0.221744429533784,16.292820593142));
#4525=CARTESIAN_POINT('Ctrl Pts',(-2.72127220776404,0.391648166011747,15.9367970743134));
#4526=CARTESIAN_POINT('',(-2.34254203260187,-0.076915568081706,16.5740216190404));
#4527=CARTESIAN_POINT('Ctrl Pts',(-2.34254203260187,0.0769004842705369,
16.5740223968192));
#4528=CARTESIAN_POINT('Ctrl Pts',(-2.33685500465642,0.0721742200876977,
16.5831980238049));
#4529=CARTESIAN_POINT('Ctrl Pts',(-2.33149810990254,0.0666690048887006,
16.5918758579658));
#4530=CARTESIAN_POINT('Ctrl Pts',(-2.32143724718206,0.0533452880454139,
16.6082225148092));
#4531=CARTESIAN_POINT('Ctrl Pts',(-2.31623897654827,0.0445337643710446,
16.6167031047618));
#4532=CARTESIAN_POINT('Ctrl Pts',(-2.3106265111757,0.0290636852428254,16.6258793935243));
#4533=CARTESIAN_POINT('Ctrl Pts',(-2.30909521513466,0.023549691501367,16.6283872454798));
#4534=CARTESIAN_POINT('Ctrl Pts',(-2.30701413277929,0.012040412896756,16.6317967548101));
#4535=CARTESIAN_POINT('Ctrl Pts',(-2.30645727285308,0.00604985312011776,
16.632710029615));
#4536=CARTESIAN_POINT('Ctrl Pts',(-2.30645723488695,-0.00606431012558963,
16.632710029615));
#4537=CARTESIAN_POINT('Ctrl Pts',(-2.30701405726398,-0.0120548733925398,
16.6317967548101));
#4538=CARTESIAN_POINT('Ctrl Pts',(-2.30909506747849,-0.0235641650412673,
16.6283872454798));
#4539=CARTESIAN_POINT('Ctrl Pts',(-2.31062632895747,-0.0290781683808681,
16.6258793935243));
#4540=CARTESIAN_POINT('Ctrl Pts',(-2.3162386973626,-0.0445482826880359,
16.6167031047618));
#4541=CARTESIAN_POINT('Ctrl Pts',(-2.32143691276515,-0.0533598389452892,
16.6082225148092));
#4542=CARTESIAN_POINT('Ctrl Pts',(-2.33149782887538,-0.0666838001559619,
16.5918756355259));
#4543=CARTESIAN_POINT('Ctrl Pts',(-2.33685485478365,-0.0721891793455292,
16.5831975336962));
#4544=CARTESIAN_POINT('Ctrl Pts',(-2.34254203260187,-0.0769155680817063,
16.5740216190404));
#4545=CARTESIAN_POINT('',(-2.72127220776404,-0.391663249822915,15.9367936976625));
#4546=CARTESIAN_POINT('Ctrl Pts',(-2.72127220776404,-0.391663249822915,
15.9367936976625));
#4547=CARTESIAN_POINT('Ctrl Pts',(-2.51683007045955,-0.221759468749086,
16.2928184965029));
#4548=CARTESIAN_POINT('Ctrl Pts',(-2.34254203260187,-0.076915568081706,
16.5740216190404));
#4549=CARTESIAN_POINT('',(-2.69111355414184,-0.562701473814602,15.9367929603618));
#4550=CARTESIAN_POINT('Ctrl Pts',(-2.72127220776404,-0.391663249822915,
15.9367936976625));
#4551=CARTESIAN_POINT('Ctrl Pts',(-2.72746435702625,-0.396809300370495,
15.9260104084417));
#4552=CARTESIAN_POINT('Ctrl Pts',(-2.73319487415546,-0.402838690116673,
15.9157328773278));
#4553=CARTESIAN_POINT('Ctrl Pts',(-2.74538818054774,-0.419583346575155,
15.8928891471777));
#4554=CARTESIAN_POINT('Ctrl Pts',(-2.75258295392508,-0.43409903363741,15.8782594347496));
#4555=CARTESIAN_POINT('Ctrl Pts',(-2.7565778928751,-0.455032060208863,15.8667640459705));
#4556=CARTESIAN_POINT('Ctrl Pts',(-2.75727171744526,-0.461050869365275,
15.8641421944222));
#4557=CARTESIAN_POINT('Ctrl Pts',(-2.75742595448314,-0.473536824986371,
15.8606243770738));
#4558=CARTESIAN_POINT('Ctrl Pts',(-2.75688358347309,-0.480005039778189,
15.8597320826871));
#4559=CARTESIAN_POINT('Ctrl Pts',(-2.7547918445266,-0.491867689898008,15.8597320826871));
#4560=CARTESIAN_POINT('Ctrl Pts',(-2.75308921233051,-0.498131316045094,
15.8606243770738));
#4561=CARTESIAN_POINT('Ctrl Pts',(-2.74867376429262,-0.509811499924663,
15.8641421944222));
#4562=CARTESIAN_POINT('Ctrl Pts',(-2.74596319866419,-0.515230013574126,
15.8667640459705));
#4563=CARTESIAN_POINT('Ctrl Pts',(-2.73504956649784,-0.533534214501597,
15.8782594347496));
#4564=CARTESIAN_POINT('Ctrl Pts',(-2.72332397213337,-0.544713676547715,
15.8928891471777));
#4565=CARTESIAN_POINT('Ctrl Pts',(-2.70613909918419,-0.556277947611376,
15.9157326639044));
#4566=CARTESIAN_POINT('Ctrl Pts',(-2.69869216024491,-0.55998366661231,15.9260099399551));
#4567=CARTESIAN_POINT('Ctrl Pts',(-2.69111355414184,-0.562701473814602,
15.9367929603618));
#4568=CARTESIAN_POINT('',(-2.22757355605245,-0.728934198965569,16.5740183220766));
#4569=CARTESIAN_POINT('Ctrl Pts',(-2.22757355605245,-0.728934198965569,
16.5740183220766));
#4570=CARTESIAN_POINT('Ctrl Pts',(-2.44089035420742,-0.652435444113909,
16.2928164605183));
#4571=CARTESIAN_POINT('Ctrl Pts',(-2.69111355414184,-0.562701473814602,
15.9367929603618));
#4572=CARTESIAN_POINT('',(-2.17496536778115,-0.873474008319391,16.5740175912045));
#4573=CARTESIAN_POINT('Ctrl Pts',(-2.22757355605246,-0.728934198965569,
16.5740183220766));
#4574=CARTESIAN_POINT('Ctrl Pts',(-2.22061301541024,-0.731430358184297,
16.5831939566398));
#4575=CARTESIAN_POINT('Ctrl Pts',(-2.21369628166229,-0.734771405286821,
16.591871797849));
#4576=CARTESIAN_POINT('Ctrl Pts',(-2.19968517983664,-0.743850591781131,
16.6082184607985));
#4577=CARTESIAN_POINT('Ctrl Pts',(-2.19178668552114,-0.750352803877401,
16.6166990509614));
#4578=CARTESIAN_POINT('Ctrl Pts',(-2.18122161642921,-0.762970349170233,
16.6258753399233));
#4579=CARTESIAN_POINT('Ctrl Pts',(-2.17789677263754,-0.76762807506446,16.6283831919284));
#4580=CARTESIAN_POINT('Ctrl Pts',(-2.17200479144606,-0.77773148856412,16.6317927013228));
#4581=CARTESIAN_POINT('Ctrl Pts',(-2.1694326230983,-0.783170316723333,16.6327059761429));
#4582=CARTESIAN_POINT('Ctrl Pts',(-2.16528930159241,-0.794553894691334,
16.6327059761429));
#4583=CARTESIAN_POINT('Ctrl Pts',(-2.16376365123153,-0.8003736277377,16.6317927013228));
#4584=CARTESIAN_POINT('Ctrl Pts',(-2.1617827537749,-0.811900572344671,16.6283831919284));
#4585=CARTESIAN_POINT('Ctrl Pts',(-2.16133576978781,-0.81760576314429,16.6258753399233));
#4586=CARTESIAN_POINT('Ctrl Pts',(-2.16131858354735,-0.834062459008498,
16.6166990509614));
#4587=CARTESIAN_POINT('Ctrl Pts',(-2.16318958061342,-0.84412050775443,16.6082184607985));
#4588=CARTESIAN_POINT('Ctrl Pts',(-2.16808668733057,-0.860081963708737,
16.5918715888241));
#4589=CARTESIAN_POINT('Ctrl Pts',(-2.17123769220846,-0.867087531987833,
16.5831934960888));
#4590=CARTESIAN_POINT('Ctrl Pts',(-2.17496536778115,-0.873474008319391,
16.5740175912045));
#4591=CARTESIAN_POINT('',(-2.42320527142944,-1.29877343105179,15.9367897873508));
#4592=CARTESIAN_POINT('Ctrl Pts',(-2.42320527142944,-1.29877343105179,15.9367897873508));
#4593=CARTESIAN_POINT('Ctrl Pts',(-2.28920303080538,-1.06919279254572,16.2928144903236));
#4594=CARTESIAN_POINT('Ctrl Pts',(-2.17496536778115,-0.873474008319391,
16.5740175912045));
#4595=CARTESIAN_POINT('',(-2.33636688928402,-1.44918192097474,15.93678913898));
#4596=CARTESIAN_POINT('Ctrl Pts',(-2.42320527142944,-1.2987734310518,15.9367897873508));
#4597=CARTESIAN_POINT('Ctrl Pts',(-2.42726393043246,-1.30572696795574,15.9260065134347));
#4598=CARTESIAN_POINT('Ctrl Pts',(-2.43058667914263,-1.31335268300785,15.9157289968376));
#4599=CARTESIAN_POINT('Ctrl Pts',(-2.43631763252024,-1.33325785683477,15.8928852790183));
#4600=CARTESIAN_POINT('Ctrl Pts',(-2.43811385569729,-1.3493588973719,15.8782555667422));
#4601=CARTESIAN_POINT('Ctrl Pts',(-2.43470836047204,-1.37039585825539,15.866760178094));
#4602=CARTESIAN_POINT('Ctrl Pts',(-2.43330179028182,-1.37628899109951,15.8641383265847));
#4603=CARTESIAN_POINT('Ctrl Pts',(-2.42917628131561,-1.38807470471007,15.8606205092861));
#4604=CARTESIAN_POINT('Ctrl Pts',(-2.42645436153669,-1.39396733737124,15.8597282149106));
#4605=CARTESIAN_POINT('Ctrl Pts',(-2.42043150819081,-1.4043991670588,15.8597282149106));
#4606=CARTESIAN_POINT('Ctrl Pts',(-2.41668927282556,-1.40970271694856,15.8606205092861));
#4607=CARTESIAN_POINT('Ctrl Pts',(-2.40854525409626,-1.41916832989635,15.8641383265847));
#4608=CARTESIAN_POINT('Ctrl Pts',(-2.40414491627891,-1.42333300053299,15.866760178094));
#4609=CARTESIAN_POINT('Ctrl Pts',(-2.3876290561498,-1.43680064639775,15.8782555667422));
#4610=CARTESIAN_POINT('Ctrl Pts',(-2.37278700298636,-1.44329551991256,15.8928852790183));
#4611=CARTESIAN_POINT('Ctrl Pts',(-2.35268328111379,-1.44828481729674,15.9157288091564));
#4612=CARTESIAN_POINT('Ctrl Pts',(-2.34441800535621,-1.44922005359986,15.9260061014548));
#4613=CARTESIAN_POINT('Ctrl Pts',(-2.33636688928402,-1.44918192097474,15.93678913898));
#4614=CARTESIAN_POINT('',(-1.84392683315876,-1.44684956954852,16.5740146919062));
#4615=CARTESIAN_POINT('Ctrl Pts',(-1.84392683315876,-1.44684956954852,16.5740146919062));
#4616=CARTESIAN_POINT('Ctrl Pts',(-2.07054318174261,-1.44792289605243,16.2928126999112));
#4617=CARTESIAN_POINT('Ctrl Pts',(-2.33636688928402,-1.44918192097474,15.93678913898));
#4618=CARTESIAN_POINT('',(-1.74505578053584,-1.56467950171546,16.5740140960943));
#4619=CARTESIAN_POINT('Ctrl Pts',(-1.84392683315876,-1.44684956954852,16.5740146919062));
#4620=CARTESIAN_POINT('Ctrl Pts',(-1.83653231142227,-1.44681454676127,16.5831903504814));
#4621=CARTESIAN_POINT('Ctrl Pts',(-1.82888998510253,-1.44758844526315,16.5918682140311));
#4622=CARTESIAN_POINT('Ctrl Pts',(-1.81261857459648,-1.45132802362631,16.6082148957649));
#4623=CARTESIAN_POINT('Ctrl Pts',(-1.80297253175626,-1.45473666540294,16.6166954861127));
#4624=CARTESIAN_POINT('Ctrl Pts',(-1.78872916362264,-1.46297982101677,16.6258717752501));
#4625=CARTESIAN_POINT('Ctrl Pts',(-1.7840117979674,-1.46621949074576,16.6283796272987));
#4626=CARTESIAN_POINT('Ctrl Pts',(-1.77501957956075,-1.47369842266766,16.6317891367495));
#4627=CARTESIAN_POINT('Ctrl Pts',(-1.77074234532873,-1.47792951840477,16.632702411583));
#4628=CARTESIAN_POINT('Ctrl Pts',(-1.76295548854907,-1.48720948770077,16.632702411583));
#4629=CARTESIAN_POINT('Ctrl Pts',(-1.75953138283991,-1.49215644675706,16.6317891367495));
#4630=CARTESIAN_POINT('Ctrl Pts',(-1.7537275062816,-1.50231072819207,16.6283796272987));
#4631=CARTESIAN_POINT('Ctrl Pts',(-1.75135619135675,-1.50751897782178,16.6258717752501));
#4632=CARTESIAN_POINT('Ctrl Pts',(-1.74571152849426,-1.5229773390361,16.6166954861127));
#4633=CARTESIAN_POINT('Ctrl Pts',(-1.74402964095143,-1.53306873316823,16.6082148957649));
#4634=CARTESIAN_POINT('Ctrl Pts',(-1.74317228697197,-1.54974248504468,16.5918680436326));
#4635=CARTESIAN_POINT('Ctrl Pts',(-1.74373721798081,-1.55740325413419,16.5831899750371));
#4636=CARTESIAN_POINT('Ctrl Pts',(-1.74505578053584,-1.56467950171546,16.5740140960943));
#4637=CARTESIAN_POINT('',(-1.83286401665948,-2.04923327830654,15.9367865523198));
#4638=CARTESIAN_POINT('Ctrl Pts',(-1.83286401665948,-2.04923327830654,15.9367865523198));
#4639=CARTESIAN_POINT('Ctrl Pts',(-1.78546430722907,-1.78766660497667,16.2928110937943));
#4640=CARTESIAN_POINT('Ctrl Pts',(-1.74505578053584,-1.56467950171546,16.5740140960943));
#4641=CARTESIAN_POINT('',(-1.69981989647561,-2.16087055048314,15.9367860710817));
#4642=CARTESIAN_POINT('Ctrl Pts',(-1.83286401665948,-2.04923327830654,15.9367865523198));
#4643=CARTESIAN_POINT('Ctrl Pts',(-1.83429965544746,-2.05715558978035,15.9260033081321));
#4644=CARTESIAN_POINT('Ctrl Pts',(-1.83481387072139,-2.06545784408421,15.9157258197386));
#4645=CARTESIAN_POINT('Ctrl Pts',(-1.83339124901095,-2.08612266981092,15.8928821256685));
#4646=CARTESIAN_POINT('Ctrl Pts',(-1.82957227620119,-2.10186704537764,15.8782524135163));
#4647=CARTESIAN_POINT('Ctrl Pts',(-1.81917710473492,-2.12047058043661,15.8667570249748));
#4648=CARTESIAN_POINT('Ctrl Pts',(-1.81583979416015,-2.12552724050994,15.8641351734972));
#4649=CARTESIAN_POINT('Ctrl Pts',(-1.80793213851599,-2.13519118617446,15.8606173562393));
#4650=CARTESIAN_POINT('Ctrl Pts',(-1.80335897447048,-2.13979750096948,15.8597250618729));
#4651=CARTESIAN_POINT('Ctrl Pts',(-1.79413145274335,-2.14754028279692,15.8597250618729));
#4652=CARTESIAN_POINT('Ctrl Pts',(-1.7888009833093,-2.1512440728815,15.8606173562393));
#4653=CARTESIAN_POINT('Ctrl Pts',(-1.77791068274987,-2.15735342778351,15.8641351734972));
#4654=CARTESIAN_POINT('Ctrl Pts',(-1.77235131815144,-2.15976193732915,15.8667570249748));
#4655=CARTESIAN_POINT('Ctrl Pts',(-1.75222528483378,-2.16676864050542,15.8782524135163));
#4656=CARTESIAN_POINT('Ctrl Pts',(-1.73605694035038,-2.16779555431555,15.8928821256685));
#4657=CARTESIAN_POINT('Ctrl Pts',(-1.71545915755953,-2.16560809320363,15.9157256804366));
#4658=CARTESIAN_POINT('Ctrl Pts',(-1.70737244762542,-2.16366003428812,15.9260030023497));
#4659=CARTESIAN_POINT('Ctrl Pts',(-1.69981989647561,-2.16087055048314,15.9367860710817));
#4660=CARTESIAN_POINT('',(-1.23787532072438,-1.99025443848358,16.5740119441581));
#4661=CARTESIAN_POINT('Ctrl Pts',(-1.23787532072438,-1.99025443848358,16.5740119441581));
#4662=CARTESIAN_POINT('Ctrl Pts',(-1.45045793607683,-2.06877039302455,16.2928097649039));
#4663=CARTESIAN_POINT('Ctrl Pts',(-1.6998198964756,-2.16087055048314,15.9367860710817));
#4664=CARTESIAN_POINT('',(-1.1046667118775,-2.0671624646597,16.5740115552698));
#4665=CARTESIAN_POINT('Ctrl Pts',(-1.23787532072438,-1.99025443848358,16.5740119441581));
#4666=CARTESIAN_POINT('Ctrl Pts',(-1.23093869781049,-1.98769244361645,16.5831876402837));
#4667=CARTESIAN_POINT('Ctrl Pts',(-1.22349254414024,-1.98580583665436,16.5918655387715));
#4668=CARTESIAN_POINT('Ctrl Pts',(-1.20692337727106,-1.98375475059946,16.6082122497022));
#4669=CARTESIAN_POINT('Ctrl Pts',(-1.19669323752548,-1.98365869357946,16.6166928401873));
#4670=CARTESIAN_POINT('Ctrl Pts',(-1.18048952634798,-1.98653322072522,16.6258691294548));
#4671=CARTESIAN_POINT('Ctrl Pts',(-1.17494862141065,-1.98796408500555,16.6283769815357));
#4672=CARTESIAN_POINT('Ctrl Pts',(-1.16394075780748,-1.99191647153685,16.6317864910284));
#4673=CARTESIAN_POINT('Ctrl Pts',(-1.15847435436713,-1.99442950531431,16.6326997658718));
#4674=CARTESIAN_POINT('Ctrl Pts',(-1.14798317091661,-2.00048657098388,16.6326997658718));
#4675=CARTESIAN_POINT('Ctrl Pts',(-1.14307360720597,-2.00396408295518,16.6317864910284));
#4676=CARTESIAN_POINT('Ctrl Pts',(-1.13414678457928,-2.01152095123447,16.6283769815357));
#4677=CARTESIAN_POINT('Ctrl Pts',(-1.13013715449789,-2.01560407096374,16.6258691294548));
#4678=CARTESIAN_POINT('Ctrl Pts',(-1.11954584590235,-2.02819959971286,16.6166928401873));
#4679=CARTESIAN_POINT('Ctrl Pts',(-1.11451393593256,-2.03710717335673,16.6082122497022));
#4680=CARTESIAN_POINT('Ctrl Pts',(-1.10800555266037,-2.05248212002249,16.5918654275518));
#4681=CARTESIAN_POINT('Ctrl Pts',(-1.10591628716008,-2.05987407953135,16.58318739523));
#4682=CARTESIAN_POINT('Ctrl Pts',(-1.1046667118775,-2.0671624646597,16.5740115552698));
#4683=CARTESIAN_POINT('',(-1.02145231128843,-2.55252625840047,15.9367843827603));
#4684=CARTESIAN_POINT('Ctrl Pts',(-1.02145231128843,-2.55252625840047,15.9367843827603));
#4685=CARTESIAN_POINT('Ctrl Pts',(-1.06637222133104,-2.29052235284519,16.2928087165844));
#4686=CARTESIAN_POINT('Ctrl Pts',(-1.1046667118775,-2.0671624646597,16.5740115552698));
#4687=CARTESIAN_POINT('',(-0.858249537482362,-2.61192721021556,15.9367841266989));
#4688=CARTESIAN_POINT('Ctrl Pts',(-1.02145231128843,-2.55252625840047,15.9367843827603));
#4689=CARTESIAN_POINT('Ctrl Pts',(-1.02009178480014,-2.5604617875056,15.9260011791389));
#4690=CARTESIAN_POINT('Ctrl Pts',(-1.01773546187343,-2.56843920034812,15.9157237292339));
#4691=CARTESIAN_POINT('Ctrl Pts',(-1.00933087575287,-2.58737119946216,15.8928800674669));
#4692=CARTESIAN_POINT('Ctrl Pts',(-1.00035733293877,-2.6008599147066,15.8782503553956));
#4693=CARTESIAN_POINT('Ctrl Pts',(-0.984226295104062,-2.61478617462999,
15.8667549669236));
#4694=CARTESIAN_POINT('Ctrl Pts',(-0.979360772465512,-2.61839645737211,
15.8641331154668));
#4695=CARTESIAN_POINT('Ctrl Pts',(-0.968624748207146,-2.62477302720512,
15.8606152982355));
#4696=CARTESIAN_POINT('Ctrl Pts',(-0.962751929646499,-2.62753743790139,
15.859723003875));
#4697=CARTESIAN_POINT('Ctrl Pts',(-0.951432711821923,-2.63165728401071,
15.859723003875));
#4698=CARTESIAN_POINT('Ctrl Pts',(-0.945156939685855,-2.63331458556447,
15.8606152982355));
#4699=CARTESIAN_POINT('Ctrl Pts',(-0.932833884025757,-2.63533080948796,
15.8641331154668));
#4700=CARTESIAN_POINT('Ctrl Pts',(-0.926786031739703,-2.63569265855915,
15.8667549669236));
#4701=CARTESIAN_POINT('Ctrl Pts',(-0.90547731308892,-2.63539331504299,15.8782503553956));
#4702=CARTESIAN_POINT('Ctrl Pts',(-0.889932810178948,-2.63082841210166,
15.8928800674669));
#4703=CARTESIAN_POINT('Ctrl Pts',(-0.87132534700246,-2.6217280171587,15.9157236551129));
#4704=CARTESIAN_POINT('Ctrl Pts',(-0.864392574909404,-2.61713160955242,
15.9260010164355));
#4705=CARTESIAN_POINT('Ctrl Pts',(-0.858249537482362,-2.61192721021556,
15.9367841266989));
#4706=CARTESIAN_POINT('',(-0.482517775516613,-2.29360615877544,16.5740104102491));
#4707=CARTESIAN_POINT('Ctrl Pts',(-0.482517775516613,-2.29360615877544,
16.5740104102491));
#4708=CARTESIAN_POINT('Ctrl Pts',(-0.655426049310696,-2.44009455578737,
16.2928080094994));
#4709=CARTESIAN_POINT('Ctrl Pts',(-0.858249537482362,-2.61192721021556,
15.9367841266989));
#4710=CARTESIAN_POINT('',(-0.331038534622392,-2.32031603596233,16.5740102751897));
#4711=CARTESIAN_POINT('Ctrl Pts',(-0.482517775516613,-2.29360615877544,
16.5740104102491));
#4712=CARTESIAN_POINT('Ctrl Pts',(-0.476875711920238,-2.28882618593819,
16.5831861529344));
#4713=CARTESIAN_POINT('Ctrl Pts',(-0.470523843999437,-2.28450660444393,
16.5918640947438));
#4714=CARTESIAN_POINT('Ctrl Pts',(-0.455655392331973,-2.27691222349482,
16.6082108417623));
#4715=CARTESIAN_POINT('Ctrl Pts',(-0.446075055170073,-2.27332305525527,
16.6166914323205));
#4716=CARTESIAN_POINT('Ctrl Pts',(-0.429865398075839,-2.27048224806486,
16.6258677216573));
#4717=CARTESIAN_POINT('Ctrl Pts',(-0.42416926555971,-2.26993172537189,16.6283755737554));
#4718=CARTESIAN_POINT('Ctrl Pts',(-0.412473461368649,-2.26988085468103,
16.6317850832704));
#4719=CARTESIAN_POINT('Ctrl Pts',(-0.406477214656039,-2.27037272002176,
16.632698358119));
#4720=CARTESIAN_POINT('Ctrl Pts',(-0.394547090535954,-2.2724763160929,16.632698358119));
#4721=CARTESIAN_POINT('Ctrl Pts',(-0.388744232164248,-2.27406494470583,
16.6317850832704));
#4722=CARTESIAN_POINT('Ctrl Pts',(-0.377771165666756,-2.27811293620093,
16.6283755737554));
#4723=CARTESIAN_POINT('Ctrl Pts',(-0.37260683914114,-2.28057844475164,16.6258677216573));
#4724=CARTESIAN_POINT('Ctrl Pts',(-0.358346348326789,-2.28879194402659,
16.6166914323205));
#4725=CARTESIAN_POINT('Ctrl Pts',(-0.350571336789414,-2.29544131876269,
16.6082108417623));
#4726=CARTESIAN_POINT('Ctrl Pts',(-0.339196953556412,-2.30766302896906,
16.5918640561176));
#4727=CARTESIAN_POINT('Ctrl Pts',(-0.334705509935626,-2.31389460197431,
16.5831860678282));
#4728=CARTESIAN_POINT('Ctrl Pts',(-0.331038534622392,-2.32031603596233,
16.5740102751897));
#4729=CARTESIAN_POINT('',(-0.0868383821454173,-2.74794781012095,15.9367835403512));
#4730=CARTESIAN_POINT('Ctrl Pts',(-0.0868383821454173,-2.74794781012095,
15.9367835403512));
#4731=CARTESIAN_POINT('Ctrl Pts',(-0.218659894213601,-2.51710820373166,
16.2928076454187));
#4732=CARTESIAN_POINT('Ctrl Pts',(-0.331038534622392,-2.32031603596233,
16.5740102751897));
#4733=CARTESIAN_POINT('',(0.0868383821454165,-2.74794781012095,15.9367835403512));
#4734=CARTESIAN_POINT('Ctrl Pts',(-0.0868383821454173,-2.74794781012095,
15.9367835403512));
#4735=CARTESIAN_POINT('Ctrl Pts',(-0.0828458095783611,-2.75493941464285,
15.9260003832413));
#4736=CARTESIAN_POINT('Ctrl Pts',(-0.0779031765359026,-2.76162979676686,
15.9157229774676));
#4737=CARTESIAN_POINT('Ctrl Pts',(-0.0635303614121677,-2.77654550842423,
15.8928793526612));
#4738=CARTESIAN_POINT('Ctrl Pts',(-0.0504845863351276,-2.78615163460665,
15.878249640618));
#4739=CARTESIAN_POINT('Ctrl Pts',(-0.0305633149969054,-2.79372091740455,
15.8667542521702));
#4740=CARTESIAN_POINT('Ctrl Pts',(-0.0247564315324475,-2.79544937224228,
15.8641324007206));
#4741=CARTESIAN_POINT('Ctrl Pts',(-0.0124869557011353,-2.79776946301384,
15.8606145834985));
#4742=CARTESIAN_POINT('Ctrl Pts',(-0.00602282788438502,-2.79835854327452,
15.85972228914));
#4743=CARTESIAN_POINT('Ctrl Pts',(0.00602282788438433,-2.79835854327452,
15.85972228914));
#4744=CARTESIAN_POINT('Ctrl Pts',(0.0124869557011344,-2.79776946301384,
15.8606145834985));
#4745=CARTESIAN_POINT('Ctrl Pts',(0.0247564315324466,-2.79544937224228,
15.8641324007206));
#4746=CARTESIAN_POINT('Ctrl Pts',(0.0305633149969047,-2.79372091740455,
15.8667542521702));
#4747=CARTESIAN_POINT('Ctrl Pts',(0.0504845863351269,-2.78615163460665,
15.878249640618));
#4748=CARTESIAN_POINT('Ctrl Pts',(0.063530361412167,-2.77654550842423,15.8928793526612));
#4749=CARTESIAN_POINT('Ctrl Pts',(0.0779031765359022,-2.76162979676686,
15.9157229774676));
#4750=CARTESIAN_POINT('Ctrl Pts',(0.0828458095783606,-2.75493941464285,
15.9260003832413));
#4751=CARTESIAN_POINT('Ctrl Pts',(0.0868383821454167,-2.74794781012095,
15.9367835403512));
#4752=CARTESIAN_POINT('',(0.331038534622392,-2.32031603596233,16.5740102751897));
#4753=CARTESIAN_POINT('Ctrl Pts',(0.331038534622392,-2.32031603596233,16.5740102751897));
#4754=CARTESIAN_POINT('Ctrl Pts',(0.218659894215355,-2.51710820372859,16.2928076454238));
#4755=CARTESIAN_POINT('Ctrl Pts',(0.0868383821454165,-2.74794781012095,
15.9367835403512));
#4756=CARTESIAN_POINT('',(0.482517775516613,-2.29360615877544,16.5740104102491));
#4757=CARTESIAN_POINT('Ctrl Pts',(0.331038534622392,-2.32031603596233,16.5740102751897));
#4758=CARTESIAN_POINT('Ctrl Pts',(0.334705509935626,-2.31389460197431,16.5831860678282));
#4759=CARTESIAN_POINT('Ctrl Pts',(0.339196953556412,-2.30766302896906,16.5918640561176));
#4760=CARTESIAN_POINT('Ctrl Pts',(0.350571336789413,-2.29544131876269,16.6082108417623));
#4761=CARTESIAN_POINT('Ctrl Pts',(0.358346348326789,-2.28879194402659,16.6166914323205));
#4762=CARTESIAN_POINT('Ctrl Pts',(0.37260683914114,-2.28057844475164,16.6258677216573));
#4763=CARTESIAN_POINT('Ctrl Pts',(0.377771165666756,-2.27811293620093,16.6283755737554));
#4764=CARTESIAN_POINT('Ctrl Pts',(0.388744232164247,-2.27406494470583,16.6317850832704));
#4765=CARTESIAN_POINT('Ctrl Pts',(0.394547090535954,-2.2724763160929,16.632698358119));
#4766=CARTESIAN_POINT('Ctrl Pts',(0.406477214656039,-2.27037272002176,16.632698358119));
#4767=CARTESIAN_POINT('Ctrl Pts',(0.412473461368649,-2.26988085468103,16.6317850832704));
#4768=CARTESIAN_POINT('Ctrl Pts',(0.424169265559709,-2.26993172537189,16.6283755737554));
#4769=CARTESIAN_POINT('Ctrl Pts',(0.429865398075839,-2.27048224806486,16.6258677216573));
#4770=CARTESIAN_POINT('Ctrl Pts',(0.446075055170073,-2.27332305525527,16.6166914323205));
#4771=CARTESIAN_POINT('Ctrl Pts',(0.455655392331973,-2.27691222349482,16.6082108417623));
#4772=CARTESIAN_POINT('Ctrl Pts',(0.470523843999437,-2.28450660444393,16.5918640947438));
#4773=CARTESIAN_POINT('Ctrl Pts',(0.476875711920239,-2.28882618593819,16.5831861529344));
#4774=CARTESIAN_POINT('Ctrl Pts',(0.482517775516613,-2.29360615877544,16.5740104102491));
#4775=CARTESIAN_POINT('',(0.858249537482361,-2.61192721021556,15.9367841266989));
#4776=CARTESIAN_POINT('Ctrl Pts',(0.858249537482361,-2.61192721021556,15.9367841266989));
#4777=CARTESIAN_POINT('Ctrl Pts',(0.655426049313405,-2.44009455578966,16.2928080094943));
#4778=CARTESIAN_POINT('Ctrl Pts',(0.482517775516613,-2.29360615877544,16.5740104102491));
#4779=CARTESIAN_POINT('Ctrl Pts',(0.858249537482361,-2.61192721021556,15.9367841266989));
#4780=CARTESIAN_POINT('Ctrl Pts',(0.864392574909404,-2.61713160955242,15.9260010164355));
#4781=CARTESIAN_POINT('Ctrl Pts',(0.87132534700246,-2.62172801715871,15.9157236551129));
#4782=CARTESIAN_POINT('Ctrl Pts',(0.889932810178948,-2.63082841210166,15.8928800674669));
#4783=CARTESIAN_POINT('Ctrl Pts',(0.90547731308892,-2.63539331504299,15.8782503553956));
#4784=CARTESIAN_POINT('Ctrl Pts',(0.926786031739702,-2.63569265855915,15.8667549669236));
#4785=CARTESIAN_POINT('Ctrl Pts',(0.932833884025756,-2.63533080948796,15.8641331154668));
#4786=CARTESIAN_POINT('Ctrl Pts',(0.940372392023184,-2.63409740434957,15.8619811254034));
#4787=CARTESIAN_POINT('Ctrl Pts',(0.941754794411163,-2.63384273091,15.8616271717435));
#4788=CARTESIAN_POINT('Ctrl Pts',(0.943134829662446,-2.63355744336318,15.8613180712985));
#4789=CARTESIAN_POINT('Origin',(0.,0.,16.25));
#4790=CARTESIAN_POINT('',(-0.638201562389208,2.10539753152795,16.8));
#4791=CARTESIAN_POINT('',(-0.943127049425698,2.63354396759783,15.8613421296949));
#4792=CARTESIAN_POINT('Ctrl Pts',(-0.638201562389208,2.10539753152795,16.8));
#4793=CARTESIAN_POINT('Ctrl Pts',(-0.772440521082614,2.33790622834007,16.3891466075009));
#4794=CARTESIAN_POINT('Ctrl Pts',(-0.943127049425698,2.63354396759783,15.8613421296949));
#4795=CARTESIAN_POINT('',(1.50422696617365,-1.60539753152795,16.8));
#4796=CARTESIAN_POINT('Origin',(0.,0.,16.8));
#4797=CARTESIAN_POINT('',(1.80915898469197,-2.13355528045621,15.8613219327547));
#4798=CARTESIAN_POINT('Ctrl Pts',(1.80915898469197,-2.13355528045621,15.8613219327547));
#4799=CARTESIAN_POINT('Ctrl Pts',(1.63846845500156,-1.83791061066158,16.3891388637405));
#4800=CARTESIAN_POINT('Ctrl Pts',(1.50422696617365,-1.60539753152795,16.8));
#4801=CARTESIAN_POINT('',(1.83286401665948,-2.04923327830654,15.9367865523198));
#4802=CARTESIAN_POINT('Ctrl Pts',(1.80915898469197,-2.13355528045621,15.8613219327547));
#4803=CARTESIAN_POINT('Ctrl Pts',(1.81009415358363,-2.13250476146938,15.8616306025802));
#4804=CARTESIAN_POINT('Ctrl Pts',(1.81100408138881,-2.13143696490543,15.8619839475705));
#4805=CARTESIAN_POINT('Ctrl Pts',(1.81583979416014,-2.12552724050994,15.8641351734972));
#4806=CARTESIAN_POINT('Ctrl Pts',(1.81917710473492,-2.12047058043661,15.8667570249748));
#4807=CARTESIAN_POINT('Ctrl Pts',(1.82957227620119,-2.10186704537764,15.8782524135163));
#4808=CARTESIAN_POINT('Ctrl Pts',(1.83339124901095,-2.08612266981092,15.8928821256685));
#4809=CARTESIAN_POINT('Ctrl Pts',(1.83481387072139,-2.06545784408421,15.9157258197386));
#4810=CARTESIAN_POINT('Ctrl Pts',(1.83429965544746,-2.05715558978035,15.9260033081321));
#4811=CARTESIAN_POINT('Ctrl Pts',(1.83286401665948,-2.04923327830654,15.9367865523198));
#4812=CARTESIAN_POINT('',(1.74505578053584,-1.56467950171546,16.5740140960943));
#4813=CARTESIAN_POINT('Ctrl Pts',(1.74505578053584,-1.56467950171546,16.5740140960943));
#4814=CARTESIAN_POINT('Ctrl Pts',(1.78546430722844,-1.78766660497318,16.2928110937994));
#4815=CARTESIAN_POINT('Ctrl Pts',(1.83286401665948,-2.04923327830654,15.9367865523198));
#4816=CARTESIAN_POINT('',(1.84392683315876,-1.44684956954852,16.5740146919062));
#4817=CARTESIAN_POINT('Ctrl Pts',(1.74505578053584,-1.56467950171546,16.5740140960943));
#4818=CARTESIAN_POINT('Ctrl Pts',(1.74373721798081,-1.55740325413419,16.5831899750371));
#4819=CARTESIAN_POINT('Ctrl Pts',(1.74317228697197,-1.54974248504468,16.5918680436326));
#4820=CARTESIAN_POINT('Ctrl Pts',(1.74402964095143,-1.53306873316824,16.6082148957649));
#4821=CARTESIAN_POINT('Ctrl Pts',(1.74571152849426,-1.5229773390361,16.6166954861127));
#4822=CARTESIAN_POINT('Ctrl Pts',(1.75135619135675,-1.50751897782178,16.6258717752501));
#4823=CARTESIAN_POINT('Ctrl Pts',(1.75372750628159,-1.50231072819207,16.6283796272987));
#4824=CARTESIAN_POINT('Ctrl Pts',(1.75953138283991,-1.49215644675706,16.6317891367495));
#4825=CARTESIAN_POINT('Ctrl Pts',(1.76295548854907,-1.48720948770077,16.632702411583));
#4826=CARTESIAN_POINT('Ctrl Pts',(1.77074234532873,-1.47792951840478,16.632702411583));
#4827=CARTESIAN_POINT('Ctrl Pts',(1.77501957956075,-1.47369842266766,16.6317891367495));
#4828=CARTESIAN_POINT('Ctrl Pts',(1.7840117979674,-1.46621949074576,16.6283796272987));
#4829=CARTESIAN_POINT('Ctrl Pts',(1.78872916362264,-1.46297982101677,16.6258717752501));
#4830=CARTESIAN_POINT('Ctrl Pts',(1.80297253175626,-1.45473666540294,16.6166954861127));
#4831=CARTESIAN_POINT('Ctrl Pts',(1.81261857459648,-1.45132802362631,16.6082148957649));
#4832=CARTESIAN_POINT('Ctrl Pts',(1.82888998510253,-1.44758844526316,16.5918682140311));
#4833=CARTESIAN_POINT('Ctrl Pts',(1.83653231142227,-1.44681454676127,16.5831903504814));
#4834=CARTESIAN_POINT('Ctrl Pts',(1.84392683315876,-1.44684956954852,16.5740146919062));
#4835=CARTESIAN_POINT('',(2.33636688928402,-1.44918192097474,15.93678913898));
#4836=CARTESIAN_POINT('Ctrl Pts',(2.33636688928402,-1.44918192097474,15.93678913898));
#4837=CARTESIAN_POINT('Ctrl Pts',(2.07054318174615,-1.44792289605244,16.2928126999061));
#4838=CARTESIAN_POINT('Ctrl Pts',(1.84392683315876,-1.44684956954852,16.5740146919062));
#4839=CARTESIAN_POINT('',(2.42320527142944,-1.2987734310518,15.9367897873508));
#4840=CARTESIAN_POINT('Ctrl Pts',(2.33636688928402,-1.44918192097474,15.93678913898));
#4841=CARTESIAN_POINT('Ctrl Pts',(2.34441800535621,-1.44922005359986,15.9260061014548));
#4842=CARTESIAN_POINT('Ctrl Pts',(2.35268328111379,-1.44828481729674,15.9157288091564));
#4843=CARTESIAN_POINT('Ctrl Pts',(2.37278700298636,-1.44329551991256,15.8928852790183));
#4844=CARTESIAN_POINT('Ctrl Pts',(2.3876290561498,-1.43680064639775,15.8782555667422));
#4845=CARTESIAN_POINT('Ctrl Pts',(2.40414491627891,-1.42333300053299,15.866760178094));
#4846=CARTESIAN_POINT('Ctrl Pts',(2.40854525409625,-1.41916832989635,15.8641383265847));
#4847=CARTESIAN_POINT('Ctrl Pts',(2.41668927282555,-1.40970271694857,15.8606205092861));
#4848=CARTESIAN_POINT('Ctrl Pts',(2.42043150819081,-1.4043991670588,15.8597282149106));
#4849=CARTESIAN_POINT('Ctrl Pts',(2.42645436153669,-1.39396733737124,15.8597282149106));
#4850=CARTESIAN_POINT('Ctrl Pts',(2.42917628131561,-1.38807470471007,15.8606205092861));
#4851=CARTESIAN_POINT('Ctrl Pts',(2.43330179028182,-1.37628899109951,15.8641383265847));
#4852=CARTESIAN_POINT('Ctrl Pts',(2.43470836047204,-1.37039585825539,15.866760178094));
#4853=CARTESIAN_POINT('Ctrl Pts',(2.43811385569729,-1.3493588973719,15.8782555667422));
#4854=CARTESIAN_POINT('Ctrl Pts',(2.43631763252024,-1.33325785683477,15.8928852790183));
#4855=CARTESIAN_POINT('Ctrl Pts',(2.43058667914263,-1.31335268300785,15.9157289968376));
#4856=CARTESIAN_POINT('Ctrl Pts',(2.42726393043246,-1.30572696795575,15.9260065134347));
#4857=CARTESIAN_POINT('Ctrl Pts',(2.42320527142944,-1.2987734310518,15.9367897873508));
#4858=CARTESIAN_POINT('',(2.17496536778115,-0.87347400831939,16.5740175912045));
#4859=CARTESIAN_POINT('Ctrl Pts',(2.17496536778115,-0.87347400831939,16.5740175912045));
#4860=CARTESIAN_POINT('Ctrl Pts',(2.2892030308036,-1.06919279254267,16.2928144903287));
#4861=CARTESIAN_POINT('Ctrl Pts',(2.42320527142944,-1.2987734310518,15.9367897873508));
#4862=CARTESIAN_POINT('',(2.22757355605245,-0.728934198965569,16.5740183220766));
#4863=CARTESIAN_POINT('Ctrl Pts',(2.17496536778115,-0.87347400831939,16.5740175912045));
#4864=CARTESIAN_POINT('Ctrl Pts',(2.17123769220846,-0.867087531987832,16.5831934960888));
#4865=CARTESIAN_POINT('Ctrl Pts',(2.16808668733057,-0.860081963708736,16.5918715888241));
#4866=CARTESIAN_POINT('Ctrl Pts',(2.16318958061342,-0.844120507754429,16.6082184607985));
#4867=CARTESIAN_POINT('Ctrl Pts',(2.16131858354735,-0.834062459008498,16.6166990509614));
#4868=CARTESIAN_POINT('Ctrl Pts',(2.16133576978781,-0.817605763144289,16.6258753399233));
#4869=CARTESIAN_POINT('Ctrl Pts',(2.1617827537749,-0.811900572344671,16.6283831919284));
#4870=CARTESIAN_POINT('Ctrl Pts',(2.16376365123153,-0.8003736277377,16.6317927013228));
#4871=CARTESIAN_POINT('Ctrl Pts',(2.16528930159241,-0.794553894691333,16.6327059761429));
#4872=CARTESIAN_POINT('Ctrl Pts',(2.1694326230983,-0.783170316723332,16.6327059761429));
#4873=CARTESIAN_POINT('Ctrl Pts',(2.17200479144606,-0.777731488564119,16.6317927013228));
#4874=CARTESIAN_POINT('Ctrl Pts',(2.17789677263754,-0.76762807506446,16.6283831919284));
#4875=CARTESIAN_POINT('Ctrl Pts',(2.18122161642921,-0.762970349170233,16.6258753399233));
#4876=CARTESIAN_POINT('Ctrl Pts',(2.19178668552114,-0.7503528038774,16.6166990509614));
#4877=CARTESIAN_POINT('Ctrl Pts',(2.19968517983663,-0.74385059178113,16.6082184607985));
#4878=CARTESIAN_POINT('Ctrl Pts',(2.21369628166229,-0.734771405286821,16.591871797849));
#4879=CARTESIAN_POINT('Ctrl Pts',(2.22061301541024,-0.731430358184296,16.5831939566398));
#4880=CARTESIAN_POINT('Ctrl Pts',(2.22757355605245,-0.728934198965569,16.5740183220766));
#4881=CARTESIAN_POINT('',(2.69111355414184,-0.562701473814602,15.9367929603618));
#4882=CARTESIAN_POINT('Ctrl Pts',(2.69111355414184,-0.562701473814602,15.9367929603618));
#4883=CARTESIAN_POINT('Ctrl Pts',(2.44089035421076,-0.652435444112711,16.2928164605132));
#4884=CARTESIAN_POINT('Ctrl Pts',(2.22757355605245,-0.728934198965569,16.5740183220766));
#4885=CARTESIAN_POINT('',(2.72127220776404,-0.391663249822915,15.9367936976625));
#4886=CARTESIAN_POINT('Ctrl Pts',(2.69111355414184,-0.562701473814601,15.9367929603618));
#4887=CARTESIAN_POINT('Ctrl Pts',(2.69869216024491,-0.55998366661231,15.9260099399551));
#4888=CARTESIAN_POINT('Ctrl Pts',(2.70613909918419,-0.556277947611377,15.9157326639044));
#4889=CARTESIAN_POINT('Ctrl Pts',(2.72332397213337,-0.544713676547715,15.8928891471777));
#4890=CARTESIAN_POINT('Ctrl Pts',(2.73504956649784,-0.533534214501597,15.8782594347496));
#4891=CARTESIAN_POINT('Ctrl Pts',(2.74596319866419,-0.515230013574126,15.8667640459705));
#4892=CARTESIAN_POINT('Ctrl Pts',(2.74867376429262,-0.509811499924663,15.8641421944222));
#4893=CARTESIAN_POINT('Ctrl Pts',(2.75308921233051,-0.498131316045093,15.8606243770738));
#4894=CARTESIAN_POINT('Ctrl Pts',(2.7547918445266,-0.491867689898008,15.8597320826871));
#4895=CARTESIAN_POINT('Ctrl Pts',(2.75688358347309,-0.480005039778188,15.8597320826871));
#4896=CARTESIAN_POINT('Ctrl Pts',(2.75742595448314,-0.473536824986371,15.8606243770738));
#4897=CARTESIAN_POINT('Ctrl Pts',(2.75727171744526,-0.461050869365274,15.8641421944222));
#4898=CARTESIAN_POINT('Ctrl Pts',(2.7565778928751,-0.455032060208864,15.8667640459705));
#4899=CARTESIAN_POINT('Ctrl Pts',(2.75258295392508,-0.434099033637411,15.8782594347496));
#4900=CARTESIAN_POINT('Ctrl Pts',(2.74538818054774,-0.419583346575155,15.8928891471777));
#4901=CARTESIAN_POINT('Ctrl Pts',(2.73319487415546,-0.402838690116673,15.9157328773278));
#4902=CARTESIAN_POINT('Ctrl Pts',(2.72746435702625,-0.396809300370494,15.9260104084417));
#4903=CARTESIAN_POINT('Ctrl Pts',(2.72127220776404,-0.391663249822915,15.9367936976625));
#4904=CARTESIAN_POINT('',(2.34254203260187,-0.0769155680817057,16.5740216190404));
#4905=CARTESIAN_POINT('Ctrl Pts',(2.34254203260187,-0.0769155680817057,
16.5740216190404));
#4906=CARTESIAN_POINT('Ctrl Pts',(2.51683007045682,-0.221759468746818,16.292818496508));
#4907=CARTESIAN_POINT('Ctrl Pts',(2.72127220776404,-0.391663249822915,15.9367936976625));
#4908=CARTESIAN_POINT('',(2.34254203260187,0.0769004842705373,16.5740223968192));
#4909=CARTESIAN_POINT('Ctrl Pts',(2.34254203260187,-0.0769155680817059,
16.5740216190404));
#4910=CARTESIAN_POINT('Ctrl Pts',(2.33685485478365,-0.0721891793455288,
16.5831975336962));
#4911=CARTESIAN_POINT('Ctrl Pts',(2.33149782887538,-0.0666838001559617,
16.5918756355259));
#4912=CARTESIAN_POINT('Ctrl Pts',(2.32143691276515,-0.0533598389452889,
16.6082225148092));
#4913=CARTESIAN_POINT('Ctrl Pts',(2.3162386973626,-0.0445482826880353,16.6167031047618));
#4914=CARTESIAN_POINT('Ctrl Pts',(2.31062632895747,-0.0290781683808673,
16.6258793935243));
#4915=CARTESIAN_POINT('Ctrl Pts',(2.30909506747849,-0.0235641650412677,
16.6283872454798));
#4916=CARTESIAN_POINT('Ctrl Pts',(2.30701405726398,-0.0120548733925392,
16.6317967548101));
#4917=CARTESIAN_POINT('Ctrl Pts',(2.30645723488695,-0.00606431012558933,
16.632710029615));
#4918=CARTESIAN_POINT('Ctrl Pts',(2.30645727285308,0.00604985312011806,
16.632710029615));
#4919=CARTESIAN_POINT('Ctrl Pts',(2.30701413277929,0.0120404128967561,16.6317967548101));
#4920=CARTESIAN_POINT('Ctrl Pts',(2.30909521513466,0.0235496915013669,16.6283872454798));
#4921=CARTESIAN_POINT('Ctrl Pts',(2.3106265111757,0.029063685242825,16.6258793935243));
#4922=CARTESIAN_POINT('Ctrl Pts',(2.31623897654827,0.0445337643710441,16.6167031047618));
#4923=CARTESIAN_POINT('Ctrl Pts',(2.32143724718206,0.0533452880454142,16.6082225148092));
#4924=CARTESIAN_POINT('Ctrl Pts',(2.33149810990255,0.0666690048887011,16.5918758579658));
#4925=CARTESIAN_POINT('Ctrl Pts',(2.33685500465642,0.0721742200876974,16.5831980238049));
#4926=CARTESIAN_POINT('Ctrl Pts',(2.34254203260187,0.0769004842705375,16.5740223968192));
#4927=CARTESIAN_POINT('',(2.72127220776404,0.391648166011746,15.9367970743134));
#4928=CARTESIAN_POINT('Ctrl Pts',(2.72127220776404,0.391648166011746,15.9367970743134));
#4929=CARTESIAN_POINT('Ctrl Pts',(2.51683012412368,0.221744429536058,16.2928205931369));
#4930=CARTESIAN_POINT('Ctrl Pts',(2.34254203260187,0.0769004842705373,16.5740223968192));
#4931=CARTESIAN_POINT('',(2.69111355414184,0.562686390003433,15.9367978116148));
#4932=CARTESIAN_POINT('Ctrl Pts',(2.72127220776404,0.391648166011745,15.9367970743134));
#4933=CARTESIAN_POINT('Ctrl Pts',(2.72746422274616,0.396794104964446,15.9260140548719));
#4934=CARTESIAN_POINT('Ctrl Pts',(2.73319462539754,0.402823344396046,15.9157367797424));
#4935=CARTESIAN_POINT('Ctrl Pts',(2.74538791013237,0.419567776767597,15.8928932635907));
#4936=CARTESIAN_POINT('Ctrl Pts',(2.75258276378109,0.434083424437113,15.8782635510009));
#4937=CARTESIAN_POINT('Ctrl Pts',(2.75657781824218,0.455016429413894,15.8667681620826));
#4938=CARTESIAN_POINT('Ctrl Pts',(2.75727167600682,0.461035234900781,15.8641463104928));
#4939=CARTESIAN_POINT('Ctrl Pts',(2.75742598184211,0.473521189982737,15.8606284930913));
#4940=CARTESIAN_POINT('Ctrl Pts',(2.75688364644086,0.479989407920184,15.8597361986927));
#4941=CARTESIAN_POINT('Ctrl Pts',(2.75479197274846,0.491852069843409,15.8597361986927));
#4942=CARTESIAN_POINT('Ctrl Pts',(2.75308937497882,0.498115705513575,15.8606284930913));
#4943=CARTESIAN_POINT('Ctrl Pts',(2.74867399107788,0.509795913970907,15.8641463104928));
#4944=CARTESIAN_POINT('Ctrl Pts',(2.74596345517075,0.515214442662596,15.8667681620826));
#4945=CARTESIAN_POINT('Ctrl Pts',(2.73504992337805,0.533518703951013,15.8782635510009));
#4946=CARTESIAN_POINT('Ctrl Pts',(2.72332439014441,0.54469823062611,15.8928932635907));
#4947=CARTESIAN_POINT('Ctrl Pts',(2.70613942040374,0.556262703820552,15.9157369931661));
#4948=CARTESIAN_POINT('Ctrl Pts',(2.69869232351794,0.559968524248865,15.926014523359));
#4949=CARTESIAN_POINT('Ctrl Pts',(2.69111355414184,0.562686390003432,15.9367978116148));
#4950=CARTESIAN_POINT('',(2.22757355605245,0.728919115154401,16.5740256937866));
#4951=CARTESIAN_POINT('Ctrl Pts',(2.22757355605245,0.728919115154401,16.5740256937866));
#4952=CARTESIAN_POINT('Ctrl Pts',(2.44089025303632,0.652420396584288,16.292822629134));
#4953=CARTESIAN_POINT('Ctrl Pts',(2.69111355414184,0.562686390003433,15.9367978116148));
#4954=CARTESIAN_POINT('',(2.17496536778115,0.873458924508222,16.5740264246604));
#4955=CARTESIAN_POINT('Ctrl Pts',(2.22757355605245,0.7289191151544,16.5740256937866));
#4956=CARTESIAN_POINT('Ctrl Pts',(2.22061284176487,0.731415336645083,16.5832016008652));
#4957=CARTESIAN_POINT('Ctrl Pts',(2.21369593825585,0.734756487159598,16.5918796956469));
#4958=CARTESIAN_POINT('Ctrl Pts',(2.19968471032971,0.743835873414182,16.6082265688243));
#4959=CARTESIAN_POINT('Ctrl Pts',(2.19178625511073,0.750338131841,16.6167071585665));
#4960=CARTESIAN_POINT('Ctrl Pts',(2.18122126133897,0.762955738747709,16.6258834471296));
#4961=CARTESIAN_POINT('Ctrl Pts',(2.17789644528611,0.767613483970685,16.6283912990355));
#4962=CARTESIAN_POINT('Ctrl Pts',(2.17200452410551,0.777716931581893,16.6318008083017));
#4963=CARTESIAN_POINT('Ctrl Pts',(2.16943238799048,0.783155774554518,16.6327140830915));
#4964=CARTESIAN_POINT('Ctrl Pts',(2.1652891337973,0.794539376204529,16.6327140830915));
#4965=CARTESIAN_POINT('Ctrl Pts',(2.1637635177799,0.800359117851937,16.6318008083017));
#4966=CARTESIAN_POINT('Ctrl Pts',(2.16178268821433,0.811886073350377,16.6283912990355));
#4967=CARTESIAN_POINT('Ctrl Pts',(2.1613357377615,0.817591266391828,16.6258834471296));
#4968=CARTESIAN_POINT('Ctrl Pts',(2.16131864807922,0.834047961242019,16.6167071585665));
#4969=CARTESIAN_POINT('Ctrl Pts',(2.16318970389961,0.844105998307586,16.6082265688243));
#4970=CARTESIAN_POINT('Ctrl Pts',(2.16808684159958,0.860067222461042,16.5918799046722));
#4971=CARTESIAN_POINT('Ctrl Pts',(2.17123778383667,0.86707260515958,16.5832020614172));
#4972=CARTESIAN_POINT('Ctrl Pts',(2.17496536778115,0.873458924508222,16.5740264246604));
#4973=CARTESIAN_POINT('',(2.42320527142944,1.29875834724063,15.9368009846317));
#4974=CARTESIAN_POINT('Ctrl Pts',(2.42320527142944,1.29875834724063,15.9368009846317));
#4975=CARTESIAN_POINT('Ctrl Pts',(2.28920304273127,1.06917772916669,16.2928245993223));
#4976=CARTESIAN_POINT('Ctrl Pts',(2.17496536778115,0.873458924508222,16.5740264246604));
#4977=CARTESIAN_POINT('',(2.33636688928402,1.44916683716357,15.9368016330043));
#4978=CARTESIAN_POINT('Ctrl Pts',(2.42320527142944,1.29875834724063,15.9368009846317));
#4979=CARTESIAN_POINT('Ctrl Pts',(2.42726385245738,1.30571175055301,15.9260179498858));
#4980=CARTESIAN_POINT('Ctrl Pts',(2.43058655141275,1.3133373057819,15.9157406602397));
#4981=CARTESIAN_POINT('Ctrl Pts',(2.43631755480207,1.33324228699774,15.8928971317574));
#4982=CARTESIAN_POINT('Ctrl Pts',(2.43811385669146,1.34934331977751,15.8782674190156));
#4983=CARTESIAN_POINT('Ctrl Pts',(2.43470846365473,1.37038029849317,15.8667720299664));
#4984=CARTESIAN_POINT('Ctrl Pts',(2.43330192200937,1.37627343861228,15.8641501783376));
#4985=CARTESIAN_POINT('Ctrl Pts',(2.42917646995897,1.38805917309404,15.8606323608862));
#4986=CARTESIAN_POINT('Ctrl Pts',(2.4264545785513,1.39395181936562,15.8597400664765));
#4987=CARTESIAN_POINT('Ctrl Pts',(2.42043177528534,1.40438367894046,15.8597400664765));
#4988=CARTESIAN_POINT('Ctrl Pts',(2.41668956529752,1.4096872472981,15.8606323608862));
#4989=CARTESIAN_POINT('Ctrl Pts',(2.40854559168332,1.41915290024261,15.8641501783376));
#4990=CARTESIAN_POINT('Ctrl Pts',(2.40414527361642,1.42331759240095,15.8667720299664));
#4991=CARTESIAN_POINT('Ctrl Pts',(2.38762947734654,1.4367853185932,15.8782674190156));
#4992=CARTESIAN_POINT('Ctrl Pts',(2.37278745442989,1.44328026376578,15.8928971317574));
#4993=CARTESIAN_POINT('Ctrl Pts',(2.35268359232296,1.44826969816612,15.9157408479215));
#4994=CARTESIAN_POINT('Ctrl Pts',(2.344418156744,1.44920497050571,15.9260183618668));
#4995=CARTESIAN_POINT('Ctrl Pts',(2.33636688928402,1.44916683716357,15.9368016330043));
#4996=CARTESIAN_POINT('',(1.84392683315876,1.44683448573735,16.5740293239679));
#4997=CARTESIAN_POINT('Ctrl Pts',(1.84392683315876,1.44683448573735,16.5740293239679));
#4998=CARTESIAN_POINT('Ctrl Pts',(2.07054304952487,1.44790781161503,16.2928263897505));
#4999=CARTESIAN_POINT('Ctrl Pts',(2.33636688928402,1.44916683716357,15.9368016330043));
#5000=CARTESIAN_POINT('',(1.74505578053584,1.56466441790429,16.5740299197822));
#5001=CARTESIAN_POINT('Ctrl Pts',(1.84392683315876,1.44683448573735,16.5740293239679));
#5002=CARTESIAN_POINT('Ctrl Pts',(1.83653215959975,1.44679946223103,16.5832052070345));
#5003=CARTESIAN_POINT('Ctrl Pts',(1.82888967288365,1.44757339292312,16.5918832794757));
#5004=CARTESIAN_POINT('Ctrl Pts',(1.81261810925036,1.45131309013796,16.6082301338689));
#5005=CARTESIAN_POINT('Ctrl Pts',(1.80297208430992,1.45472177840525,16.6167107234262));
#5006=CARTESIAN_POINT('Ctrl Pts',(1.78872875792165,1.46296500196869,16.6258870118138));
#5007=CARTESIAN_POINT('Ctrl Pts',(1.78401140852359,1.46620469409461,16.6283948636762));
#5008=CARTESIAN_POINT('Ctrl Pts',(1.77501922729384,1.47368366846965,16.631804372886));
#5009=CARTESIAN_POINT('Ctrl Pts',(1.77074201394354,1.47791478427682,16.6327176476624));
#5010=CARTESIAN_POINT('Ctrl Pts',(1.76295520265114,1.48719478985575,16.6327176476624));
#5011=CARTESIAN_POINT('Ctrl Pts',(1.75953112105758,1.49214176471502,16.631804372886));
#5012=CARTESIAN_POINT('Ctrl Pts',(1.75372729374931,1.5022960726455,16.6283948636762));
#5013=CARTESIAN_POINT('Ctrl Pts',(1.75135600396078,1.50750433292634,16.6258870118138));
#5014=CARTESIAN_POINT('Ctrl Pts',(1.74571141538217,1.52296271903543,16.6167107234262));
#5015=CARTESIAN_POINT('Ctrl Pts',(1.74402957585662,1.53305411976405,16.6082301338689));
#5016=CARTESIAN_POINT('Ctrl Pts',(1.74317230941549,1.5497277036998,16.5918834498749));
#5017=CARTESIAN_POINT('Ctrl Pts',(1.74373724414577,1.55738831470955,16.5832055824803));
#5018=CARTESIAN_POINT('Ctrl Pts',(1.74505578053584,1.56466441790429,16.5740299197822));
#5019=CARTESIAN_POINT('',(1.83286401665948,2.04921819449537,15.9368042196735));
#5020=CARTESIAN_POINT('Ctrl Pts',(1.83286401665948,2.04921819449537,15.9368042196735));
#5021=CARTESIAN_POINT('Ctrl Pts',(1.78546430271521,1.78765149625657,16.2928279958632));
#5022=CARTESIAN_POINT('Ctrl Pts',(1.74505578053584,1.56466441790429,16.5740299197822));
#5023=CARTESIAN_POINT('',(1.69981989647561,2.16085546667197,15.9368047009136));
#5024=CARTESIAN_POINT('Ctrl Pts',(1.83286401665948,2.04921819449537,15.9368042196735));
#5025=CARTESIAN_POINT('Ctrl Pts',(1.83429963474372,2.05714039171934,15.9260211551993));
#5026=CARTESIAN_POINT('Ctrl Pts',(1.8348138559556,2.06544252051912,15.9157438373498));
#5027=CARTESIAN_POINT('Ctrl Pts',(1.83339131892635,2.08610722381467,15.8929002851183));
#5028=CARTESIAN_POINT('Ctrl Pts',(1.82957240329981,2.10185161485602,15.8782705722526));
#5029=CARTESIAN_POINT('Ctrl Pts',(1.81917729847331,2.12045518938629,15.8667751830968));
#5030=CARTESIAN_POINT('Ctrl Pts',(1.81584000584659,2.12551186212989,15.8641533314362));
#5031=CARTESIAN_POINT('Ctrl Pts',(1.8079323842541,2.13517583742953,15.8606355139441));
#5032=CARTESIAN_POINT('Ctrl Pts',(1.8033592363089,2.13978216919926,15.8597432195253));
#5033=CARTESIAN_POINT('Ctrl Pts',(1.79413174141352,2.14752498501325,15.8597432195253));
#5034=CARTESIAN_POINT('Ctrl Pts',(1.78880128467535,2.15122879460122,15.8606355139441));
#5035=CARTESIAN_POINT('Ctrl Pts',(1.77791100474832,2.15733818908455,15.8641533314362));
#5036=CARTESIAN_POINT('Ctrl Pts',(1.7723516480973,2.15974671870632,15.8667751830968));
#5037=CARTESIAN_POINT('Ctrl Pts',(1.75222563783296,2.16675349403433,15.8782705722526));
#5038=CARTESIAN_POINT('Ctrl Pts',(1.73605729541978,2.16778046503469,15.8929002851183));
#5039=CARTESIAN_POINT('Ctrl Pts',(1.71545938097027,2.1655930631337,15.9157439766525));
#5040=CARTESIAN_POINT('Ctrl Pts',(1.70737255181102,2.1636449889572,15.926021460983));
#5041=CARTESIAN_POINT('Ctrl Pts',(1.69981989647561,2.16085546667197,15.9368047009136));
#5042=CARTESIAN_POINT('',(1.23787532072438,1.99023935467241,16.5740320717289));
#5043=CARTESIAN_POINT('Ctrl Pts',(1.23787532072438,1.99023935467241,16.5740320717289));
#5044=CARTESIAN_POINT('Ctrl Pts',(1.45045780379983,2.06875526035777,16.2928293247701));
#5045=CARTESIAN_POINT('Ctrl Pts',(1.69981989647561,2.16085546667197,15.9368047009136));
#5046=CARTESIAN_POINT('',(1.1046667118775,2.06714738084853,16.5740324606194));
#5047=CARTESIAN_POINT('Ctrl Pts',(1.23787532072438,1.99023935467241,16.5740320717289));
#5048=CARTESIAN_POINT('Ctrl Pts',(1.23093860319509,1.98767732485972,16.583207917245));
#5049=CARTESIAN_POINT('Ctrl Pts',(1.22349234208276,1.98579070154832,16.5918859547479));
#5050=CARTESIAN_POINT('Ctrl Pts',(1.20692305338968,1.98373965499305,16.6082327799442));
#5051=CARTESIAN_POINT('Ctrl Pts',(1.19669291520331,1.98364363096139,16.6167133693642));
#5052=CARTESIAN_POINT('Ctrl Pts',(1.18048921597882,1.98651820932872,16.6258896576216));
#5053=CARTESIAN_POINT('Ctrl Pts',(1.17494831653106,1.98794909097609,16.6283975094517));
#5054=CARTESIAN_POINT('Ctrl Pts',(1.16394046725106,1.99190151167317,16.6318070186196));
#5055=CARTESIAN_POINT('Ctrl Pts',(1.15847407261817,1.99441456225122,16.6327202933861));
#5056=CARTESIAN_POINT('Ctrl Pts',(1.14798290983592,2.00047165982748,16.6327202933861));
#5057=CARTESIAN_POINT('Ctrl Pts',(1.14307335777655,2.00394918654439,16.6318070186196));
#5058=CARTESIAN_POINT('Ctrl Pts',(1.13414656008999,2.0115060812903,16.6283975094517));
#5059=CARTESIAN_POINT('Ctrl Pts',(1.13013694330634,2.01558921271451,16.6258896576216));
#5060=CARTESIAN_POINT('Ctrl Pts',(1.11954567527772,2.02818477188801,16.6167133693641));
#5061=CARTESIAN_POINT('Ctrl Pts',(1.11451379335201,2.03709235922761,16.6082327799442));
#5062=CARTESIAN_POINT('Ctrl Pts',(1.10800549989368,2.05246722322559,16.5918860659682));
#5063=CARTESIAN_POINT('Ctrl Pts',(1.10591627127407,2.05985908837835,16.5832081623));
#5064=CARTESIAN_POINT('Ctrl Pts',(1.1046667118775,2.06714738084853,16.5740324606194));
#5065=CARTESIAN_POINT('',(1.02145231128843,2.5525111745893,15.936806389243));
#5066=CARTESIAN_POINT('Ctrl Pts',(1.02145231128843,2.5525111745893,15.936806389243));
#5067=CARTESIAN_POINT('Ctrl Pts',(1.06637223336828,2.29050719882456,16.2928303730846));
#5068=CARTESIAN_POINT('Ctrl Pts',(1.1046667118775,2.06714738084853,16.5740324606194));
#5069=CARTESIAN_POINT('',(0.858249537482363,2.61191212640439,15.9368066453056));
#5070=CARTESIAN_POINT('Ctrl Pts',(1.02145231128843,2.5525111745893,15.936806389243));
#5071=CARTESIAN_POINT('Ctrl Pts',(1.02009179553617,2.56044664107451,15.9260232842025));
#5072=CARTESIAN_POINT('Ctrl Pts',(1.01773549915063,2.56842399050154,15.9157459278644));
#5073=CARTESIAN_POINT('Ctrl Pts',(1.00933097915882,2.5873559432305,15.8929023433298));
#5074=CARTESIAN_POINT('Ctrl Pts',(1.00035746210244,2.60084467790763,15.8782726303832));
#5075=CARTESIAN_POINT('Ctrl Pts',(0.984226449766219,2.61477097102859,15.8667772411578));
#5076=CARTESIAN_POINT('Ctrl Pts',(0.979360933490075,2.61838126376247,15.8641553894764));
#5077=CARTESIAN_POINT('Ctrl Pts',(0.968624920135089,2.62475785524738,15.8606375719578));
#5078=CARTESIAN_POINT('Ctrl Pts',(0.962752106112159,2.62752227760794,15.8597452775331));
#5079=CARTESIAN_POINT('Ctrl Pts',(0.951432894675233,2.63164214590042,15.8597452775331));
#5080=CARTESIAN_POINT('Ctrl Pts',(0.945157124854794,2.63329945959926,15.8606375719578));
#5081=CARTESIAN_POINT('Ctrl Pts',(0.932834071339267,2.63531570704869,15.8641553894764));
#5082=CARTESIAN_POINT('Ctrl Pts',(0.926786218888169,2.63567756750179,15.8667772411578));
#5083=CARTESIAN_POINT('Ctrl Pts',(0.905477497286832,2.63537826364484,15.8782726303832));
#5084=CARTESIAN_POINT('Ctrl Pts',(0.889932984162132,2.63081338869943,15.8929023433298));
#5085=CARTESIAN_POINT('Ctrl Pts',(0.871325445908584,2.62171299887749,15.9157460019858));
#5086=CARTESIAN_POINT('Ctrl Pts',(0.86439261866229,2.61711656280882,15.9260234469067));
#5087=CARTESIAN_POINT('Ctrl Pts',(0.858249537482363,2.61191212640439,15.9368066453056));
#5088=CARTESIAN_POINT('',(0.482517775516613,2.29359107496427,16.574033605647));
#5089=CARTESIAN_POINT('Ctrl Pts',(0.482517775516613,2.29359107496427,16.574033605647));
#5090=CARTESIAN_POINT('Ctrl Pts',(0.655425947989568,2.44007938613664,16.292831080184));
#5091=CARTESIAN_POINT('Ctrl Pts',(0.858249537482363,2.61191212640439,15.9368066453056));
#5092=CARTESIAN_POINT('',(0.331038534622392,2.32030095215116,16.5740337407073));
#5093=CARTESIAN_POINT('Ctrl Pts',(0.482517775516613,2.29359107496427,16.574033605647));
#5094=CARTESIAN_POINT('Ctrl Pts',(0.476875683128393,2.28881107773448,16.583209404603));
#5095=CARTESIAN_POINT('Ctrl Pts',(0.47052377953144,2.28449147674584,16.591887398784));
#5096=CARTESIAN_POINT('Ctrl Pts',(0.455655281026336,2.27689709463056,16.6082341878921));
#5097=CARTESIAN_POINT('Ctrl Pts',(0.446074941585175,2.27330793853244,16.6167147772391));
#5098=CARTESIAN_POINT('Ctrl Pts',(0.429865284374281,2.27046715059905,16.6258910654273));
#5099=CARTESIAN_POINT('Ctrl Pts',(0.424169152332384,2.26991663449871,16.6283989172401));
#5100=CARTESIAN_POINT('Ctrl Pts',(0.412473350284559,2.26986577693504,16.6318084263857));
#5101=CARTESIAN_POINT('Ctrl Pts',(0.406477105231544,2.27035764881063,16.632721701147));
#5102=CARTESIAN_POINT('Ctrl Pts',(0.394546985580276,2.2724612574827,16.632721701147));
#5103=CARTESIAN_POINT('Ctrl Pts',(0.388744129991275,2.27404989201934,16.6318084263857));
#5104=CARTESIAN_POINT('Ctrl Pts',(0.377771069829979,2.27809789433287,16.6283989172401));
#5105=CARTESIAN_POINT('Ctrl Pts',(0.372606746862287,2.2805634077684,16.6258910654273));
#5106=CARTESIAN_POINT('Ctrl Pts',(0.358346267231785,2.28877692003084,16.6167147772391));
#5107=CARTESIAN_POINT('Ctrl Pts',(0.350571263874847,2.2954263010625,16.6082341878921));
#5108=CARTESIAN_POINT('Ctrl Pts',(0.339196917386484,2.30764799538659,16.5918874374104));
#5109=CARTESIAN_POINT('Ctrl Pts',(0.334705495087057,2.31387954416526,16.5832094897097));
#5110=CARTESIAN_POINT('Ctrl Pts',(0.331038534622392,2.32030095215116,16.5740337407073));
#5111=CARTESIAN_POINT('',(0.0868383821454167,2.74793272630978,15.9368072316565));
#5112=CARTESIAN_POINT('Ctrl Pts',(0.0868383821454167,2.74793272630978,15.9368072316565));
#5113=CARTESIAN_POINT('Ctrl Pts',(0.218659948048335,2.51709302564765,16.2928314442566));
#5114=CARTESIAN_POINT('Ctrl Pts',(0.331038534622392,2.32030095215116,16.5740337407073));
#5115=CARTESIAN_POINT('',(-0.0868383821454169,2.74793272630978,15.9368072316565));
#5116=CARTESIAN_POINT('Ctrl Pts',(0.0868383821454171,2.74793272630978,15.9368072316565));
#5117=CARTESIAN_POINT('Ctrl Pts',(0.0828458112115708,2.75492432797168,15.9260240801043));
#5118=CARTESIAN_POINT('Ctrl Pts',(0.0779031805834851,2.7616147074863,15.9157466796348));
#5119=CARTESIAN_POINT('Ctrl Pts',(0.0635303684950403,2.77653041908797,15.8929030581393));
#5120=CARTESIAN_POINT('Ctrl Pts',(0.0504845925581953,2.78613654753524,15.8782733451647));
#5121=CARTESIAN_POINT('Ctrl Pts',(0.0305633192350917,2.79370583227962,15.8667779559151));
#5122=CARTESIAN_POINT('Ctrl Pts',(0.0247564349796208,2.79543428761017,15.8641561042265));
#5123=CARTESIAN_POINT('Ctrl Pts',(0.0124869574505916,2.79775437903869,15.8606382866987));
#5124=CARTESIAN_POINT('Ctrl Pts',(0.00602282872756196,2.79834345946335,
15.8597459922719));
#5125=CARTESIAN_POINT('Ctrl Pts',(-0.00602282872756197,2.79834345946335,
15.8597459922719));
#5126=CARTESIAN_POINT('Ctrl Pts',(-0.0124869574505928,2.79775437903869,
15.8606382866987));
#5127=CARTESIAN_POINT('Ctrl Pts',(-0.0247564349796214,2.79543428761017,
15.8641561042265));
#5128=CARTESIAN_POINT('Ctrl Pts',(-0.0305633192350918,2.79370583227962,
15.8667779559151));
#5129=CARTESIAN_POINT('Ctrl Pts',(-0.0504845925581955,2.78613654753524,
15.8782733451647));
#5130=CARTESIAN_POINT('Ctrl Pts',(-0.0635303684950403,2.77653041908797,
15.8929030581393));
#5131=CARTESIAN_POINT('Ctrl Pts',(-0.0779031805834851,2.7616147074863,15.9157466796348));
#5132=CARTESIAN_POINT('Ctrl Pts',(-0.0828458112115716,2.75492432797168,
15.9260240801043));
#5133=CARTESIAN_POINT('Ctrl Pts',(-0.0868383821454172,2.74793272630978,
15.9368072316565));
#5134=CARTESIAN_POINT('',(-0.331038534622392,2.32030095215116,16.5740337407073));
#5135=CARTESIAN_POINT('Ctrl Pts',(-0.331038534622392,2.32030095215116,16.5740337407073));
#5136=CARTESIAN_POINT('Ctrl Pts',(-0.218659948050094,2.51709302564457,16.2928314442617));
#5137=CARTESIAN_POINT('Ctrl Pts',(-0.0868383821454169,2.74793272630978,
15.9368072316565));
#5138=CARTESIAN_POINT('',(-0.482517775516613,2.29359107496427,16.574033605647));
#5139=CARTESIAN_POINT('Ctrl Pts',(-0.331038534622392,2.32030095215116,16.5740337407073));
#5140=CARTESIAN_POINT('Ctrl Pts',(-0.334705495087057,2.31387954416526,16.5832094897097));
#5141=CARTESIAN_POINT('Ctrl Pts',(-0.339196917386483,2.3076479953866,16.5918874374104));
#5142=CARTESIAN_POINT('Ctrl Pts',(-0.350571263874846,2.2954263010625,16.6082341878921));
#5143=CARTESIAN_POINT('Ctrl Pts',(-0.358346267231786,2.28877692003084,16.6167147772391));
#5144=CARTESIAN_POINT('Ctrl Pts',(-0.372606746862288,2.2805634077684,16.6258910654273));
#5145=CARTESIAN_POINT('Ctrl Pts',(-0.377771069829979,2.27809789433287,16.6283989172401));
#5146=CARTESIAN_POINT('Ctrl Pts',(-0.388744129991274,2.27404989201935,16.6318084263857));
#5147=CARTESIAN_POINT('Ctrl Pts',(-0.394546985580276,2.2724612574827,16.632721701147));
#5148=CARTESIAN_POINT('Ctrl Pts',(-0.406477105231543,2.27035764881063,16.632721701147));
#5149=CARTESIAN_POINT('Ctrl Pts',(-0.412473350284559,2.26986577693504,16.6318084263857));
#5150=CARTESIAN_POINT('Ctrl Pts',(-0.424169152332384,2.26991663449871,16.6283989172401));
#5151=CARTESIAN_POINT('Ctrl Pts',(-0.42986528437428,2.27046715059905,16.6258910654273));
#5152=CARTESIAN_POINT('Ctrl Pts',(-0.446074941585174,2.27330793853244,16.6167147772391));
#5153=CARTESIAN_POINT('Ctrl Pts',(-0.455655281026336,2.27689709463056,16.6082341878921));
#5154=CARTESIAN_POINT('Ctrl Pts',(-0.470523779531441,2.28449147674584,16.591887398784));
#5155=CARTESIAN_POINT('Ctrl Pts',(-0.476875683128391,2.28881107773448,16.583209404603));
#5156=CARTESIAN_POINT('Ctrl Pts',(-0.482517775516613,2.29359107496427,16.574033605647));
#5157=CARTESIAN_POINT('',(-0.858249537482362,2.61191212640439,15.9368066453056));
#5158=CARTESIAN_POINT('Ctrl Pts',(-0.858249537482362,2.61191212640439,15.9368066453056));
#5159=CARTESIAN_POINT('Ctrl Pts',(-0.655425947992279,2.44007938613894,16.2928310801789));
#5160=CARTESIAN_POINT('Ctrl Pts',(-0.482517775516613,2.29359107496427,16.574033605647));
#5161=CARTESIAN_POINT('Ctrl Pts',(-0.858249537482362,2.61191212640439,15.9368066453056));
#5162=CARTESIAN_POINT('Ctrl Pts',(-0.864392618662288,2.61711656280882,15.9260234469067));
#5163=CARTESIAN_POINT('Ctrl Pts',(-0.871325445908582,2.62171299887749,15.9157460019858));
#5164=CARTESIAN_POINT('Ctrl Pts',(-0.88993298416213,2.63081338869943,15.8929023433298));
#5165=CARTESIAN_POINT('Ctrl Pts',(-0.90547749728683,2.63537826364484,15.8782726303832));
#5166=CARTESIAN_POINT('Ctrl Pts',(-0.926786218888168,2.63567756750179,15.8667772411578));
#5167=CARTESIAN_POINT('Ctrl Pts',(-0.932834071339266,2.63531570704869,15.8641553894764));
#5168=CARTESIAN_POINT('Ctrl Pts',(-0.940369929111034,2.63408272092293,15.862004155413));
#5169=CARTESIAN_POINT('Ctrl Pts',(-0.94174966052472,2.63382859397465,15.8616508040415));
#5170=CARTESIAN_POINT('Ctrl Pts',(-0.943127049425698,2.63354396759783,15.8613421296949));
#5171=CARTESIAN_POINT('Origin',(2.33684051551268,1.34916795877888,9.8));
#5172=CARTESIAN_POINT('',(2.42320527142944,1.29875834724063,9.8));
#5173=CARTESIAN_POINT('',(2.42320527142944,1.29875834724063,9.8));
#5174=CARTESIAN_POINT('',(2.33636688928402,1.44916683716357,9.8));
#5175=CARTESIAN_POINT('Origin',(2.33684051551268,1.34916795877888,9.8));
#5176=CARTESIAN_POINT('',(2.33636688928402,1.44916683716357,9.8));
#5177=CARTESIAN_POINT('Origin',(2.5114802024567,1.44999622904721,9.8));
#5178=CARTESIAN_POINT('',(2.17496536778115,0.873458924508222,9.8));
#5179=CARTESIAN_POINT('',(2.17496536778115,0.873458924508222,9.8));
#5180=CARTESIAN_POINT('',(2.11430839676829,0.76953778057717,9.8));
#5181=CARTESIAN_POINT('Origin',(2.26133012369791,0.823049312969966,9.8));
#5182=CARTESIAN_POINT('',(2.22757355605245,0.728919115154401,9.8));
#5183=CARTESIAN_POINT('',(2.22757355605245,0.728919115154401,9.8));
#5184=CARTESIAN_POINT('Origin',(2.26133012369791,0.823049312969966,9.8));
#5185=CARTESIAN_POINT('Origin',(2.11430839676829,0.76953778057717,9.8));
#5186=CARTESIAN_POINT('',(2.69111355414184,0.562686390003433,9.8));
#5187=CARTESIAN_POINT('',(2.69111355414184,0.562686390003433,9.8));
#5188=CARTESIAN_POINT('',(2.11430839676829,0.76953778057717,9.8));
#5189=CARTESIAN_POINT('Origin',(2.65735698649638,0.468556192187867,9.8));
#5190=CARTESIAN_POINT('',(2.72127220776404,0.391648166011745,9.8));
#5191=CARTESIAN_POINT('',(2.72127220776404,0.391648166011746,9.8));
#5192=CARTESIAN_POINT('Origin',(2.65735698649638,0.468556192187867,9.8));
#5193=CARTESIAN_POINT('Origin',(2.8559499110625,0.503573482966674,9.8));
#5194=CARTESIAN_POINT('',(2.34254203260187,0.0769004842705374,9.8));
#5195=CARTESIAN_POINT('',(2.34254203260187,0.0769004842705373,9.8));
#5196=CARTESIAN_POINT('',(2.25,-7.54190558547084E-6,9.8));
#5197=CARTESIAN_POINT('Origin',(2.40645725386953,-7.54190558416336E-6,9.8));
#5198=CARTESIAN_POINT('',(2.34254203260187,-0.0769155680817058,9.8));
#5199=CARTESIAN_POINT('',(2.34254203260187,-0.0769155680817057,9.8));
#5200=CARTESIAN_POINT('Origin',(2.40645725386953,-7.54190558416336E-6,9.8));
#5201=CARTESIAN_POINT('Origin',(2.25,-7.54190558396766E-6,9.8));
#5202=CARTESIAN_POINT('',(2.72127220776404,-0.391663249822915,9.8));
#5203=CARTESIAN_POINT('',(2.72127220776404,-0.391663249822915,9.8));
#5204=CARTESIAN_POINT('',(2.25,-7.54190558292947E-6,9.8));
#5205=CARTESIAN_POINT('Origin',(2.65735698649638,-0.468571275999036,9.8));
#5206=CARTESIAN_POINT('',(2.69111355414184,-0.562701473814602,9.8));
#5207=CARTESIAN_POINT('',(2.69111355414184,-0.562701473814602,9.8));
#5208=CARTESIAN_POINT('Origin',(2.65735698649638,-0.468571275999036,9.8));
#5209=CARTESIAN_POINT('Origin',(2.85594031622584,-0.503592007636995,9.8));
#5210=CARTESIAN_POINT('',(2.22757355605245,-0.728934198965569,9.8));
#5211=CARTESIAN_POINT('',(2.22757355605245,-0.728934198965569,9.8));
#5212=CARTESIAN_POINT('',(2.11430839676829,-0.769552864388339,9.8));
#5213=CARTESIAN_POINT('Origin',(2.26133012369791,-0.823064396781134,9.8));
#5214=CARTESIAN_POINT('',(2.17496536778115,-0.87347400831939,9.8));
#5215=CARTESIAN_POINT('',(2.17496536778115,-0.87347400831939,9.8));
#5216=CARTESIAN_POINT('Origin',(2.26133012369791,-0.823064396781134,9.8));
#5217=CARTESIAN_POINT('Origin',(2.11430839676829,-0.769552864388339,9.8));
#5218=CARTESIAN_POINT('',(2.42320527142944,-1.2987734310518,9.8));
#5219=CARTESIAN_POINT('',(2.42320527142944,-1.2987734310518,9.8));
#5220=CARTESIAN_POINT('',(2.11430839676829,-0.769552864388339,9.8));
#5221=CARTESIAN_POINT('Origin',(2.33684051551268,-1.34918304259005,9.8));
#5222=CARTESIAN_POINT('',(2.33636688928402,-1.44918192097474,9.8));
#5223=CARTESIAN_POINT('',(2.33636688928402,-1.44918192097474,9.8));
#5224=CARTESIAN_POINT('Origin',(2.33684051551268,-1.34918304259005,9.8));
#5225=CARTESIAN_POINT('Origin',(2.51146717508296,-1.45001125115663,9.8));
#5226=CARTESIAN_POINT('',(1.84392683315876,-1.44684956954852,9.8));
#5227=CARTESIAN_POINT('',(1.84392683315876,-1.44684956954852,9.8));
#5228=CARTESIAN_POINT('',(1.7235999970177,-1.4462796637003,9.8));
#5229=CARTESIAN_POINT('Origin',(1.84345320693011,-1.54684844793321,9.8));
#5230=CARTESIAN_POINT('',(1.74505578053584,-1.56467950171546,9.8));
#5231=CARTESIAN_POINT('',(1.74505578053584,-1.56467950171546,9.8));
#5232=CARTESIAN_POINT('Origin',(1.84345320693011,-1.54684844793321,9.8));
#5233=CARTESIAN_POINT('Origin',(1.7235999970177,-1.4462796637003,9.8));
#5234=CARTESIAN_POINT('',(1.83286401665948,-2.04923327830654,9.8));
#5235=CARTESIAN_POINT('',(1.83286401665948,-2.04923327830654,9.8));
#5236=CARTESIAN_POINT('',(1.7235999970177,-1.4462796637003,9.8));
#5237=CARTESIAN_POINT('Origin',(1.73446659026522,-2.06706433208879,9.8));
#5238=CARTESIAN_POINT('',(1.80915898469197,-2.13355528045621,9.8));
#5239=CARTESIAN_POINT('',(1.80915898469197,-2.13355528045621,9.8));
#5240=CARTESIAN_POINT('Origin',(1.73446659026522,-2.06706433208879,9.8));
#5241=CARTESIAN_POINT('Origin',(-2.33684051551268,-1.34918304259005,9.8));
#5242=CARTESIAN_POINT('',(-2.42320527142944,-1.29877343105179,9.8));
#5243=CARTESIAN_POINT('',(-2.42320527142944,-1.29877343105179,9.8));
#5244=CARTESIAN_POINT('',(-2.33636688928402,-1.44918192097474,9.8));
#5245=CARTESIAN_POINT('Origin',(-2.33684051551268,-1.34918304259005,9.8));
#5246=CARTESIAN_POINT('',(-2.33636688928402,-1.44918192097474,9.8));
#5247=CARTESIAN_POINT('Origin',(-2.51147363535144,-1.45000006170159,9.8));
#5248=CARTESIAN_POINT('',(-2.17496536778115,-0.873474008319391,9.8));
#5249=CARTESIAN_POINT('',(-2.17496536778115,-0.873474008319391,9.8));
#5250=CARTESIAN_POINT('',(-2.11430839676829,-0.769552864388338,9.8));
#5251=CARTESIAN_POINT('Origin',(-2.26133012369792,-0.823064396781135,9.8));
#5252=CARTESIAN_POINT('',(-2.22757355605245,-0.728934198965569,9.8));
#5253=CARTESIAN_POINT('',(-2.22757355605245,-0.728934198965569,9.8));
#5254=CARTESIAN_POINT('Origin',(-2.26133012369792,-0.823064396781135,9.8));
#5255=CARTESIAN_POINT('Origin',(-2.11430839676829,-0.769552864388339,9.8));
#5256=CARTESIAN_POINT('',(-2.69111355414184,-0.562701473814602,9.8));
#5257=CARTESIAN_POINT('',(-2.69111355414184,-0.562701473814602,9.8));
#5258=CARTESIAN_POINT('',(-2.11430839676829,-0.769552864388339,9.8));
#5259=CARTESIAN_POINT('Origin',(-2.65735698649638,-0.468571275999036,9.8));
#5260=CARTESIAN_POINT('',(-2.72127220776404,-0.391663249822915,9.8));
#5261=CARTESIAN_POINT('',(-2.72127220776404,-0.391663249822915,9.8));
#5262=CARTESIAN_POINT('Origin',(-2.65735698649638,-0.468571275999036,9.8));
#5263=CARTESIAN_POINT('Origin',(-2.85594207173136,-0.503582051819536,9.8));
#5264=CARTESIAN_POINT('',(-2.34254203260187,-0.0769155680817059,9.8));
#5265=CARTESIAN_POINT('',(-2.34254203260187,-0.076915568081706,9.8));
#5266=CARTESIAN_POINT('',(-2.25,-7.54190558352795E-6,9.8));
#5267=CARTESIAN_POINT('Origin',(-2.40645725386953,-7.54190558445922E-6,
9.8));
#5268=CARTESIAN_POINT('',(-2.34254203260187,0.0769004842705373,9.8));
#5269=CARTESIAN_POINT('',(-2.34254203260187,0.0769004842705372,9.8));
#5270=CARTESIAN_POINT('Origin',(-2.40645725386953,-7.54190558445922E-6,
9.8));
#5271=CARTESIAN_POINT('Origin',(-2.25,-7.54190558514125E-6,9.8));
#5272=CARTESIAN_POINT('',(-2.72127220776404,0.391648166011747,9.8));
#5273=CARTESIAN_POINT('',(-2.72127220776404,0.391648166011747,9.8));
#5274=CARTESIAN_POINT('',(-2.25,-7.54190558514125E-6,9.8));
#5275=CARTESIAN_POINT('Origin',(-2.65735698649638,0.468556192187868,9.8));
#5276=CARTESIAN_POINT('',(-2.69111355414184,0.562686390003434,9.8));
#5277=CARTESIAN_POINT('',(-2.69111355414184,0.562686390003434,9.8));
#5278=CARTESIAN_POINT('Origin',(-2.65735698649638,0.468556192187868,9.8));
#5279=CARTESIAN_POINT('Origin',(-2.8559499110625,0.503573482966675,9.8));
#5280=CARTESIAN_POINT('',(-2.22757355605245,0.728919115154401,9.8));
#5281=CARTESIAN_POINT('',(-2.22757355605245,0.728919115154401,9.8));
#5282=CARTESIAN_POINT('',(-2.11430839676829,0.769537780577171,9.8));
#5283=CARTESIAN_POINT('Origin',(-2.26133012369792,0.823049312969966,9.8));
#5284=CARTESIAN_POINT('',(-2.17496536778115,0.873458924508222,9.8));
#5285=CARTESIAN_POINT('',(-2.17496536778115,0.873458924508222,9.8));
#5286=CARTESIAN_POINT('Origin',(-2.26133012369792,0.823049312969966,9.8));
#5287=CARTESIAN_POINT('Origin',(-2.11430839676829,0.76953778057717,9.8));
#5288=CARTESIAN_POINT('',(-2.42320527142944,1.29875834724063,9.8));
#5289=CARTESIAN_POINT('',(-2.42320527142944,1.29875834724063,9.8));
#5290=CARTESIAN_POINT('',(-2.11430839676829,0.76953778057717,9.8));
#5291=CARTESIAN_POINT('Origin',(-2.33684051551268,1.34916795877888,9.8));
#5292=CARTESIAN_POINT('',(-2.33636688928402,1.44916683716357,9.8));
#5293=CARTESIAN_POINT('',(-2.33636688928402,1.44916683716357,9.8));
#5294=CARTESIAN_POINT('Origin',(-2.33684051551268,1.34916795877888,9.8));
#5295=CARTESIAN_POINT('Origin',(-2.5114802024567,1.44999622904721,9.8));
#5296=CARTESIAN_POINT('',(-1.84392683315876,1.44683448573735,9.8));
#5297=CARTESIAN_POINT('',(-1.84392683315876,1.44683448573735,9.8));
#5298=CARTESIAN_POINT('',(-1.7235999970177,1.44626457988913,9.8));
#5299=CARTESIAN_POINT('Origin',(-1.84345320693011,1.54683336412204,9.8));
#5300=CARTESIAN_POINT('',(-1.74505578053584,1.56466441790429,9.8));
#5301=CARTESIAN_POINT('',(-1.74505578053584,1.56466441790429,9.8));
#5302=CARTESIAN_POINT('Origin',(-1.84345320693011,1.54683336412204,9.8));
#5303=CARTESIAN_POINT('Origin',(-1.7235999970177,1.44626457988913,9.8));
#5304=CARTESIAN_POINT('',(-1.83286401665948,2.04921819449537,9.8));
#5305=CARTESIAN_POINT('',(-1.83286401665948,2.04921819449537,9.8));
#5306=CARTESIAN_POINT('',(-1.7235999970177,1.44626457988913,9.8));
#5307=CARTESIAN_POINT('Origin',(-1.73446659026522,2.06704924827762,9.8));
#5308=CARTESIAN_POINT('',(-1.80915370196506,2.1335461305048,9.8));
#5309=CARTESIAN_POINT('',(-1.80915370196506,2.1335461305048,9.8));
#5310=CARTESIAN_POINT('Origin',(-1.73446659026522,2.06704924827762,9.8));
#5311=CARTESIAN_POINT('Origin',(0.99527298381635,-2.7238633753706,16.8));
#5312=CARTESIAN_POINT('',(0.943134829662446,-2.63355744336318,9.8));
#5313=CARTESIAN_POINT('',(0.943134829662446,-2.63355744336318,9.8));
#5314=CARTESIAN_POINT('',(0.99527298381635,-2.7238633753706,9.8));
#5315=CARTESIAN_POINT('',(0.281130140962065,-1.4869316876853,16.8));
#5316=CARTESIAN_POINT('Origin',(-0.99527298381635,2.7238633753706,16.8));
#5317=CARTESIAN_POINT('',(-0.943127049425698,2.63354396759783,9.8));
#5318=CARTESIAN_POINT('',(-0.943127049425698,2.63354396759783,9.8));
#5319=CARTESIAN_POINT('',(1.86129838760079,-2.2238633753706,9.8));
#5320=CARTESIAN_POINT('',(-0.281130140962066,1.4869316876853,16.8));
#5321=CARTESIAN_POINT('Origin',(-0.922890396231165,2.53561298237107,9.8));
#5322=CARTESIAN_POINT('',(-0.858249537482362,2.61191212640439,9.8));
#5323=CARTESIAN_POINT('',(-0.858249537482362,2.61191212640439,9.8));
#5324=CARTESIAN_POINT('Origin',(-0.922890396231165,2.53561298237107,9.8));
#5325=CARTESIAN_POINT('Origin',(0.,0.,16.8));
#5326=CARTESIAN_POINT('Origin',(0.,0.,16.8));
#5327=CARTESIAN_POINT('Origin',(-2.48513774234591,0.976783438831641,9.8));
#5328=CARTESIAN_POINT('',(-2.85594031622584,-0.503592007636995,9.8));
#5329=CARTESIAN_POINT('',(2.51146717508296,-1.45001125115663,9.8));
#5330=CARTESIAN_POINT('Origin',(0.,0.,9.8));
#5331=CARTESIAN_POINT('',(2.85594207173136,-0.503582051819536,9.8));
#5332=CARTESIAN_POINT('Origin',(0.,0.,9.8));
#5333=CARTESIAN_POINT('',(2.85594315546901,0.503575905628621,9.8));
#5334=CARTESIAN_POINT('Origin',(0.,0.,9.8));
#5335=CARTESIAN_POINT('',(2.51147586000615,1.44999620847999,9.8));
#5336=CARTESIAN_POINT('Origin',(0.,0.,9.8));
#5337=CARTESIAN_POINT('',(-2.51147801341406,1.44999247864868,9.8));
#5338=CARTESIAN_POINT('Origin',(0.,0.,9.8));
#5339=CARTESIAN_POINT('',(-2.85594439146419,0.503568895846651,9.8));
#5340=CARTESIAN_POINT('Origin',(0.,0.,9.8));
#5341=CARTESIAN_POINT('',(-2.9,-3.55147571752732E-16,9.8));
#5342=CARTESIAN_POINT('Origin',(0.,0.,9.8));
#5343=CARTESIAN_POINT('Origin',(0.,0.,9.8));
#5344=CARTESIAN_POINT('',(0.858249537482361,-2.61192721021556,9.8));
#5345=CARTESIAN_POINT('Origin',(0.922890396231165,-2.53562806618224,9.8));
#5346=CARTESIAN_POINT('',(0.482517775516613,-2.29360615877544,9.8));
#5347=CARTESIAN_POINT('',(0.390708399750593,-2.21582498618305,9.8));
#5348=CARTESIAN_POINT('',(0.331038534622392,-2.32031603596233,9.8));
#5349=CARTESIAN_POINT('Origin',(0.417876916767809,-2.36990530280876,9.8));
#5350=CARTESIAN_POINT('',(0.0868383821454166,-2.74794781012095,9.8));
#5351=CARTESIAN_POINT('',(0.390708399750594,-2.21582498618305,9.8));
#5352=CARTESIAN_POINT('',(-0.0868383821454171,-2.74794781012095,9.8));
#5353=CARTESIAN_POINT('Origin',(-3.46944695195361E-16,-2.69835854327452,
9.8));
#5354=CARTESIAN_POINT('',(-0.331038534622392,-2.32031603596233,9.8));
#5355=CARTESIAN_POINT('',(-0.390708399750594,-2.21582498618305,9.8));
#5356=CARTESIAN_POINT('',(-0.482517775516613,-2.29360615877544,9.8));
#5357=CARTESIAN_POINT('Origin',(-0.417876916767809,-2.36990530280876,9.8));
#5358=CARTESIAN_POINT('',(-0.858249537482362,-2.61192721021556,9.8));
#5359=CARTESIAN_POINT('',(-0.390708399750592,-2.21582498618305,9.8));
#5360=CARTESIAN_POINT('',(-1.02145231128843,-2.55252625840047,9.8));
#5361=CARTESIAN_POINT('Origin',(-0.922890396231165,-2.53562806618224,9.8));
#5362=CARTESIAN_POINT('',(-1.1046667118775,-2.0671624646597,9.8));
#5363=CARTESIAN_POINT('',(-1.125,-1.94856470042057,9.8));
#5364=CARTESIAN_POINT('',(-1.23787532072438,-1.99025443848358,9.8));
#5365=CARTESIAN_POINT('Origin',(-1.20322862693476,-2.08406065687793,9.8));
#5366=CARTESIAN_POINT('',(-1.69981989647561,-2.16087055048314,9.8));
#5367=CARTESIAN_POINT('',(-1.125,-1.94856470042057,9.8));
#5368=CARTESIAN_POINT('',(-1.83286401665948,-2.04923327830654,9.8));
#5369=CARTESIAN_POINT('Origin',(-1.73446659026522,-2.06706433208879,9.8));
#5370=CARTESIAN_POINT('',(-1.74505578053584,-1.56467950171546,9.8));
#5371=CARTESIAN_POINT('',(-1.7235999970177,-1.4462796637003,9.8));
#5372=CARTESIAN_POINT('',(-1.84392683315876,-1.44684956954852,9.8));
#5373=CARTESIAN_POINT('Origin',(-1.84345320693011,-1.54684844793321,9.8));
#5374=CARTESIAN_POINT('',(-1.7235999970177,-1.4462796637003,9.8));
#5375=CARTESIAN_POINT('',(-0.482517775516613,2.29359107496427,9.8));
#5376=CARTESIAN_POINT('',(-0.390708399750593,2.21580990237188,9.8));
#5377=CARTESIAN_POINT('',(-0.331038534622392,2.32030095215116,9.8));
#5378=CARTESIAN_POINT('Origin',(-0.417876916767809,2.36989021899759,9.8));
#5379=CARTESIAN_POINT('',(-0.0868383821454169,2.74793272630978,9.8));
#5380=CARTESIAN_POINT('',(-0.390708399750594,2.21580990237188,9.8));
#5381=CARTESIAN_POINT('',(0.0868383821454167,2.74793272630978,9.8));
#5382=CARTESIAN_POINT('Origin',(-1.30104260698261E-17,2.69834345946335,
9.8));
#5383=CARTESIAN_POINT('',(0.331038534622392,2.32030095215116,9.8));
#5384=CARTESIAN_POINT('',(0.390708399750594,2.21580990237188,9.8));
#5385=CARTESIAN_POINT('',(0.482517775516613,2.29359107496427,9.8));
#5386=CARTESIAN_POINT('Origin',(0.417876916767809,2.36989021899759,9.8));
#5387=CARTESIAN_POINT('',(0.858249537482363,2.61191212640439,9.8));
#5388=CARTESIAN_POINT('',(0.390708399750594,2.21580990237188,9.8));
#5389=CARTESIAN_POINT('',(1.02145231128843,2.5525111745893,9.8));
#5390=CARTESIAN_POINT('Origin',(0.922890396231167,2.53561298237107,9.8));
#5391=CARTESIAN_POINT('',(1.1046667118775,2.06714738084853,9.8));
#5392=CARTESIAN_POINT('',(1.125,1.9485496166094,9.8));
#5393=CARTESIAN_POINT('',(1.23787532072438,1.99023935467241,9.8));
#5394=CARTESIAN_POINT('Origin',(1.20322862693476,2.08404557306676,9.8));
#5395=CARTESIAN_POINT('',(1.69981989647561,2.16085546667197,9.8));
#5396=CARTESIAN_POINT('',(1.125,1.9485496166094,9.8));
#5397=CARTESIAN_POINT('',(1.83286401665948,2.04921819449537,9.8));
#5398=CARTESIAN_POINT('Origin',(1.73446659026522,2.06704924827762,9.8));
#5399=CARTESIAN_POINT('',(1.74505578053584,1.56466441790429,9.8));
#5400=CARTESIAN_POINT('',(1.7235999970177,1.44626457988913,9.8));
#5401=CARTESIAN_POINT('',(1.84392683315876,1.44683448573735,9.8));
#5402=CARTESIAN_POINT('Origin',(1.84345320693011,1.54683336412204,9.8));
#5403=CARTESIAN_POINT('',(1.7235999970177,1.44626457988913,9.8));
#5404=CARTESIAN_POINT('Origin',(-0.417876916767809,2.36989021899759,9.8));
#5405=CARTESIAN_POINT('',(-0.331038534622392,2.32030095215116,9.8));
#5406=CARTESIAN_POINT('',(-0.482517775516613,2.29359107496427,9.8));
#5407=CARTESIAN_POINT('Origin',(-0.991860995128068,2.72510814544657,9.8));
#5408=CARTESIAN_POINT('Origin',(-1.30104260698261E-17,2.69834345946335,
9.8));
#5409=CARTESIAN_POINT('',(0.0868383821454167,2.74793272630978,9.8));
#5410=CARTESIAN_POINT('',(-0.0868383821454169,2.74793272630978,9.8));
#5411=CARTESIAN_POINT('Origin',(0.,2.9,9.8));
#5412=CARTESIAN_POINT('',(0.331038534622392,2.32030095215116,9.8));
#5413=CARTESIAN_POINT('Origin',(0.417876916767809,2.36989021899759,9.8));
#5414=CARTESIAN_POINT('',(0.482517775516613,2.29359107496427,9.8));
#5415=CARTESIAN_POINT('Origin',(0.390708399750594,2.21580990237188,9.8));
#5416=CARTESIAN_POINT('',(0.858249537482363,2.61191212640439,9.8));
#5417=CARTESIAN_POINT('Origin',(0.922890396231167,2.53561298237107,9.8));
#5418=CARTESIAN_POINT('',(1.02145231128843,2.5525111745893,9.8));
#5419=CARTESIAN_POINT('Origin',(1.20322862693476,2.08404557306676,9.8));
#5420=CARTESIAN_POINT('',(1.23787532072438,1.99023935467241,9.8));
#5421=CARTESIAN_POINT('',(1.1046667118775,2.06714738084853,9.8));
#5422=CARTESIAN_POINT('Origin',(0.99186099512807,2.72510814544657,9.8));
#5423=CARTESIAN_POINT('Origin',(1.73446659026522,2.06704924827762,9.8));
#5424=CARTESIAN_POINT('',(1.83286401665948,2.04921819449537,9.8));
#5425=CARTESIAN_POINT('',(1.69981989647561,2.16085546667197,9.8));
#5426=CARTESIAN_POINT('Origin',(1.86408891593443,2.22152712057431,9.8));
#5427=CARTESIAN_POINT('',(1.74505578053584,1.56466441790429,9.8));
#5428=CARTESIAN_POINT('Origin',(1.84345320693011,1.54683336412204,9.8));
#5429=CARTESIAN_POINT('',(1.84392683315876,1.44683448573735,9.8));
#5430=CARTESIAN_POINT('Origin',(1.7235999970177,1.44626457988913,9.8));
#5431=CARTESIAN_POINT('Origin',(0.922890396231165,-2.53562806618224,9.8));
#5432=CARTESIAN_POINT('',(0.858249537482361,-2.61192721021556,9.8));
#5433=CARTESIAN_POINT('Origin',(0.991848141593826,-2.72511233970581,9.8));
#5434=CARTESIAN_POINT('',(0.482517775516613,-2.29360615877544,9.8));
#5435=CARTESIAN_POINT('Origin',(0.417876916767809,-2.36990530280876,9.8));
#5436=CARTESIAN_POINT('',(0.331038534622392,-2.32031603596233,9.8));
#5437=CARTESIAN_POINT('Origin',(0.390708399750594,-2.21582498618305,9.8));
#5438=CARTESIAN_POINT('',(0.0868383821454165,-2.74794781012095,9.8));
#5439=CARTESIAN_POINT('Origin',(-3.46944695195361E-16,-2.69835854327452,
9.8));
#5440=CARTESIAN_POINT('',(-0.0868383821454172,-2.74794781012095,9.8));
#5441=CARTESIAN_POINT('Origin',(-0.417876916767809,-2.36990530280876,9.8));
#5442=CARTESIAN_POINT('',(-0.482517775516613,-2.29360615877544,9.8));
#5443=CARTESIAN_POINT('',(-0.331038534622392,-2.32031603596233,9.8));
#5444=CARTESIAN_POINT('Origin',(-8.61365392783309E-6,-2.89999999998721,
9.8));
#5445=CARTESIAN_POINT('Origin',(-0.922890396231165,-2.53562806618224,9.8));
#5446=CARTESIAN_POINT('',(-1.02145231128843,-2.55252625840047,9.8));
#5447=CARTESIAN_POINT('',(-0.858249537482362,-2.61192721021556,9.8));
#5448=CARTESIAN_POINT('Origin',(-0.9918638418346,-2.72510662530131,9.8));
#5449=CARTESIAN_POINT('',(-1.1046667118775,-2.0671624646597,9.8));
#5450=CARTESIAN_POINT('Origin',(-1.20322862693476,-2.08406065687793,9.8));
#5451=CARTESIAN_POINT('',(-1.23787532072438,-1.99025443848358,9.8));
#5452=CARTESIAN_POINT('Origin',(-1.125,-1.94856470042057,9.8));
#5453=CARTESIAN_POINT('',(-1.69981989647561,-2.16087055048314,9.8));
#5454=CARTESIAN_POINT('Origin',(-1.73446659026522,-2.06706433208879,9.8));
#5455=CARTESIAN_POINT('',(-1.83286401665948,-2.04923327830654,9.8));
#5456=CARTESIAN_POINT('Origin',(-1.84345320693011,-1.54684844793321,9.8));
#5457=CARTESIAN_POINT('',(-1.84392683315876,-1.44684956954852,9.8));
#5458=CARTESIAN_POINT('',(-1.74505578053584,-1.56467950171546,9.8));
#5459=CARTESIAN_POINT('Origin',(-1.86408618099288,-2.22152711210811,9.8));
#5460=CARTESIAN_POINT('Origin',(1.125,1.9485496166094,9.8));
#5461=CARTESIAN_POINT('Origin',(-0.390708399750594,2.21580990237188,9.8));
#5462=CARTESIAN_POINT('Origin',(-0.390708399750593,-2.21582498618305,9.8));
#5463=CARTESIAN_POINT('Origin',(-1.7235999970177,-1.4462796637003,9.8));
#5464=CARTESIAN_POINT('Origin',(0.,0.,0.));
#5465=CARTESIAN_POINT('',(-2.9,-3.55147571752732E-16,0.));
#5466=CARTESIAN_POINT('',(0.,0.,0.));
#5467=CARTESIAN_POINT('',(0.,0.,0.));
#5468=UNCERTAINTY_MEASURE_WITH_UNIT(LENGTH_MEASURE(0.01),#5476,
'DISTANCE_ACCURACY_VALUE',
'Maximum model space distance between geometric entities at asserted c
onnectivities');
#5469=UNCERTAINTY_MEASURE_WITH_UNIT(LENGTH_MEASURE(0.01),#5476,
'DISTANCE_ACCURACY_VALUE',
'Maximum model space distance between geometric entities at asserted c
onnectivities');
#5470=UNCERTAINTY_MEASURE_WITH_UNIT(LENGTH_MEASURE(0.01),#5476,
'DISTANCE_ACCURACY_VALUE',
'Maximum model space distance between geometric entities at asserted c
onnectivities');
#5471=UNCERTAINTY_MEASURE_WITH_UNIT(LENGTH_MEASURE(0.01),#5476,
'DISTANCE_ACCURACY_VALUE',
'Maximum model space distance between geometric entities at asserted c
onnectivities');
#5472=(
GEOMETRIC_REPRESENTATION_CONTEXT(3)
GLOBAL_UNCERTAINTY_ASSIGNED_CONTEXT((#5468))
GLOBAL_UNIT_ASSIGNED_CONTEXT((#5476,#5478,#5479))
REPRESENTATION_CONTEXT('','3D')
);
#5473=(
GEOMETRIC_REPRESENTATION_CONTEXT(3)
GLOBAL_UNCERTAINTY_ASSIGNED_CONTEXT((#5469))
GLOBAL_UNIT_ASSIGNED_CONTEXT((#5476,#5478,#5479))
REPRESENTATION_CONTEXT('','3D')
);
#5474=(
GEOMETRIC_REPRESENTATION_CONTEXT(3)
GLOBAL_UNCERTAINTY_ASSIGNED_CONTEXT((#5470))
GLOBAL_UNIT_ASSIGNED_CONTEXT((#5476,#5478,#5479))
REPRESENTATION_CONTEXT('','3D')
);
#5475=(
GEOMETRIC_REPRESENTATION_CONTEXT(3)
GLOBAL_UNCERTAINTY_ASSIGNED_CONTEXT((#5471))
GLOBAL_UNIT_ASSIGNED_CONTEXT((#5476,#5478,#5479))
REPRESENTATION_CONTEXT('','3D')
);
#5476=(
LENGTH_UNIT()
NAMED_UNIT(*)
SI_UNIT(.MILLI.,.METRE.)
);
#5477=(
LENGTH_UNIT()
NAMED_UNIT(*)
SI_UNIT($,.METRE.)
);
#5478=(
NAMED_UNIT(*)
PLANE_ANGLE_UNIT()
SI_UNIT($,.RADIAN.)
);
#5479=(
NAMED_UNIT(*)
SI_UNIT($,.STERADIAN.)
SOLID_ANGLE_UNIT()
);
#5480=SHAPE_DEFINITION_REPRESENTATION(#5483,#5488);
#5481=SHAPE_DEFINITION_REPRESENTATION(#5484,#5489);
#5482=SHAPE_DEFINITION_REPRESENTATION(#5485,#5490);
#5483=PRODUCT_DEFINITION_SHAPE('',$,#5492);
#5484=PRODUCT_DEFINITION_SHAPE('',$,#5493);
#5485=PRODUCT_DEFINITION_SHAPE('',$,#5494);
#5486=PRODUCT_DEFINITION_SHAPE($,$,#17);
#5487=PRODUCT_DEFINITION_SHAPE($,$,#18);
#5488=SHAPE_REPRESENTATION('',(#2947,#3191,#3192),#5472);
#5489=SHAPE_REPRESENTATION('',(#2948),#5473);
#5490=SHAPE_REPRESENTATION('',(#3070),#5474);
#5491=PRODUCT_DEFINITION_CONTEXT('part definition',#5502,'design');
#5492=PRODUCT_DEFINITION('WH148 PH1 Single-Joint Potentiometer',
'WH148 PH1 Single-Joint Potentiometer v2',#5495,#5491);
#5493=PRODUCT_DEFINITION('Base','Base',#5496,#5491);
#5494=PRODUCT_DEFINITION('Knob','Knob',#5497,#5491);
#5495=PRODUCT_DEFINITION_FORMATION('',$,#5504);
#5496=PRODUCT_DEFINITION_FORMATION('',$,#5505);
#5497=PRODUCT_DEFINITION_FORMATION('',$,#5506);
#5498=PRODUCT_RELATED_PRODUCT_CATEGORY(
'WH148 PH1 Single-Joint Potentiometer v2',
'WH148 PH1 Single-Joint Potentiometer v2',(#5504));
#5499=PRODUCT_RELATED_PRODUCT_CATEGORY('Base','Base',(#5505));
#5500=PRODUCT_RELATED_PRODUCT_CATEGORY('Knob','Knob',(#5506));
#5501=APPLICATION_PROTOCOL_DEFINITION('international standard',
'automotive_design',2009,#5502);
#5502=APPLICATION_CONTEXT(
'Core Data for Automotive Mechanical Design Process');
#5503=PRODUCT_CONTEXT('part definition',#5502,'mechanical');
#5504=PRODUCT('WH148 PH1 Single-Joint Potentiometer',
'WH148 PH1 Single-Joint Potentiometer v2',$,(#5503));
#5505=PRODUCT('Base','Base',$,(#5503));
#5506=PRODUCT('Knob','Knob',$,(#5503));
#5507=PRESENTATION_STYLE_ASSIGNMENT((#5508));
#5508=SURFACE_STYLE_USAGE(.BOTH.,#5509);
#5509=SURFACE_SIDE_STYLE('',(#5510));
#5510=SURFACE_STYLE_FILL_AREA(#5511);
#5511=FILL_AREA_STYLE('Steel - Satin',(#5512));
#5512=FILL_AREA_STYLE_COLOUR('Steel - Satin',#5513);
#5513=COLOUR_RGB('Steel - Satin',0.627450980392157,0.627450980392157,0.627450980392157);
ENDSEC;
END-ISO-10303-21;
